timestamp,agent.name,rule.description,rule.level,rule.id
"Sep 14, 2026 @ 16:21:59.826","Cyber-DC","Windows Logon Success","3","60106"
"Sep 14, 2026 @ 16:21:59.826","Cyber-DC","Windows User Logoff","3","60137"
"Sep 14, 2026 @ 16:21:05.958","Cyber-DC","Software protection service scheduled successfully.","3","60642"
"Sep 14, 2026 @ 16:20:59.813","Cyber-DC","Windows User Logoff","3","60137"
"Sep 14, 2026 @ 16:20:59.812","Cyber-DC","Windows Logon Success","3","60106"
"Sep 14, 2026 @ 16:19:59.805","Cyber-DC","Windows User Logoff","3","60137"
"Sep 14, 2026 @ 16:19:59.803","Cyber-DC","Windows Logon Success","3","60106"
"Sep 14, 2026 @ 16:18:59.790","Cyber-DC","Windows User Logoff","3","60137"
"Sep 14, 2026 @ 16:18:59.789","Cyber-DC","Windows Logon Success","3","60106"
"Sep 14, 2026 @ 16:18:29.850","Cyber-DC","Registry Key Integrity Checksum Changed","5","594"
"Sep 14, 2026 @ 16:18:11.806","Cyber-DC","Windows User Logoff","3","60137"
"Sep 14, 2026 @ 16:18:01.077","Cyber-DC","Windows User Logoff","3","60137"
"Sep 14, 2026 @ 16:18:01.073","Cyber-DC","Windows User Logoff","3","60137"
"Sep 14, 2026 @ 16:18:01.072","Cyber-DC","Windows Logon Success","3","60106"
"Sep 14, 2026 @ 16:18:01.063","Cyber-DC","Windows User Logoff","3","60137"
"Sep 14, 2026 @ 16:18:01.063","Cyber-DC","Windows User Logoff","3","60137"
"Sep 14, 2026 @ 16:18:01.056","Cyber-DC","Windows Logon Success","3","60106"
"Sep 14, 2026 @ 16:18:01.052","Cyber-DC","Windows Logon Success","3","60106"
"Sep 14, 2026 @ 16:18:01.049","Cyber-DC","Windows Logon Success","3","60106"
"Sep 14, 2026 @ 16:17:59.870","Cyber-DC","Windows User Logoff","3","60137"
"Sep 14, 2026 @ 16:17:59.856","Cyber-DC","Windows Logon Success","3","60106"
"Sep 14, 2026 @ 16:17:59.821","Cyber-DC","Windows User Logoff","3","60137"
"Sep 14, 2026 @ 16:17:59.806","Cyber-DC","Windows Logon Success","3","60106"
"Sep 14, 2026 @ 16:17:59.782","Cyber-DC","Windows User Logoff","3","60137"
"Sep 14, 2026 @ 16:17:59.781","Cyber-DC","Windows Logon Success","3","60106"
"Sep 14, 2026 @ 16:17:06.775","Cyber-DC","Windows User Logoff","3","60137"
"Sep 14, 2026 @ 16:16:59.944","Cyber-DC","Windows Logon Success","3","60106"
"Sep 14, 2026 @ 16:16:59.944","Cyber-DC","Windows User Logoff","3","60137"
"Sep 14, 2026 @ 16:16:55.961","Cyber-DC","Windows Logon Success","3","60106"
"Sep 14, 2026 @ 16:15:59.758","Cyber-DC","Windows User Logoff","3","60137"
"Sep 14, 2026 @ 16:15:59.757","Cyber-DC","Windows Logon Success","3","60106"
"Sep 14, 2026 @ 16:14:59.758","Cyber-DC","Windows User Logoff","3","60137"
"Sep 14, 2026 @ 16:14:59.755","Cyber-DC","Windows Logon Success","3","60106"
"Sep 14, 2026 @ 16:13:59.761","Cyber-DC","Windows User Logoff","3","60137"
"Sep 14, 2026 @ 16:13:59.760","Cyber-DC","Windows Logon Success","3","60106"
"Sep 14, 2026 @ 16:13:47.792","Cyber-DC","Registry Key Integrity Checksum Changed","5","594"
"Sep 14, 2026 @ 16:13:15.906","Cyber-DC","Windows User Logoff","3","60137"
"Sep 14, 2026 @ 16:13:01.074","Cyber-DC","Windows User Logoff","3","60137"
"Sep 14, 2026 @ 16:13:01.072","Cyber-DC","Windows User Logoff","3","60137"
"Sep 14, 2026 @ 16:13:01.056","Cyber-DC","Windows Logon Success","3","60106"
"Sep 14, 2026 @ 16:13:01.026","Cyber-DC","Windows User Logoff","3","60137"
"Sep 14, 2026 @ 16:13:01.010","Cyber-DC","Windows User Logoff","3","60137"
"Sep 14, 2026 @ 16:13:00.994","Cyber-DC","Windows Logon Success","3","60106"
"Sep 14, 2026 @ 16:13:00.991","Cyber-DC","Windows Logon Success","3","60106"
"Sep 14, 2026 @ 16:13:00.988","Cyber-DC","Windows Logon Success","3","60106"
"Sep 14, 2026 @ 16:12:59.801","Cyber-DC","Windows User Logoff","3","60137"
"Sep 14, 2026 @ 16:12:59.788","Cyber-DC","Windows Logon Success","3","60106"
"Sep 14, 2026 @ 16:12:59.767","Cyber-DC","Windows User Logoff","3","60137"
"Sep 14, 2026 @ 16:12:59.752","Cyber-DC","Windows Logon Success","3","60106"
"Sep 14, 2026 @ 16:12:59.742","Cyber-DC","Windows User Logoff","3","60137"
"Sep 14, 2026 @ 16:12:59.740","Cyber-DC","Windows Logon Success","3","60106"
"Sep 14, 2026 @ 16:12:34.453","Cyber-DC","Registry Value Integrity Checksum Changed","5","750"
"Sep 14, 2026 @ 16:12:34.410","Cyber-DC","Registry Key Integrity Checksum Changed","5","594"
"Sep 14, 2026 @ 16:11:59.736","Cyber-DC","Windows User Logoff","3","60137"
"Sep 14, 2026 @ 16:11:59.735","Cyber-DC","Windows Logon Success","3","60106"
"Sep 14, 2026 @ 16:10:59.729","Cyber-DC","Windows User Logoff","3","60137"
"Sep 14, 2026 @ 16:10:59.728","Cyber-DC","Windows Logon Success","3","60106"
"Sep 14, 2026 @ 16:10:03.971","Cyber-DC","Registry Value Integrity Checksum Changed","5","750"
"Sep 14, 2026 @ 16:10:03.968","Cyber-DC","Registry Key Integrity Checksum Changed","5","594"
"Sep 14, 2026 @ 16:09:59.748","Cyber-DC","Windows User Logoff","3","60137"
"Sep 14, 2026 @ 16:09:59.747","Cyber-DC","Windows Logon Success","3","60106"
"Sep 14, 2026 @ 16:08:11.609","Cyber-DC","Windows User Logoff","3","60137"
"Sep 14, 2026 @ 16:08:05.147","Cyber-DC","Registry Key Integrity Checksum Changed","5","594"
"Sep 14, 2026 @ 16:08:03.514","Cyber-DC","Registry Value Integrity Checksum Changed","5","750"
"Sep 14, 2026 @ 16:08:03.513","Cyber-DC","Registry Key Integrity Checksum Changed","5","594"
"Sep 14, 2026 @ 16:08:00.972","Cyber-DC","Windows User Logoff","3","60137"
"Sep 14, 2026 @ 16:08:00.965","Cyber-DC","Windows User Logoff","3","60137"
"Sep 14, 2026 @ 16:08:00.960","Cyber-DC","Windows Logon Success","3","60106"
"Sep 14, 2026 @ 16:08:00.951","Cyber-DC","Windows User Logoff","3","60137"
"Sep 14, 2026 @ 16:08:00.948","Cyber-DC","Windows User Logoff","3","60137"
"Sep 14, 2026 @ 16:08:00.941","Cyber-DC","Windows Logon Success","3","60106"
"Sep 14, 2026 @ 16:08:00.931","Cyber-DC","Windows Logon Success","3","60106"
"Sep 14, 2026 @ 16:08:00.926","Cyber-DC","Windows Logon Success","3","60106"
"Sep 14, 2026 @ 16:07:59.315","Cyber-DC","Windows User Logoff","3","60137"
"Sep 14, 2026 @ 16:07:59.299","Cyber-DC","Windows Logon Success","3","60106"
"Sep 14, 2026 @ 16:07:59.281","Cyber-DC","Windows Logon Success","3","60106"
"Sep 14, 2026 @ 16:07:59.281","Cyber-DC","Windows User Logoff","3","60137"
"Sep 14, 2026 @ 16:07:59.275","Cyber-DC","Windows User Logoff","3","60137"
"Sep 14, 2026 @ 16:07:59.274","Cyber-DC","Windows User Logoff","3","60137"
"Sep 14, 2026 @ 16:07:59.273","Cyber-DC","Windows Logon Success","3","60106"
"Sep 14, 2026 @ 16:06:55.947","Cyber-DC","Windows Logon Success","3","60106"
"Sep 14, 2026 @ 16:06:36.975","Cyber-DC","Windows Logon Success","3","60106"
"Sep 14, 2026 @ 16:06:35.574","Cyber-DC","Windows Logon Success","3","60106"
"Sep 14, 2026 @ 16:06:35.543","Cyber-DC","Windows Logon Success","3","60106"
"Sep 14, 2026 @ 16:06:35.537","Cyber-DC","Windows User Logoff","3","60137"
"Sep 14, 2026 @ 16:06:35.537","Cyber-DC","Windows Logon Success","3","60106"
"Sep 14, 2026 @ 16:06:09.982","Cyber-DC","Windows User Logoff","3","60137"
"Sep 14, 2026 @ 16:06:09.980","Cyber-DC","Windows Logon Success","3","60106"
"Sep 14, 2026 @ 16:05:09.956","Cyber-DC","Windows User Logoff","3","60137"
"Sep 14, 2026 @ 16:05:09.955","Cyber-DC","Windows Logon Success","3","60106"
"Sep 14, 2026 @ 16:04:16.284","Cyber-DC","Windows User Logoff","3","60137"
"Sep 14, 2026 @ 16:04:09.959","Cyber-DC","Windows User Logoff","3","60137"
"Sep 14, 2026 @ 16:04:09.957","Cyber-DC","Windows Logon Success","3","60106"
"Sep 14, 2026 @ 16:03:11.616","Cyber-DC","Windows User Logoff","3","60137"
"Sep 14, 2026 @ 16:03:09.945","Cyber-DC","Windows User Logoff","3","60137"
"Sep 14, 2026 @ 16:03:09.944","Cyber-DC","Windows Logon Success","3","60106"
"Sep 14, 2026 @ 16:03:00.963","Cyber-DC","Windows User Logoff","3","60137"
"Sep 14, 2026 @ 16:03:00.920","Cyber-DC","Windows User Logoff","3","60137"
"Sep 14, 2026 @ 16:03:00.903","Cyber-DC","Windows Logon Success","3","60106"
"Sep 14, 2026 @ 16:03:00.888","Cyber-DC","Windows User Logoff","3","60137"
"Sep 14, 2026 @ 16:03:00.856","Cyber-DC","Windows User Logoff","3","60137"
"Sep 14, 2026 @ 16:03:00.809","Cyber-DC","Windows Logon Success","3","60106"
"Sep 14, 2026 @ 16:03:00.802","Cyber-DC","Windows Logon Success","3","60106"
"Sep 14, 2026 @ 16:03:00.798","Cyber-DC","Windows Logon Success","3","60106"
"Sep 14, 2026 @ 16:02:47.942","Cyber-DC","Registry Key Integrity Checksum Changed","5","594"
"Sep 14, 2026 @ 16:02:43.245","Cyber-DC","Windows Logon Success","3","60106"
"Sep 14, 2026 @ 16:02:13.822","Cyber-DC","Windows User Logoff","3","60137"
"Sep 14, 2026 @ 16:02:13.819","Cyber-DC","Windows Logon Success","3","60106"
"Sep 14, 2026 @ 16:02:13.806","Cyber-DC","Windows User Logoff","3","60137"
"Sep 14, 2026 @ 16:02:13.802","Cyber-DC","Windows Logon Success","3","60106"
"Sep 14, 2026 @ 16:02:09.948","Cyber-DC","Windows User Logoff","3","60137"
"Sep 14, 2026 @ 16:02:09.947","Cyber-DC","Windows Logon Success","3","60106"
"Sep 14, 2026 @ 16:02:06.449","Cyber-DC","Windows Logon Success","3","60106"
"Sep 14, 2026 @ 16:01:09.908","Cyber-DC","Windows User Logoff","3","60137"
"Sep 14, 2026 @ 16:01:09.907","Cyber-DC","Windows Logon Success","3","60106"
"Sep 14, 2026 @ 16:00:09.979","Cyber-DC","Windows User Logoff","3","60137"
"Sep 14, 2026 @ 16:00:09.977","Cyber-DC","Windows Logon Success","3","60106"
"Sep 14, 2026 @ 15:59:32.275","Cyber-DC","Windows User Logoff","3","60137"
"Sep 14, 2026 @ 15:59:12.351","Cyber-DC","Registry Value Integrity Checksum Changed","5","750"
"Sep 14, 2026 @ 15:59:12.350","Cyber-DC","Registry Value Integrity Checksum Changed","5","750"
"Sep 14, 2026 @ 15:59:12.339","Cyber-DC","Registry Value Integrity Checksum Changed","5","750"
"Sep 14, 2026 @ 15:59:12.337","Cyber-DC","Registry Key Integrity Checksum Changed","5","594"
"Sep 14, 2026 @ 15:59:12.336","Cyber-DC","Registry Value Integrity Checksum Changed","5","750"
"Sep 14, 2026 @ 15:59:12.329","Cyber-DC","Registry Value Integrity Checksum Changed","5","750"
"Sep 14, 2026 @ 15:59:12.324","Cyber-DC","Registry Key Integrity Checksum Changed","5","594"
"Sep 14, 2026 @ 15:59:09.903","Cyber-DC","Windows User Logoff","3","60137"
"Sep 14, 2026 @ 15:59:09.902","Cyber-DC","Windows Logon Success","3","60106"
"Sep 14, 2026 @ 15:59:05.495","Cyber-DC","Registry Value Integrity Checksum Changed","5","750"
"Sep 14, 2026 @ 15:59:05.451","Cyber-DC","Registry Key Integrity Checksum Changed","5","594"
"Sep 14, 2026 @ 15:58:45.727","Cyber-DC","Security Enabled Global Group Changed","5","60148"
"Sep 14, 2026 @ 15:58:45.685","Cyber-DC","Domain Admins Group Changed","12","60159"
"Sep 14, 2026 @ 15:58:15.887","Cyber-DC","Windows User Logoff","3","60137"
"Sep 14, 2026 @ 15:58:12.018","Cyber-DC","Administrators Group Changed","12","60154"
"Sep 14, 2026 @ 15:58:12.018","Cyber-DC","Security Enabled Local Group Changed","5","60147"
"Sep 14, 2026 @ 15:58:09.904","Cyber-DC","Windows User Logoff","3","60137"
"Sep 14, 2026 @ 15:58:09.903","Cyber-DC","Windows Logon Success","3","60106"
"Sep 14, 2026 @ 15:58:00.876","Cyber-DC","Windows User Logoff","3","60137"
"Sep 14, 2026 @ 15:58:00.863","Cyber-DC","Windows User Logoff","3","60137"
"Sep 14, 2026 @ 15:58:00.860","Cyber-DC","Windows Logon Success","3","60106"
"Sep 14, 2026 @ 15:58:00.828","Cyber-DC","Windows User Logoff","3","60137"
"Sep 14, 2026 @ 15:58:00.813","Cyber-DC","Windows User Logoff","3","60137"
"Sep 14, 2026 @ 15:58:00.764","Cyber-DC","Windows Logon Success","3","60106"
"Sep 14, 2026 @ 15:58:00.755","Cyber-DC","Windows Logon Success","3","60106"
"Sep 14, 2026 @ 15:58:00.746","Cyber-DC","Windows Logon Success","3","60106"
"Sep 14, 2026 @ 15:58:00.742","Cyber-DC","Windows Logon Success","3","60106"
"Sep 14, 2026 @ 15:57:56.138","Cyber-DC","Registry Value Integrity Checksum Changed","5","750"
"Sep 14, 2026 @ 15:57:56.099","Cyber-DC","Registry Key Integrity Checksum Changed","5","594"
"Sep 14, 2026 @ 15:57:52.200","Cyber-DC","Registry Key Integrity Checksum Changed","5","594"
"Sep 14, 2026 @ 15:57:51.542","Cyber-DC","Registry Key Integrity Checksum Changed","5","594"
"Sep 14, 2026 @ 15:57:51.542","Cyber-DC","Registry Value Integrity Checksum Changed","5","750"
"Sep 14, 2026 @ 15:57:36.690","Cyber-DC","Software protection service scheduled successfully.","3","60642"
"Sep 14, 2026 @ 15:57:30.646","Cyber-DC","Summary event of the report's signatures.","4","60608"
"Sep 14, 2026 @ 15:57:27.420","Cyber-DC","Windows Logon Success","3","60106"
"Sep 14, 2026 @ 15:57:27.413","Cyber-DC","Summary event of the report's signatures.","4","60608"
"Sep 14, 2026 @ 15:57:27.413","Cyber-DC","Summary event of the report's signatures.","4","60608"
"Sep 14, 2026 @ 15:57:27.407","Cyber-DC","Windows application error event.","9","60602"
"Sep 14, 2026 @ 15:57:13.418","Cyber-DC","Windows User Logoff","3","60137"
"Sep 14, 2026 @ 15:57:13.416","Cyber-DC","Windows Logon Success","3","60106"
"Sep 14, 2026 @ 15:57:13.415","Cyber-DC","Windows User Logoff","3","60137"
"Sep 14, 2026 @ 15:57:13.411","Cyber-DC","Windows Logon Success","3","60106"
"Sep 14, 2026 @ 15:57:09.894","Cyber-DC","Windows User Logoff","3","60137"
"Sep 14, 2026 @ 15:57:09.891","Cyber-DC","Windows Logon Success","3","60106"
"Sep 14, 2026 @ 15:57:06.704","Cyber-DC","Windows User Logoff","3","60137"
"Sep 14, 2026 @ 15:56:55.936","Cyber-DC","Windows Logon Success","3","60106"
"Sep 14, 2026 @ 15:56:48.556","Cyber-DC","Windows User Logoff","3","60137"
"Sep 14, 2026 @ 15:56:48.552","Cyber-DC","Windows User Logoff","3","60137"
"Sep 14, 2026 @ 15:56:48.552","Cyber-DC","Windows User Logoff","3","60137"
"Sep 14, 2026 @ 15:56:48.542","Cyber-DC","Windows Logon Success","3","60106"
"Sep 14, 2026 @ 15:56:09.890","Cyber-DC","Windows Logon Success","3","60106"
"Sep 14, 2026 @ 15:56:09.890","Cyber-DC","Windows User Logoff","3","60137"
"Sep 14, 2026 @ 15:55:09.891","Cyber-DC","Windows User Logoff","3","60137"
"Sep 14, 2026 @ 15:55:09.887","Cyber-DC","Windows Logon Success","3","60106"
"Sep 14, 2026 @ 15:54:09.884","Cyber-DC","Windows Logon Success","3","60106"
"Sep 14, 2026 @ 15:54:09.884","Cyber-DC","Windows User Logoff","3","60137"
"Sep 14, 2026 @ 15:53:11.432","Cyber-DC","Windows User Logoff","3","60137"
"Sep 14, 2026 @ 15:53:09.878","Cyber-DC","Windows User Logoff","3","60137"
"Sep 14, 2026 @ 15:53:09.876","Cyber-DC","Windows Logon Success","3","60106"
"Sep 14, 2026 @ 15:53:00.690","Cyber-DC","Windows User Logoff","3","60137"
"Sep 14, 2026 @ 15:53:00.683","Cyber-DC","Windows User Logoff","3","60137"
"Sep 14, 2026 @ 15:53:00.682","Cyber-DC","Windows Logon Success","3","60106"
"Sep 14, 2026 @ 15:53:00.678","Cyber-DC","Windows User Logoff","3","60137"
"Sep 14, 2026 @ 15:53:00.677","Cyber-DC","Windows User Logoff","3","60137"
"Sep 14, 2026 @ 15:53:00.672","Cyber-DC","Windows Logon Success","3","60106"
"Sep 14, 2026 @ 15:53:00.669","Cyber-DC","Windows Logon Success","3","60106"
"Sep 14, 2026 @ 15:53:00.664","Cyber-DC","Windows Logon Success","3","60106"
"Sep 14, 2026 @ 15:52:56.495","Cyber-DC","Registry Key Integrity Checksum Changed","5","594"
"Sep 14, 2026 @ 15:52:12.899","Cyber-DC","Windows User Logoff","3","60137"
"Sep 14, 2026 @ 15:52:12.895","Cyber-DC","Windows Logon Success","3","60106"
"Sep 14, 2026 @ 15:52:12.889","Cyber-DC","Windows User Logoff","3","60137"
"Sep 14, 2026 @ 15:52:12.887","Cyber-DC","Windows Logon Success","3","60106"
"Sep 14, 2026 @ 15:52:09.892","Cyber-DC","Windows User Logoff","3","60137"
"Sep 14, 2026 @ 15:52:09.883","Cyber-DC","Windows Logon Success","3","60106"
"Sep 14, 2026 @ 15:52:06.463","Cyber-DC","Windows Logon Success","3","60106"
"Sep 14, 2026 @ 15:51:09.863","Cyber-DC","Windows User Logoff","3","60137"
"Sep 14, 2026 @ 15:51:09.861","Cyber-DC","Windows Logon Success","3","60106"
"Sep 14, 2026 @ 15:50:09.866","Cyber-DC","Windows User Logoff","3","60137"
"Sep 14, 2026 @ 15:50:09.865","Cyber-DC","Windows Logon Success","3","60106"
"Sep 14, 2026 @ 15:49:39.640","Cyber-DC","Windows Logon Success","3","60106"
"Sep 14, 2026 @ 15:49:39.632","Cyber-DC","Windows Logon Success","3","60106"
"Sep 14, 2026 @ 15:49:09.893","Cyber-DC","Windows User Logoff","3","60137"
"Sep 14, 2026 @ 15:49:09.891","Cyber-DC","Windows Logon Success","3","60106"
"Sep 14, 2026 @ 15:49:08.850","Cyber-DC","Software protection service scheduled successfully.","3","60642"
"Sep 14, 2026 @ 15:48:11.426","Cyber-DC","Windows User Logoff","3","60137"
"Sep 14, 2026 @ 15:48:09.840","Cyber-DC","Windows User Logoff","3","60137"
"Sep 14, 2026 @ 15:48:09.838","Cyber-DC","Windows Logon Success","3","60106"
"Sep 14, 2026 @ 15:48:01.285","Cyber-DC","Registry Key Integrity Checksum Changed","5","594"
"Sep 14, 2026 @ 15:48:00.711","Cyber-DC","Windows User Logoff","3","60137"
"Sep 14, 2026 @ 15:48:00.669","Cyber-DC","Windows User Logoff","3","60137"
"Sep 14, 2026 @ 15:48:00.668","Cyber-DC","Windows Logon Success","3","60106"
"Sep 14, 2026 @ 15:48:00.666","Cyber-DC","Windows User Logoff","3","60137"
"Sep 14, 2026 @ 15:48:00.664","Cyber-DC","Windows User Logoff","3","60137"
"Sep 14, 2026 @ 15:48:00.658","Cyber-DC","Windows Logon Success","3","60106"
"Sep 14, 2026 @ 15:48:00.654","Cyber-DC","Windows Logon Success","3","60106"
"Sep 14, 2026 @ 15:48:00.649","Cyber-DC","Windows Logon Success","3","60106"
"Sep 14, 2026 @ 15:47:55.349","Cyber-DC","Registry Key Integrity Checksum Changed","5","594"
"Sep 14, 2026 @ 15:47:12.467","Cyber-DC","Windows User Logoff","3","60137"
"Sep 14, 2026 @ 15:47:12.465","Cyber-DC","Windows Logon Success","3","60106"
"Sep 14, 2026 @ 15:47:12.461","Cyber-DC","Windows User Logoff","3","60137"
"Sep 14, 2026 @ 15:47:12.460","Cyber-DC","Windows Logon Success","3","60106"
"Sep 14, 2026 @ 15:47:09.837","Cyber-DC","Windows User Logoff","3","60137"
"Sep 14, 2026 @ 15:47:09.836","Cyber-DC","Windows Logon Success","3","60106"
"Sep 14, 2026 @ 15:47:06.662","Cyber-DC","Windows User Logoff","3","60137"
"Sep 14, 2026 @ 15:46:57.918","Cyber-DC","Windows Logon Success","3","60106"
"Sep 14, 2026 @ 15:46:55.924","Cyber-DC","Windows Logon Success","3","60106"
"Sep 14, 2026 @ 15:46:26.805","Cyber-DC","Windows Logon Success","3","60106"
"Sep 14, 2026 @ 15:46:26.800","Cyber-DC","Windows Logon Success","3","60106"
"Sep 14, 2026 @ 15:46:09.823","Cyber-DC","Windows User Logoff","3","60137"
"Sep 14, 2026 @ 15:46:09.822","Cyber-DC","Windows Logon Success","3","60106"
"Sep 14, 2026 @ 15:45:09.813","Cyber-DC","Windows User Logoff","3","60137"
"Sep 14, 2026 @ 15:45:09.812","Cyber-DC","Windows Logon Success","3","60106"
"Sep 14, 2026 @ 15:44:13.974","Cyber-DC","Windows User Logoff","3","60137"
"Sep 14, 2026 @ 15:44:09.813","Cyber-DC","Windows User Logoff","3","60137"
"Sep 14, 2026 @ 15:44:09.811","Cyber-DC","Windows Logon Success","3","60106"
"Sep 14, 2026 @ 15:43:59.625","Cyber-DC","Windows User Logoff","3","60137"
"Sep 14, 2026 @ 15:43:59.584","Cyber-DC","Windows User Logoff","3","60137"
"Sep 14, 2026 @ 15:43:15.869","Cyber-DC","Windows User Logoff","3","60137"
"Sep 14, 2026 @ 15:43:12.911","Cyber-DC","Registry Value Integrity Checksum Changed","5","750"
"Sep 14, 2026 @ 15:43:12.910","Cyber-DC","Registry Key Integrity Checksum Changed","5","594"
"Sep 14, 2026 @ 15:43:09.820","Cyber-DC","Windows User Logoff","3","60137"
"Sep 14, 2026 @ 15:43:09.817","Cyber-DC","Windows Logon Success","3","60106"
"Sep 14, 2026 @ 15:43:09.167","Cyber-DC","Registry Key Integrity Checksum Changed","5","594"
"Sep 14, 2026 @ 15:43:00.675","Cyber-DC","Windows User Logoff","3","60137"
"Sep 14, 2026 @ 15:43:00.661","Cyber-DC","Windows User Logoff","3","60137"
"Sep 14, 2026 @ 15:43:00.647","Cyber-DC","Windows Logon Success","3","60106"
"Sep 14, 2026 @ 15:43:00.629","Cyber-DC","Windows User Logoff","3","60137"
"Sep 14, 2026 @ 15:43:00.612","Cyber-DC","Windows User Logoff","3","60137"
"Sep 14, 2026 @ 15:43:00.564","Cyber-DC","Windows Logon Success","3","60106"
"Sep 14, 2026 @ 15:43:00.531","Cyber-DC","Windows Logon Success","3","60106"
"Sep 14, 2026 @ 15:43:00.522","Cyber-DC","Windows Logon Success","3","60106"
"Sep 14, 2026 @ 15:42:41.573","Cyber-DC","Windows Logon Success","3","60106"
"Sep 14, 2026 @ 15:42:25.240","Cyber-DC","Windows Logon Success","3","60106"
"Sep 14, 2026 @ 15:42:25.240","Cyber-DC","Windows User Logoff","3","60137"
"Sep 14, 2026 @ 15:42:11.853","Cyber-DC","Windows User Logoff","3","60137"
"Sep 14, 2026 @ 15:42:11.848","Cyber-DC","Windows Logon Success","3","60106"
"Sep 14, 2026 @ 15:42:11.806","Cyber-DC","Windows User Logoff","3","60137"
"Sep 14, 2026 @ 15:42:11.804","Cyber-DC","Windows Logon Success","3","60106"
"Sep 14, 2026 @ 15:42:09.836","Cyber-DC","Windows User Logoff","3","60137"
"Sep 14, 2026 @ 15:42:09.835","Cyber-DC","Windows Logon Success","3","60106"
"Sep 14, 2026 @ 15:42:06.575","Cyber-DC","Windows Logon Success","3","60106"
"Sep 14, 2026 @ 15:42:06.556","Cyber-DC","Windows Logon Success","3","60106"
"Sep 14, 2026 @ 15:42:06.553","Cyber-DC","Windows Logon Success","3","60106"
"Sep 14, 2026 @ 15:41:09.795","Cyber-DC","Windows User Logoff","3","60137"
"Sep 14, 2026 @ 15:41:09.790","Cyber-DC","Windows Logon Success","3","60106"
"Sep 14, 2026 @ 15:40:19.767","Cyber-Svr","Wazuh agent disconnected.","3","504"
"Sep 14, 2026 @ 15:40:19.766","Cyber-Linux-cilent","Wazuh agent disconnected.","3","504"
"Sep 14, 2026 @ 15:40:19.765","Cyber-Window-cilent","Wazuh agent disconnected.","3","504"
"Sep 14, 2026 @ 15:40:09.800","Cyber-DC","Windows Logon Success","3","60106"
"Sep 14, 2026 @ 15:40:09.800","Cyber-DC","Windows User Logoff","3","60137"
"Sep 14, 2026 @ 15:39:09.747","Cyber-DC","Windows User Logoff","3","60137"
"Sep 14, 2026 @ 15:39:09.746","Cyber-DC","Windows Logon Success","3","60106"
"Sep 14, 2026 @ 15:38:13.615","Cyber-DC","Registry Key Integrity Checksum Changed","5","594"
"Sep 14, 2026 @ 15:38:11.187","Cyber-DC","Windows User Logoff","3","60137"
"Sep 14, 2026 @ 15:38:09.792","Cyber-DC","Windows User Logoff","3","60137"
"Sep 14, 2026 @ 15:38:09.778","Cyber-DC","Windows Logon Success","3","60106"
"Sep 14, 2026 @ 15:38:07.609","Cyber-DC","Registry Key Integrity Checksum Changed","5","594"
"Sep 14, 2026 @ 15:38:00.687","Cyber-DC","Windows User Logoff","3","60137"
"Sep 14, 2026 @ 15:38:00.632","Cyber-DC","Windows User Logoff","3","60137"
"Sep 14, 2026 @ 15:38:00.618","Cyber-DC","Windows Logon Success","3","60106"
"Sep 14, 2026 @ 15:38:00.582","Cyber-DC","Windows User Logoff","3","60137"
"Sep 14, 2026 @ 15:38:00.554","Cyber-DC","Windows User Logoff","3","60137"
"Sep 14, 2026 @ 15:38:00.506","Cyber-DC","Windows Logon Success","3","60106"
"Sep 14, 2026 @ 15:38:00.491","Cyber-DC","Windows Logon Success","3","60106"
"Sep 14, 2026 @ 15:38:00.459","Cyber-DC","Windows Logon Success","3","60106"
"Sep 14, 2026 @ 15:37:41.139","Cyber-DC","Windows Logon Success","3","60106"
"Sep 14, 2026 @ 15:37:38.098","Cyber-DC","Windows Logon Success","3","60106"
"Sep 14, 2026 @ 15:37:11.692","Cyber-DC","Windows User Logoff","3","60137"
"Sep 14, 2026 @ 15:37:11.689","Cyber-DC","Windows Logon Success","3","60106"
"Sep 14, 2026 @ 15:37:11.684","Cyber-DC","Windows User Logoff","3","60137"
"Sep 14, 2026 @ 15:37:11.683","Cyber-DC","Windows Logon Success","3","60106"
"Sep 14, 2026 @ 15:37:09.774","Cyber-DC","Windows User Logoff","3","60137"
"Sep 14, 2026 @ 15:37:09.745","Cyber-DC","Windows Logon Success","3","60106"
"Sep 14, 2026 @ 15:37:06.669","Cyber-DC","Windows User Logoff","3","60137"
"Sep 14, 2026 @ 15:36:56.967","Cyber-DC","Windows Logon Success","3","60106"
"Sep 14, 2026 @ 15:36:55.917","Cyber-DC","Windows Logon Success","3","60106"
"Sep 14, 2026 @ 15:36:55.912","Cyber-DC","Windows Logon Success","3","60106"
"Sep 14, 2026 @ 15:36:26.474","Cyber-DC","User account changed","8","60110"
"Sep 14, 2026 @ 15:36:26.472","Cyber-DC","User account enabled or created","8","60109"
"Sep 14, 2026 @ 15:36:26.455","Cyber-DC","User account enabled or created","8","60109"
"Sep 14, 2026 @ 15:36:09.737","Cyber-DC","Windows User Logoff","3","60137"
"Sep 14, 2026 @ 15:36:09.736","Cyber-DC","Windows Logon Success","3","60106"
"Sep 14, 2026 @ 15:35:33.626","Cyber-DC","Registry Key Integrity Checksum Changed","5","594"
"Sep 14, 2026 @ 15:35:33.624","Cyber-DC","Registry Value Integrity Checksum Changed","5","750"
"Sep 14, 2026 @ 15:35:09.718","Cyber-DC","Windows User Logoff","3","60137"
"Sep 14, 2026 @ 15:35:09.718","Cyber-DC","Windows Logon Success","3","60106"
"Sep 14, 2026 @ 15:34:18.534","Cyber-DC","Registry Key Integrity Checksum Changed","5","594"
"Sep 14, 2026 @ 15:34:18.534","Cyber-DC","Registry Value Integrity Checksum Changed","5","750"
"Sep 14, 2026 @ 15:34:17.452","Cyber-DC","Registry Value Integrity Checksum Changed","5","750"
"Sep 14, 2026 @ 15:34:17.364","Cyber-DC","Registry Key Integrity Checksum Changed","5","594"
"Sep 14, 2026 @ 15:34:12.404","Cyber-DC","Windows User Logoff","3","60137"
"Sep 14, 2026 @ 15:34:09.707","Cyber-DC","Windows User Logoff","3","60137"
"Sep 14, 2026 @ 15:34:09.706","Cyber-DC","Windows Logon Success","3","60106"
"Sep 14, 2026 @ 15:33:11.521","Cyber-DC","Registry Value Integrity Checksum Changed","5","750"
"Sep 14, 2026 @ 15:33:11.477","Cyber-DC","Registry Key Integrity Checksum Changed","5","594"
"Sep 14, 2026 @ 15:33:11.464","Cyber-DC","Registry Key Integrity Checksum Changed","5","594"
"Sep 14, 2026 @ 15:33:11.464","Cyber-DC","Registry Value Entry Added to the System","5","752"
"Sep 14, 2026 @ 15:33:11.462","Cyber-DC","Registry Key Entry Added to the System","5","598"
"Sep 14, 2026 @ 15:33:11.432","Cyber-DC","Registry Key Entry Added to the System","5","598"
"Sep 14, 2026 @ 15:33:11.353","Cyber-DC","Registry Key Integrity Checksum Changed","5","594"
"Sep 14, 2026 @ 15:33:11.338","Cyber-DC","Registry Key Integrity Checksum Changed","5","594"
"Sep 14, 2026 @ 15:33:11.321","Cyber-DC","Registry Value Entry Added to the System","5","752"
"Sep 14, 2026 @ 15:33:11.305","Cyber-DC","Registry Value Entry Added to the System","5","752"
"Sep 14, 2026 @ 15:33:11.298","Cyber-DC","Registry Value Entry Added to the System","5","752"
"Sep 14, 2026 @ 15:33:11.298","Cyber-DC","Registry Value Entry Added to the System","5","752"
"Sep 14, 2026 @ 15:33:11.258","Cyber-DC","Registry Value Entry Added to the System","5","752"
"Sep 14, 2026 @ 15:33:11.159","Cyber-DC","Windows User Logoff","3","60137"
"Sep 14, 2026 @ 15:33:10.150","Cyber-DC","Registry Value Entry Added to the System","5","752"
"Sep 14, 2026 @ 15:33:10.144","Cyber-DC","Registry Value Entry Added to the System","5","752"
"Sep 14, 2026 @ 15:33:10.144","Cyber-DC","Registry Key Entry Added to the System","5","598"
"Sep 14, 2026 @ 15:33:10.105","Cyber-DC","Registry Value Entry Added to the System","5","752"
"Sep 14, 2026 @ 15:33:10.095","Cyber-DC","Registry Key Entry Added to the System","5","598"
"Sep 14, 2026 @ 15:33:09.772","Cyber-DC","Windows User Logoff","3","60137"
"Sep 14, 2026 @ 15:33:09.756","Cyber-DC","Windows Logon Success","3","60106"
"Sep 14, 2026 @ 15:33:09.665","Cyber-DC","Registry Key Integrity Checksum Changed","5","594"
"Sep 14, 2026 @ 15:33:09.623","Cyber-DC","Registry Key Entry Added to the System","5","598"
"Sep 14, 2026 @ 15:33:09.544","Cyber-DC","Registry Value Entry Added to the System","5","752"
"Sep 14, 2026 @ 15:33:09.530","Cyber-DC","Registry Value Entry Added to the System","5","752"
"Sep 14, 2026 @ 15:33:09.514","Cyber-DC","Registry Value Entry Added to the System","5","752"
"Sep 14, 2026 @ 15:33:09.509","Cyber-DC","Registry Value Entry Added to the System","5","752"
"Sep 14, 2026 @ 15:33:09.492","Cyber-DC","Registry Value Entry Added to the System","5","752"
"Sep 14, 2026 @ 15:33:09.477","Cyber-DC","Registry Value Entry Added to the System","5","752"
"Sep 14, 2026 @ 15:33:09.461","Cyber-DC","Registry Value Entry Added to the System","5","752"
"Sep 14, 2026 @ 15:33:09.448","Cyber-DC","Registry Key Entry Added to the System","5","598"
"Sep 14, 2026 @ 15:33:09.445","Cyber-DC","Registry Value Entry Added to the System","5","752"
"Sep 14, 2026 @ 15:33:09.431","Cyber-DC","Registry Key Entry Added to the System","5","598"
"Sep 14, 2026 @ 15:33:09.415","Cyber-DC","Registry Value Entry Added to the System","5","752"
"Sep 14, 2026 @ 15:33:09.400","Cyber-DC","Registry Value Entry Added to the System","5","752"
"Sep 14, 2026 @ 15:33:09.384","Cyber-DC","Registry Value Entry Added to the System","5","752"
"Sep 14, 2026 @ 15:33:09.373","Cyber-DC","Registry Value Entry Added to the System","5","752"
"Sep 14, 2026 @ 15:33:09.355","Cyber-DC","Registry Value Entry Added to the System","5","752"
"Sep 14, 2026 @ 15:33:09.352","Cyber-DC","Registry Value Entry Added to the System","5","752"
"Sep 14, 2026 @ 15:33:09.337","Cyber-DC","Registry Key Entry Added to the System","5","598"
"Sep 14, 2026 @ 15:33:09.337","Cyber-DC","Registry Value Entry Added to the System","5","752"
"Sep 14, 2026 @ 15:33:09.334","Cyber-DC","Registry Value Entry Added to the System","5","752"
"Sep 14, 2026 @ 15:33:09.289","Cyber-DC","Registry Key Entry Added to the System","5","598"
"Sep 14, 2026 @ 15:33:09.243","Cyber-DC","Registry Value Entry Added to the System","5","752"
"Sep 14, 2026 @ 15:33:09.229","Cyber-DC","Registry Value Entry Added to the System","5","752"
"Sep 14, 2026 @ 15:33:09.210","Cyber-DC","Registry Value Entry Added to the System","5","752"
"Sep 14, 2026 @ 15:33:09.204","Cyber-DC","Registry Value Entry Added to the System","5","752"
"Sep 14, 2026 @ 15:33:09.203","Cyber-DC","Registry Value Entry Added to the System","5","752"
"Sep 14, 2026 @ 15:33:09.163","Cyber-DC","Registry Value Entry Added to the System","5","752"
"Sep 14, 2026 @ 15:33:09.149","Cyber-DC","Registry Value Entry Added to the System","5","752"
"Sep 14, 2026 @ 15:33:09.146","Cyber-DC","Registry Key Entry Added to the System","5","598"
"Sep 14, 2026 @ 15:33:09.145","Cyber-DC","Registry Value Entry Added to the System","5","752"
"Sep 14, 2026 @ 15:33:09.121","Cyber-DC","Registry Key Entry Added to the System","5","598"
"Sep 14, 2026 @ 15:33:09.000","Cyber-DC","Registry Key Integrity Checksum Changed","5","594"
"Sep 14, 2026 @ 15:33:08.333","Cyber-DC","Registry Key Integrity Checksum Changed","5","594"
"Sep 14, 2026 @ 15:33:08.311","Cyber-DC","Registry Value Integrity Checksum Changed","5","750"
"Sep 14, 2026 @ 15:33:08.265","Cyber-DC","Registry Key Integrity Checksum Changed","5","594"
"Sep 14, 2026 @ 15:33:08.187","Cyber-DC","Registry Key Integrity Checksum Changed","5","594"
"Sep 14, 2026 @ 15:33:08.145","Cyber-DC","Registry Key Integrity Checksum Changed","5","594"
"Sep 14, 2026 @ 15:33:07.893","Cyber-DC","Registry Value Entry Added to the System","5","752"
"Sep 14, 2026 @ 15:33:07.893","Cyber-DC","Registry Value Entry Added to the System","5","752"
"Sep 14, 2026 @ 15:33:07.893","Cyber-DC","Registry Value Entry Added to the System","5","752"
"Sep 14, 2026 @ 15:33:07.849","Cyber-DC","Registry Value Entry Added to the System","5","752"
"Sep 14, 2026 @ 15:33:07.834","Cyber-DC","Registry Value Entry Added to the System","5","752"
"Sep 14, 2026 @ 15:33:07.820","Cyber-DC","Registry Value Entry Added to the System","5","752"
"Sep 14, 2026 @ 15:33:07.814","Cyber-DC","Registry Value Entry Added to the System","5","752"
"Sep 14, 2026 @ 15:33:07.308","Cyber-DC","Registry Key Entry Added to the System","5","598"
"Sep 14, 2026 @ 15:33:07.291","Cyber-DC","Registry Key Entry Added to the System","5","598"
"Sep 14, 2026 @ 15:33:07.279","Cyber-DC","Registry Value Entry Added to the System","5","752"
"Sep 14, 2026 @ 15:33:07.277","Cyber-DC","Registry Value Entry Added to the System","5","752"
"Sep 14, 2026 @ 15:33:07.265","Cyber-DC","Registry Value Entry Added to the System","5","752"
"Sep 14, 2026 @ 15:33:07.262","Cyber-DC","Registry Value Entry Added to the System","5","752"
"Sep 14, 2026 @ 15:33:07.246","Cyber-DC","Registry Value Entry Added to the System","5","752"
"Sep 14, 2026 @ 15:33:07.240","Cyber-DC","Registry Key Entry Added to the System","5","598"
"Sep 14, 2026 @ 15:33:07.240","Cyber-DC","Registry Value Entry Added to the System","5","752"
"Sep 14, 2026 @ 15:33:07.199","Cyber-DC","Registry Key Entry Added to the System","5","598"
"Sep 14, 2026 @ 15:33:07.150","Cyber-DC","Registry Value Entry Added to the System","5","752"
"Sep 14, 2026 @ 15:33:07.135","Cyber-DC","Registry Value Entry Added to the System","5","752"
"Sep 14, 2026 @ 15:33:07.119","Cyber-DC","Registry Value Entry Added to the System","5","752"
"Sep 14, 2026 @ 15:33:07.106","Cyber-DC","Registry Value Entry Added to the System","5","752"
"Sep 14, 2026 @ 15:33:07.104","Cyber-DC","Registry Value Entry Added to the System","5","752"
"Sep 14, 2026 @ 15:33:07.087","Cyber-DC","Registry Value Entry Added to the System","5","752"
"Sep 14, 2026 @ 15:33:07.073","Cyber-DC","Registry Value Entry Added to the System","5","752"
"Sep 14, 2026 @ 15:33:07.071","Cyber-DC","Registry Key Entry Added to the System","5","598"
"Sep 14, 2026 @ 15:33:07.069","Cyber-DC","Registry Value Entry Added to the System","5","752"
"Sep 14, 2026 @ 15:33:07.027","Cyber-DC","Registry Key Entry Added to the System","5","598"
"Sep 14, 2026 @ 15:33:07.008","Cyber-DC","Registry Value Entry Added to the System","5","752"
"Sep 14, 2026 @ 15:33:06.993","Cyber-DC","Registry Value Entry Added to the System","5","752"
"Sep 14, 2026 @ 15:33:06.977","Cyber-DC","Registry Value Entry Added to the System","5","752"
"Sep 14, 2026 @ 15:33:06.962","Cyber-DC","Registry Value Entry Added to the System","5","752"
"Sep 14, 2026 @ 15:33:06.949","Cyber-DC","Registry Value Entry Added to the System","5","752"
"Sep 14, 2026 @ 15:33:06.948","Cyber-DC","Registry Value Entry Added to the System","5","752"
"Sep 14, 2026 @ 15:33:06.931","Cyber-DC","Registry Value Entry Added to the System","5","752"
"Sep 14, 2026 @ 15:33:06.917","Cyber-DC","Registry Key Entry Added to the System","5","598"
"Sep 14, 2026 @ 15:33:06.915","Cyber-DC","Registry Key Entry Added to the System","5","598"
"Sep 14, 2026 @ 15:33:06.902","Cyber-DC","Registry Value Entry Added to the System","5","752"
"Sep 14, 2026 @ 15:33:06.884","Cyber-DC","Registry Value Entry Added to the System","5","752"
"Sep 14, 2026 @ 15:33:06.869","Cyber-DC","Registry Value Entry Added to the System","5","752"
"Sep 14, 2026 @ 15:33:06.869","Cyber-DC","Registry Value Entry Added to the System","5","752"
"Sep 14, 2026 @ 15:33:06.851","Cyber-DC","Registry Value Entry Added to the System","5","752"
"Sep 14, 2026 @ 15:33:06.836","Cyber-DC","Registry Key Entry Added to the System","5","598"
"Sep 14, 2026 @ 15:33:06.820","Cyber-DC","Registry Value Entry Added to the System","5","752"
"Sep 14, 2026 @ 15:33:06.804","Cyber-DC","Registry Key Entry Added to the System","5","598"
"Sep 14, 2026 @ 15:33:06.789","Cyber-DC","Registry Value Entry Added to the System","5","752"
"Sep 14, 2026 @ 15:33:06.774","Cyber-DC","Registry Value Entry Added to the System","5","752"
"Sep 14, 2026 @ 15:33:06.757","Cyber-DC","Registry Value Entry Added to the System","5","752"
"Sep 14, 2026 @ 15:33:06.744","Cyber-DC","Registry Value Entry Added to the System","5","752"
"Sep 14, 2026 @ 15:33:06.729","Cyber-DC","Registry Value Entry Added to the System","5","752"
"Sep 14, 2026 @ 15:33:06.711","Cyber-DC","Registry Value Entry Added to the System","5","752"
"Sep 14, 2026 @ 15:33:06.702","Cyber-DC","Registry Value Entry Added to the System","5","752"
"Sep 14, 2026 @ 15:33:06.702","Cyber-DC","Registry Key Entry Added to the System","5","598"
"Sep 14, 2026 @ 15:33:06.659","Cyber-DC","Registry Value Entry Added to the System","5","752"
"Sep 14, 2026 @ 15:33:06.644","Cyber-DC","Registry Key Entry Added to the System","5","598"
"Sep 14, 2026 @ 15:33:06.639","Cyber-DC","Registry Value Entry Added to the System","5","752"
"Sep 14, 2026 @ 15:33:06.597","Cyber-DC","Registry Value Entry Added to the System","5","752"
"Sep 14, 2026 @ 15:33:06.514","Cyber-DC","Registry Value Entry Added to the System","5","752"
"Sep 14, 2026 @ 15:33:05.580","Cyber-DC","Registry Value Entry Added to the System","5","752"
"Sep 14, 2026 @ 15:33:05.580","Cyber-DC","Registry Value Entry Added to the System","5","752"
"Sep 14, 2026 @ 15:33:05.538","Cyber-DC","Registry Value Entry Added to the System","5","752"
"Sep 14, 2026 @ 15:33:05.527","Cyber-DC","Registry Value Entry Added to the System","5","752"
"Sep 14, 2026 @ 15:33:05.523","Cyber-DC","Registry Key Entry Added to the System","5","598"
"Sep 14, 2026 @ 15:33:05.522","Cyber-DC","Registry Value Entry Added to the System","5","752"
"Sep 14, 2026 @ 15:33:05.498","Cyber-DC","Registry Key Entry Added to the System","5","598"
"Sep 14, 2026 @ 15:33:05.294","sec-box","PAM: Login session opened.","3","5501"
"Sep 14, 2026 @ 15:33:04.683","Cyber-DC","Registry Key Integrity Checksum Changed","5","594"
"Sep 14, 2026 @ 15:33:03.835","Cyber-DC","Registry Value Integrity Checksum Changed","5","750"
"Sep 14, 2026 @ 15:33:03.792","Cyber-DC","Registry Key Integrity Checksum Changed","5","594"
"Sep 14, 2026 @ 15:33:03.729","Cyber-DC","Registry Key Integrity Checksum Changed","5","594"
"Sep 14, 2026 @ 15:33:03.714","Cyber-DC","Registry Value Entry Added to the System","5","752"
"Sep 14, 2026 @ 15:33:03.699","Cyber-DC","Registry Value Entry Added to the System","5","752"
"Sep 14, 2026 @ 15:33:03.692","Cyber-DC","Registry Value Entry Added to the System","5","752"
"Sep 14, 2026 @ 15:33:03.668","Cyber-DC","Registry Value Entry Added to the System","5","752"
"Sep 14, 2026 @ 15:33:03.652","Cyber-DC","Registry Value Entry Added to the System","5","752"
"Sep 14, 2026 @ 15:33:03.637","Cyber-DC","Registry Value Entry Added to the System","5","752"
"Sep 14, 2026 @ 15:33:03.622","Cyber-DC","Registry Value Entry Added to the System","5","752"
"Sep 14, 2026 @ 15:33:03.604","Cyber-DC","Registry Key Entry Added to the System","5","598"
"Sep 14, 2026 @ 15:33:03.591","Cyber-DC","Registry Value Entry Added to the System","5","752"
"Sep 14, 2026 @ 15:33:03.584","Cyber-DC","Registry Key Entry Added to the System","5","598"
"Sep 14, 2026 @ 15:33:03.559","Cyber-DC","Registry Value Entry Added to the System","5","752"
"Sep 14, 2026 @ 15:33:03.544","Cyber-DC","Registry Value Entry Added to the System","5","752"
"Sep 14, 2026 @ 15:33:03.528","Cyber-DC","Registry Value Entry Added to the System","5","752"
"Sep 14, 2026 @ 15:33:03.511","Cyber-DC","Registry Value Entry Added to the System","5","752"
"Sep 14, 2026 @ 15:33:03.495","Cyber-DC","Registry Value Entry Added to the System","5","752"
"Sep 14, 2026 @ 15:33:03.480","Cyber-DC","Registry Value Entry Added to the System","5","752"
"Sep 14, 2026 @ 15:33:03.465","Cyber-DC","Registry Value Entry Added to the System","5","752"
"Sep 14, 2026 @ 15:33:03.456","Cyber-DC","Registry Key Entry Added to the System","5","598"
"Sep 14, 2026 @ 15:33:03.455","Cyber-DC","Registry Value Entry Added to the System","5","752"
"Sep 14, 2026 @ 15:33:03.411","Cyber-DC","Registry Key Entry Added to the System","5","598"
"Sep 14, 2026 @ 15:33:03.364","Cyber-DC","Registry Value Entry Added to the System","5","752"
"Sep 14, 2026 @ 15:33:03.362","Cyber-DC","Registry Value Entry Added to the System","5","752"
"Sep 14, 2026 @ 15:33:03.345","Cyber-DC","Registry Value Entry Added to the System","5","752"
"Sep 14, 2026 @ 15:33:03.329","Cyber-DC","Registry Value Entry Added to the System","5","752"
"Sep 14, 2026 @ 15:33:03.314","Cyber-DC","Registry Value Entry Added to the System","5","752"
"Sep 14, 2026 @ 15:33:03.298","Cyber-DC","Registry Value Entry Added to the System","5","752"
"Sep 14, 2026 @ 15:33:03.282","Cyber-DC","Registry Value Entry Added to the System","5","752"
"Sep 14, 2026 @ 15:33:03.266","Cyber-DC","Registry Key Entry Added to the System","5","598"
"Sep 14, 2026 @ 15:33:03.260","Cyber-DC","Registry Value Entry Added to the System","5","752"
"Sep 14, 2026 @ 15:33:03.245","Cyber-DC","Registry Key Entry Added to the System","5","598"
"Sep 14, 2026 @ 15:33:03.242","Cyber-DC","Registry Value Entry Added to the System","5","752"
"Sep 14, 2026 @ 15:33:03.232","Cyber-DC","Registry Value Entry Added to the System","5","752"
"Sep 14, 2026 @ 15:33:03.228","Cyber-DC","Registry Value Entry Added to the System","5","752"
"Sep 14, 2026 @ 15:33:03.226","Cyber-DC","Registry Value Entry Added to the System","5","752"
"Sep 14, 2026 @ 15:33:03.185","Cyber-DC","Registry Value Entry Added to the System","5","752"
"Sep 14, 2026 @ 15:33:03.173","Cyber-DC","Registry Value Entry Added to the System","5","752"
"Sep 14, 2026 @ 15:33:03.169","Cyber-DC","Registry Key Entry Added to the System","5","598"
"Sep 14, 2026 @ 15:33:03.169","Cyber-DC","Registry Value Entry Added to the System","5","752"
"Sep 14, 2026 @ 15:33:03.159","Cyber-DC","Registry Value Entry Added to the System","5","752"
"Sep 14, 2026 @ 15:33:02.712","Cyber-DC","Registry Key Entry Added to the System","5","598"
"Sep 14, 2026 @ 15:33:02.694","Cyber-DC","Registry Value Entry Added to the System","5","752"
"Sep 14, 2026 @ 15:33:02.678","Cyber-DC","Registry Value Entry Added to the System","5","752"
"Sep 14, 2026 @ 15:33:02.661","Cyber-DC","Registry Value Entry Added to the System","5","752"
"Sep 14, 2026 @ 15:33:02.645","Cyber-DC","Registry Value Entry Added to the System","5","752"
"Sep 14, 2026 @ 15:33:02.630","Cyber-DC","Registry Value Entry Added to the System","5","752"
"Sep 14, 2026 @ 15:33:02.616","Cyber-DC","Registry Value Entry Added to the System","5","752"
"Sep 14, 2026 @ 15:33:02.605","Cyber-DC","Registry Value Entry Added to the System","5","752"
"Sep 14, 2026 @ 15:33:02.605","Cyber-DC","Registry Key Entry Added to the System","5","598"
"Sep 14, 2026 @ 15:33:02.602","Cyber-DC","Registry Value Entry Added to the System","5","752"
"Sep 14, 2026 @ 15:33:02.585","Cyber-DC","Registry Key Entry Added to the System","5","598"
"Sep 14, 2026 @ 15:33:02.569","Cyber-DC","Registry Value Entry Added to the System","5","752"
"Sep 14, 2026 @ 15:33:02.557","Cyber-DC","Registry Value Entry Added to the System","5","752"
"Sep 14, 2026 @ 15:33:02.541","Cyber-DC","Registry Value Entry Added to the System","5","752"
"Sep 14, 2026 @ 15:33:02.538","Cyber-DC","Registry Value Entry Added to the System","5","752"
"Sep 14, 2026 @ 15:33:02.522","Cyber-DC","Registry Value Entry Added to the System","5","752"
"Sep 14, 2026 @ 15:33:02.508","Cyber-DC","Registry Value Entry Added to the System","5","752"
"Sep 14, 2026 @ 15:33:02.491","Cyber-DC","Registry Value Entry Added to the System","5","752"
"Sep 14, 2026 @ 15:33:02.487","Cyber-DC","Registry Key Entry Added to the System","5","598"
"Sep 14, 2026 @ 15:33:02.487","Cyber-DC","Registry Value Entry Added to the System","5","752"
"Sep 14, 2026 @ 15:33:02.445","Cyber-DC","Registry Key Entry Added to the System","5","598"
"Sep 14, 2026 @ 15:33:02.399","Cyber-DC","Registry Value Entry Added to the System","5","752"
"Sep 14, 2026 @ 15:33:02.384","Cyber-DC","Registry Value Entry Added to the System","5","752"
"Sep 14, 2026 @ 15:33:02.369","Cyber-DC","Registry Value Entry Added to the System","5","752"
"Sep 14, 2026 @ 15:33:02.367","Cyber-DC","Registry Value Entry Added to the System","5","752"
"Sep 14, 2026 @ 15:33:02.351","Cyber-DC","Registry Value Entry Added to the System","5","752"
"Sep 14, 2026 @ 15:33:02.337","Cyber-DC","Registry Value Entry Added to the System","5","752"
"Sep 14, 2026 @ 15:33:02.321","Cyber-DC","Registry Value Entry Added to the System","5","752"
"Sep 14, 2026 @ 15:33:02.308","Cyber-DC","Registry Key Entry Added to the System","5","598"
"Sep 14, 2026 @ 15:33:02.290","Cyber-DC","Registry Value Entry Added to the System","5","752"
"Sep 14, 2026 @ 15:33:02.275","Cyber-DC","Registry Key Entry Added to the System","5","598"
"Sep 14, 2026 @ 15:33:02.258","Cyber-DC","Registry Value Entry Added to the System","5","752"
"Sep 14, 2026 @ 15:33:02.243","Cyber-DC","Registry Value Entry Added to the System","5","752"
"Sep 14, 2026 @ 15:33:02.228","Cyber-DC","Registry Value Entry Added to the System","5","752"
"Sep 14, 2026 @ 15:33:02.210","Cyber-DC","Registry Value Entry Added to the System","5","752"
"Sep 14, 2026 @ 15:33:02.197","Cyber-DC","Registry Value Entry Added to the System","5","752"
"Sep 14, 2026 @ 15:33:02.179","Cyber-DC","Registry Value Entry Added to the System","5","752"
"Sep 14, 2026 @ 15:33:02.167","Cyber-DC","Registry Value Entry Added to the System","5","752"
"Sep 14, 2026 @ 15:33:02.163","Cyber-DC","Registry Key Entry Added to the System","5","598"
"Sep 14, 2026 @ 15:33:02.147","Cyber-DC","Registry Value Entry Added to the System","5","752"
"Sep 14, 2026 @ 15:33:02.140","Cyber-DC","Registry Key Entry Added to the System","5","598"
"Sep 14, 2026 @ 15:33:02.114","Cyber-DC","Registry Value Entry Added to the System","5","752"
"Sep 14, 2026 @ 15:33:02.103","Cyber-DC","Registry Value Entry Added to the System","5","752"
"Sep 14, 2026 @ 15:33:02.094","Cyber-DC","Registry Value Entry Added to the System","5","752"
"Sep 14, 2026 @ 15:33:02.094","Cyber-DC","Registry Value Entry Added to the System","5","752"
"Sep 14, 2026 @ 15:33:02.052","Cyber-DC","Registry Value Entry Added to the System","5","752"
"Sep 14, 2026 @ 15:33:02.038","Cyber-DC","Registry Value Entry Added to the System","5","752"
"Sep 14, 2026 @ 15:33:02.036","Cyber-DC","Registry Value Entry Added to the System","5","752"
"Sep 14, 2026 @ 15:33:02.035","Cyber-DC","Registry Key Entry Added to the System","5","598"
"Sep 14, 2026 @ 15:33:02.021","Cyber-DC","Registry Value Entry Added to the System","5","752"
"Sep 14, 2026 @ 15:33:01.554","Cyber-DC","Registry Key Entry Added to the System","5","598"
"Sep 14, 2026 @ 15:33:01.337","Cyber-DC","Registry Value Entry Added to the System","5","752"
"Sep 14, 2026 @ 15:33:01.320","Cyber-DC","Registry Value Entry Added to the System","5","752"
"Sep 14, 2026 @ 15:33:01.309","Cyber-DC","Registry Value Entry Added to the System","5","752"
"Sep 14, 2026 @ 15:33:01.290","Cyber-DC","Registry Value Entry Added to the System","5","752"
"Sep 14, 2026 @ 15:33:01.272","Cyber-DC","Registry Value Entry Added to the System","5","752"
"Sep 14, 2026 @ 15:33:01.257","Cyber-DC","Registry Value Entry Added to the System","5","752"
"Sep 14, 2026 @ 15:33:01.241","Cyber-DC","Registry Value Entry Added to the System","5","752"
"Sep 14, 2026 @ 15:33:01.226","Cyber-DC","Registry Key Entry Added to the System","5","598"
"Sep 14, 2026 @ 15:33:01.217","Cyber-DC","Registry Key Entry Added to the System","5","598"
"Sep 14, 2026 @ 15:33:01.216","Cyber-DC","Registry Value Entry Added to the System","5","752"
"Sep 14, 2026 @ 15:33:01.210","Cyber-DC","Registry Value Entry Added to the System","5","752"
"Sep 14, 2026 @ 15:33:01.197","Cyber-DC","Registry Value Entry Added to the System","5","752"
"Sep 14, 2026 @ 15:33:01.182","Cyber-DC","Registry Value Entry Added to the System","5","752"
"Sep 14, 2026 @ 15:33:01.164","Cyber-DC","Registry Value Entry Added to the System","5","752"
"Sep 14, 2026 @ 15:33:01.147","Cyber-DC","Registry Key Entry Added to the System","5","598"
"Sep 14, 2026 @ 15:33:01.139","Cyber-DC","Registry Value Entry Added to the System","5","752"
"Sep 14, 2026 @ 15:33:01.134","Cyber-DC","Registry Value Entry Added to the System","5","752"
"Sep 14, 2026 @ 15:33:01.133","Cyber-DC","Registry Value Entry Added to the System","5","752"
"Sep 14, 2026 @ 15:33:01.118","Cyber-DC","Registry Value Entry Added to the System","5","752"
"Sep 14, 2026 @ 15:33:01.103","Cyber-DC","Registry Value Entry Added to the System","5","752"
"Sep 14, 2026 @ 15:33:01.086","Cyber-DC","Registry Key Entry Added to the System","5","598"
"Sep 14, 2026 @ 15:33:01.079","Cyber-DC","Registry Value Entry Added to the System","5","752"
"Sep 14, 2026 @ 15:33:01.076","Cyber-DC","Registry Value Entry Added to the System","5","752"
"Sep 14, 2026 @ 15:33:01.076","Cyber-DC","Registry Value Entry Added to the System","5","752"
"Sep 14, 2026 @ 15:33:01.056","Cyber-DC","Registry Value Entry Added to the System","5","752"
"Sep 14, 2026 @ 15:33:01.040","Cyber-DC","Registry Value Entry Added to the System","5","752"
"Sep 14, 2026 @ 15:33:01.030","Cyber-DC","Registry Value Entry Added to the System","5","752"
"Sep 14, 2026 @ 15:33:01.030","Cyber-DC","Registry Key Entry Added to the System","5","598"
"Sep 14, 2026 @ 15:33:01.004","Cyber-DC","Registry Value Entry Added to the System","5","752"
"Sep 14, 2026 @ 15:33:00.986","Cyber-DC","Registry Value Entry Added to the System","5","752"
"Sep 14, 2026 @ 15:33:00.983","Cyber-DC","Registry Key Entry Added to the System","5","598"
"Sep 14, 2026 @ 15:33:00.982","Cyber-DC","Registry Value Entry Added to the System","5","752"
"Sep 14, 2026 @ 15:33:00.940","Cyber-DC","Registry Key Entry Added to the System","5","598"
"Sep 14, 2026 @ 15:33:00.906","Cyber-DC","Registry Value Integrity Checksum Changed","5","750"
"Sep 14, 2026 @ 15:33:00.889","Cyber-DC","Registry Key Integrity Checksum Changed","5","594"
"Sep 14, 2026 @ 15:33:00.874","Cyber-DC","Registry Value Integrity Checksum Changed","5","750"
"Sep 14, 2026 @ 15:33:00.863","Cyber-DC","Registry Value Integrity Checksum Changed","5","750"
"Sep 14, 2026 @ 15:33:00.861","Cyber-DC","Registry Value Integrity Checksum Changed","5","750"
"Sep 14, 2026 @ 15:33:00.860","Cyber-DC","Registry Value Integrity Checksum Changed","5","750"
"Sep 14, 2026 @ 15:33:00.834","Cyber-DC","Registry Value Integrity Checksum Changed","5","750"
"Sep 14, 2026 @ 15:33:00.797","Cyber-DC","Registry Value Integrity Checksum Changed","5","750"
"Sep 14, 2026 @ 15:33:00.715","Cyber-DC","Registry Value Integrity Checksum Changed","5","750"
"Sep 14, 2026 @ 15:33:00.698","Cyber-DC","Registry Value Integrity Checksum Changed","5","750"
"Sep 14, 2026 @ 15:33:00.693","Cyber-DC","Registry Value Integrity Checksum Changed","5","750"
"Sep 14, 2026 @ 15:33:00.693","Cyber-DC","Registry Value Integrity Checksum Changed","5","750"
"Sep 14, 2026 @ 15:33:00.659","Cyber-DC","Registry Key Integrity Checksum Changed","5","594"
"Sep 14, 2026 @ 15:33:00.470","Cyber-DC","Windows User Logoff","3","60137"
"Sep 14, 2026 @ 15:33:00.428","Cyber-DC","Windows Logon Success","3","60106"
"Sep 14, 2026 @ 15:33:00.428","Cyber-DC","Windows User Logoff","3","60137"
"Sep 14, 2026 @ 15:33:00.405","Cyber-DC","Windows User Logoff","3","60137"
"Sep 14, 2026 @ 15:33:00.390","Cyber-DC","Windows User Logoff","3","60137"
"Sep 14, 2026 @ 15:33:00.345","Cyber-DC","Windows Logon Success","3","60106"
"Sep 14, 2026 @ 15:33:00.310","Cyber-DC","Windows Logon Success","3","60106"
"Sep 14, 2026 @ 15:33:00.307","Cyber-DC","Windows Logon Success","3","60106"
"Sep 14, 2026 @ 15:32:57.100","Cyber-DC","Windows User Logoff","3","60137"
"Sep 14, 2026 @ 15:32:57.099","Cyber-DC","Windows User Logoff","3","60137"
"Sep 14, 2026 @ 15:32:57.068","Cyber-DC","Windows User Logoff","3","60137"
"Sep 14, 2026 @ 15:32:57.026","Cyber-DC","Windows Logon Success","3","60106"
"Sep 14, 2026 @ 15:32:47.838","Cyber-DC","Software protection service scheduled successfully.","3","60642"
"Sep 14, 2026 @ 15:32:39.092","Cyber-DC","Windows Logon Success","3","60106"
"Sep 14, 2026 @ 15:32:33.886","Cyber-DC","Non service account logged off.","3","67023"
"Sep 14, 2026 @ 15:32:33.842","Cyber-DC","Non service account logged off.","3","67023"
"Sep 14, 2026 @ 15:32:32.336","Cyber-DC","Non service account logged off.","3","67023"
"Sep 14, 2026 @ 15:32:32.336","Cyber-DC","Non service account logged off.","3","67023"
"Sep 14, 2026 @ 15:32:32.335","Cyber-DC","Non service account logged off.","3","67023"
"Sep 14, 2026 @ 15:32:31.220","Cyber-DC","Special privileges assigned to new logon.","3","67028"
"Sep 14, 2026 @ 15:32:31.171","Cyber-DC","Special privileges assigned to new logon.","3","67028"
"Sep 14, 2026 @ 15:32:31.163","Cyber-DC","Non network or service local logon.","3","67022"
"Sep 14, 2026 @ 15:32:31.160","Cyber-DC","Non network or service local logon.","3","67022"
"Sep 14, 2026 @ 15:32:31.142","Cyber-DC","Non network or service local logon.","3","67022"
"Sep 14, 2026 @ 15:32:31.122","Cyber-DC","Non network or service local logon.","3","67022"
"Sep 14, 2026 @ 15:32:29.204","Cyber-DC","User: CORP\Administrator logged using Remote Desktop Connection (RDP) from ip:11.0.0.10.","3","92653"
"Sep 14, 2026 @ 15:32:29.204","Cyber-DC","Special privileges assigned to new logon.","3","67028"
"Sep 14, 2026 @ 15:32:29.171","Cyber-DC","Windows Logon Success","3","60106"
"Sep 14, 2026 @ 15:32:29.121","Cyber-DC","Windows Logon Success","3","60106"
"Sep 14, 2026 @ 15:32:29.121","Cyber-DC","Special privileges assigned to new logon.","3","67028"
"Sep 14, 2026 @ 15:32:29.077","Cyber-DC","Special privileges assigned to new logon.","3","67028"
"Sep 14, 2026 @ 15:32:29.059","Cyber-DC","Non network or service local logon.","3","67022"
"Sep 14, 2026 @ 15:32:29.045","Cyber-DC","Non network or service local logon.","3","67022"
"Sep 14, 2026 @ 15:32:29.042","Cyber-DC","Non network or service local logon.","3","67022"
"Sep 14, 2026 @ 15:32:29.041","Cyber-DC","Non network or service local logon.","3","67022"
"Sep 14, 2026 @ 15:32:29.028","Cyber-DC","Windows Logon Success","3","60106"
"Sep 14, 2026 @ 15:32:27.722","Cyber-DC","Successful Remote Logon Detected - User:\Administrator - NTLM authentication, possible pass-the-hash attack - Possible RDP connection. Verify that attacker is allowed to perform RDP connections","6","92657"
"Sep 14, 2026 @ 15:32:27.712","Cyber-DC","Special privileges assigned to new logon.","3","67028"
"Sep 14, 2026 @ 15:32:19.366","Cyber-DC","Windows Logon Success","3","60106"
"Sep 14, 2026 @ 15:32:11.502","Cyber-DC","Windows User Logoff","3","60137"
"Sep 14, 2026 @ 15:32:11.459","Cyber-DC","Windows User Logoff","3","60137"
"Sep 14, 2026 @ 15:32:11.458","Cyber-DC","Windows Logon Success","3","60106"
"Sep 14, 2026 @ 15:32:11.432","Cyber-DC","Windows Logon Success","3","60106"
"Sep 14, 2026 @ 15:32:11.429","Cyber-DC","Windows User Logoff","3","60137"
"Sep 14, 2026 @ 15:32:11.426","Cyber-DC","Windows Logon Success","3","60106"
"Sep 14, 2026 @ 15:32:11.424","Cyber-DC","Windows User Logoff","3","60137"
"Sep 14, 2026 @ 15:32:11.397","Cyber-DC","Windows Logon Success","3","60106"
"Sep 14, 2026 @ 15:32:11.392","Cyber-DC","Windows User Logoff","3","60137"
"Sep 14, 2026 @ 15:32:11.391","Cyber-DC","Windows Logon Success","3","60106"
"Sep 14, 2026 @ 15:32:11.379","Cyber-DC","Windows User Logoff","3","60137"
"Sep 14, 2026 @ 15:32:11.378","Cyber-DC","Windows Logon Success","3","60106"
"Sep 14, 2026 @ 15:32:11.371","Cyber-DC","Windows Logon Success","3","60106"
"Sep 14, 2026 @ 15:32:11.367","Cyber-DC","Windows Logon Success","3","60106"
"Sep 14, 2026 @ 15:32:11.325","Cyber-DC","Windows Logon Success","3","60106"
"Sep 14, 2026 @ 15:32:11.307","Cyber-DC","Windows Logon Success","3","60106"
"Sep 14, 2026 @ 15:32:11.069","Cyber-DC","SLUI.exe launched.","3","60643"
"Sep 14, 2026 @ 15:32:10.891","Cyber-DC","SLUI.exe launched.","3","60643"
"Sep 14, 2026 @ 15:32:10.672","Cyber-DC","The database engine attached a database.","3","60798"
"Sep 14, 2026 @ 15:32:10.572","Cyber-DC","The database engine has completed recovery steps.","3","60809"
"Sep 14, 2026 @ 15:32:10.564","Cyber-DC","The database engine is replaying log file C:\Winnt\system32\wins\j50.log.","3","60808"
"Sep 14, 2026 @ 15:32:10.519","Cyber-DC","The database engine is replaying log file C:\Winnt\system32\wins\j50.log.","3","60808"
"Sep 14, 2026 @ 15:32:10.452","Cyber-DC","The database engine is initiating recovery steps.","3","60807"
"Sep 14, 2026 @ 15:32:10.419","Cyber-DC","The database engine is starting a new instance.","3","60805"
"Sep 14, 2026 @ 15:32:09.708","Cyber-DC","Windows User Logoff","3","60137"
"Sep 14, 2026 @ 15:32:09.683","Cyber-DC","Windows Logon Success","3","60106"
"Sep 14, 2026 @ 15:32:06.021","Cyber-DC","Windows Logon Success","3","60106"
"Sep 14, 2026 @ 15:32:00.989","Cyber-DC","Windows Logon Success","3","60106"
"Sep 14, 2026 @ 15:31:58.802","Cyber-DC","Windows Logon Success","3","60106"
"Sep 14, 2026 @ 15:31:58.798","Cyber-DC","Windows Logon Success","3","60106"
"Sep 14, 2026 @ 15:31:56.915","Cyber-DC","Windows Logon Success","3","60106"
"Sep 14, 2026 @ 15:31:56.745","Cyber-DC","License activation (slui.exe) failed.","5","60646"
"Sep 14, 2026 @ 15:31:55.851","Cyber-DC","Windows Logon Success","3","60106"
"Sep 14, 2026 @ 15:31:55.833","Cyber-DC","Windows Logon Success","3","60106"
"Sep 14, 2026 @ 15:31:55.818","Cyber-DC","Windows User Logoff","3","60137"
"Sep 14, 2026 @ 15:31:55.802","Cyber-DC","Windows Logon Success","3","60106"
"Sep 14, 2026 @ 15:31:54.434","Cyber-DC","Special privileges assigned to new logon.","3","67028"
"Sep 14, 2026 @ 15:31:54.431","Cyber-DC","Windows Workstation Logon Success","3","60118"
"Sep 14, 2026 @ 15:31:54.429","Cyber-DC","Windows Logon Success","3","60106"
"Sep 14, 2026 @ 15:31:46.635","Cyber-DC","Windows Logon Success","3","60106"
"Sep 14, 2026 @ 15:31:46.604","Cyber-DC","Windows Logon Success","3","60106"
"Sep 14, 2026 @ 15:31:46.574","Cyber-DC","Windows Logon Success","3","60106"
"Sep 14, 2026 @ 15:31:46.559","Cyber-DC","Windows User Logoff","3","60137"
"Sep 14, 2026 @ 15:31:46.542","Cyber-DC","Windows Logon Success","3","60106"
"Sep 14, 2026 @ 15:31:46.510","Cyber-DC","Windows User Logoff","3","60137"
"Sep 14, 2026 @ 15:31:46.495","Cyber-DC","Windows Logon Success","3","60106"
"Sep 14, 2026 @ 15:31:46.464","Cyber-DC","Windows User Logoff","3","60137"
"Sep 14, 2026 @ 15:31:46.450","Cyber-DC","Windows User Logoff","3","60137"
"Sep 14, 2026 @ 15:31:46.434","Cyber-DC","Windows User Logoff","3","60137"
"Sep 14, 2026 @ 15:31:46.403","Cyber-DC","Windows Logon Success","3","60106"
"Sep 14, 2026 @ 15:31:46.370","Cyber-DC","Windows Logon Success","3","60106"
"Sep 14, 2026 @ 15:31:46.340","Cyber-DC","Windows Logon Success","3","60106"
"Sep 14, 2026 @ 15:31:46.327","Cyber-DC","Windows User Logoff","3","60137"
"Sep 14, 2026 @ 15:31:46.310","Cyber-DC","Windows Logon Success","3","60106"
"Sep 14, 2026 @ 15:31:46.264","Cyber-DC","Windows Logon Success","3","60106"
"Sep 14, 2026 @ 15:31:46.203","Cyber-DC","Windows User Logoff","3","60137"
"Sep 14, 2026 @ 15:31:46.188","Cyber-DC","Windows Logon Success","3","60106"
"Sep 14, 2026 @ 15:31:46.161","Cyber-DC","Windows Logon Success","3","60106"
"Sep 14, 2026 @ 15:31:46.140","Cyber-DC","Windows Logon Success","3","60106"
"Sep 14, 2026 @ 15:31:46.123","Cyber-DC","Windows Logon Success","3","60106"
"Sep 14, 2026 @ 15:31:46.094","Cyber-DC","Windows Logon Success","3","60106"
"Sep 14, 2026 @ 15:31:46.089","Cyber-DC","Windows Logon Success","3","60106"
"Sep 14, 2026 @ 15:31:46.075","Cyber-DC","Windows User Logoff","3","60137"
"Sep 14, 2026 @ 15:31:46.062","Cyber-DC","Windows Logon Success","3","60106"
"Sep 14, 2026 @ 15:31:46.045","Cyber-DC","Windows User Logoff","3","60137"
"Sep 14, 2026 @ 15:31:46.026","Cyber-DC","Windows Logon Success","3","60106"
"Sep 14, 2026 @ 15:31:46.000","Cyber-DC","Windows Logon Success","3","60106"
"Sep 14, 2026 @ 15:31:45.950","Cyber-DC","Windows Logon Success","3","60106"
"Sep 14, 2026 @ 15:31:45.900","Cyber-DC","Windows Logon Success","3","60106"
"Sep 14, 2026 @ 15:31:45.807","Cyber-DC","Windows Logon Success","3","60106"
"Sep 14, 2026 @ 15:31:45.789","Cyber-DC","Windows User Logoff","3","60137"
"Sep 14, 2026 @ 15:31:45.775","Cyber-DC","Windows User Logoff","3","60137"
"Sep 14, 2026 @ 15:31:45.756","Cyber-DC","Windows Logon Success","3","60106"
"Sep 14, 2026 @ 15:31:45.730","Cyber-DC","Windows User Logoff","3","60137"
"Sep 14, 2026 @ 15:31:45.730","Cyber-DC","Windows User Logoff","3","60137"
"Sep 14, 2026 @ 15:31:45.660","Cyber-DC","Windows Logon Success","3","60106"
"Sep 14, 2026 @ 15:31:45.635","Cyber-DC","Windows Logon Success","3","60106"
"Sep 14, 2026 @ 15:31:45.613","Cyber-DC","Windows Logon Success","3","60106"
"Sep 14, 2026 @ 15:31:45.598","Cyber-DC","Windows Logon Success","3","60106"
"Sep 14, 2026 @ 15:31:45.565","Cyber-DC","Windows Logon Success","3","60106"
"Sep 14, 2026 @ 15:31:45.551","Cyber-DC","Windows Logon Success","3","60106"
"Sep 14, 2026 @ 15:31:45.474","Cyber-DC","Windows Logon Success","3","60106"
"Sep 14, 2026 @ 15:31:45.443","Cyber-DC","Windows Logon Success","3","60106"
"Sep 14, 2026 @ 15:31:45.412","Cyber-DC","Windows Logon Success","3","60106"
"Sep 14, 2026 @ 15:31:45.402","Cyber-DC","Windows Logon Success","3","60106"
"Sep 14, 2026 @ 15:31:45.399","Cyber-DC","Windows Logon Success","3","60106"
"Sep 14, 2026 @ 15:31:45.397","Cyber-DC","Windows Logon Success","3","60106"
"Sep 14, 2026 @ 15:31:45.394","Cyber-DC","Windows Logon Success","3","60106"
"Sep 14, 2026 @ 15:31:45.171","Cyber-DC","Windows Logon Success","3","60106"
"Sep 14, 2026 @ 15:31:43.764","Cyber-DC","Service startup type was changed","3","61104"
"Sep 14, 2026 @ 15:31:41.702","Cyber-DC","Summary event of the report's signatures.","4","60608"
"Sep 14, 2026 @ 15:31:41.691","Cyber-DC","Summary event of the report's signatures.","4","60608"
"Sep 14, 2026 @ 15:31:41.668","Cyber-DC","Summary event of the report's signatures.","4","60608"
"Sep 14, 2026 @ 15:31:41.666","Cyber-DC","Windows application error event.","9","60602"
"Sep 14, 2026 @ 15:31:41.666","Cyber-DC","License activation (slui.exe) failed.","5","60646"
"Sep 14, 2026 @ 15:31:40.768","Cyber-DC","Wazuh agent started.","3","503"
"Sep 14, 2026 @ 15:31:37.091","sec-box","Attached USB Storage","3","81101"
"Sep 14, 2026 @ 12:39:23.222","sec-box","USB device disconnected","3","81102"
"Sep 14, 2026 @ 12:38:55.294","Cyber-DC","Windows User Logoff","3","60137"
"Sep 14, 2026 @ 12:38:55.278","Cyber-DC","Windows Logon Success","3","60106"
"Sep 14, 2026 @ 12:38:55.260","Cyber-DC","Windows User Logoff","3","60137"
"Sep 14, 2026 @ 12:38:55.259","Cyber-DC","Windows Logon Success","3","60106"
"Sep 14, 2026 @ 12:38:55.251","Cyber-DC","Windows User Logoff","3","60137"
"Sep 14, 2026 @ 12:38:52.198","Cyber-DC","Windows User Logoff","3","60137"
"Sep 14, 2026 @ 12:38:47.773","Cyber-DC","Windows User Logoff","3","60137"
"Sep 14, 2026 @ 12:38:47.757","Cyber-DC","Windows User Logoff","3","60137"
"Sep 14, 2026 @ 12:38:47.740","Cyber-DC","Windows Logon Success","3","60106"
"Sep 14, 2026 @ 12:38:47.716","Cyber-DC","Windows User Logoff","3","60137"
"Sep 14, 2026 @ 12:38:47.715","Cyber-DC","Windows User Logoff","3","60137"
"Sep 14, 2026 @ 12:38:47.708","Cyber-DC","Windows Logon Success","3","60106"
"Sep 14, 2026 @ 12:38:47.704","Cyber-DC","Windows Logon Success","3","60106"
"Sep 14, 2026 @ 12:38:47.699","Cyber-DC","Windows Logon Success","3","60106"
"Sep 14, 2026 @ 12:38:44.449","Cyber-DC","Windows Logon Success","3","60106"
"Sep 14, 2026 @ 12:38:42.872","Cyber-DC","Windows User Logoff","3","60137"
"Sep 14, 2026 @ 12:38:42.870","Cyber-DC","Windows Logon Success","3","60106"
"Sep 14, 2026 @ 12:38:38.115","Cyber-DC","Windows User Logoff","3","60137"
"Sep 14, 2026 @ 12:38:38.114","Cyber-DC","Windows User Logoff","3","60137"
"Sep 14, 2026 @ 12:38:36.200","Cyber-DC","Windows User Logoff","3","60137"
"Sep 14, 2026 @ 12:38:09.513","Cyber-DC","Registry Value Integrity Checksum Changed","5","750"
"Sep 14, 2026 @ 12:38:09.512","Cyber-DC","Registry Key Integrity Checksum Changed","5","594"
"Sep 14, 2026 @ 12:38:09.469","Cyber-DC","Registry Value Integrity Checksum Changed","5","750"
"Sep 14, 2026 @ 12:38:09.427","Cyber-DC","Registry Key Integrity Checksum Changed","5","594"
"Sep 14, 2026 @ 12:37:52.732","Cyber-DC","Service startup type was changed","3","61104"
"Sep 14, 2026 @ 12:37:52.694","Cyber-DC","Windows User Logoff","3","60137"
"Sep 14, 2026 @ 12:37:52.693","Cyber-DC","Windows Logon Success","3","60106"
"Sep 14, 2026 @ 12:37:52.687","Cyber-DC","Windows User Logoff","3","60137"
"Sep 14, 2026 @ 12:37:52.686","Cyber-DC","Windows Logon Success","3","60106"
"Sep 14, 2026 @ 12:37:52.679","Cyber-DC","Windows Logon Success","3","60106"
"Sep 14, 2026 @ 12:37:42.867","Cyber-DC","Windows User Logoff","3","60137"
"Sep 14, 2026 @ 12:37:42.866","Cyber-DC","Windows Logon Success","3","60106"
"Sep 14, 2026 @ 12:37:17.197","Cyber-DC","Windows User Logoff","3","60137"
"Sep 14, 2026 @ 12:36:42.859","Cyber-DC","Windows User Logoff","3","60137"
"Sep 14, 2026 @ 12:36:42.857","Cyber-DC","Windows Logon Success","3","60106"
"Sep 14, 2026 @ 12:36:02.268","Cyber-Window-cilent","Windows Logon Success","3","60106"
"Sep 14, 2026 @ 12:35:57.176","Cyber-DC","Windows User Logoff","3","60137"
"Sep 14, 2026 @ 12:35:46.073","Cyber-DC","Registry Value Integrity Checksum Changed","5","750"
"Sep 14, 2026 @ 12:35:46.072","Cyber-DC","Registry Key Integrity Checksum Changed","5","594"
"Sep 14, 2026 @ 12:35:42.779","Cyber-DC","Windows User Logoff","3","60137"
"Sep 14, 2026 @ 12:35:42.777","Cyber-DC","Windows Logon Success","3","60106"
"Sep 14, 2026 @ 12:35:39.453","Cyber-DC","Windows User Logoff","3","60137"
"Sep 14, 2026 @ 12:35:36.823","Cyber-DC","Windows Logon Success","3","60106"
"Sep 14, 2026 @ 12:35:11.715","Cyber-DC","Service startup type was changed","3","61104"
"Sep 14, 2026 @ 12:34:45.250","Cyber-DC","Registry Value Integrity Checksum Changed","5","750"
"Sep 14, 2026 @ 12:34:45.249","Cyber-DC","Registry Value Integrity Checksum Changed","5","750"
"Sep 14, 2026 @ 12:34:45.234","Cyber-DC","Registry Value Integrity Checksum Changed","5","750"
"Sep 14, 2026 @ 12:34:45.233","Cyber-DC","Registry Key Integrity Checksum Changed","5","594"
"Sep 14, 2026 @ 12:34:45.225","Cyber-DC","Registry Value Integrity Checksum Changed","5","750"
"Sep 14, 2026 @ 12:34:45.220","Cyber-DC","Registry Value Integrity Checksum Changed","5","750"
"Sep 14, 2026 @ 12:34:45.220","Cyber-DC","Registry Key Integrity Checksum Changed","5","594"
"Sep 14, 2026 @ 12:34:42.757","Cyber-DC","Windows User Logoff","3","60137"
"Sep 14, 2026 @ 12:34:42.754","Cyber-DC","Windows Logon Success","3","60106"
"Sep 14, 2026 @ 12:34:40.313","Cyber-DC","Registry Key Integrity Checksum Changed","5","594"
"Sep 14, 2026 @ 12:34:35.835","Cyber-DC","Windows User Logoff","3","60137"
"Sep 14, 2026 @ 12:34:20.488","Cyber-Window-cilent","Registry Value Integrity Checksum Changed","5","750"
"Sep 14, 2026 @ 12:34:20.443","Cyber-Window-cilent","Registry Value Integrity Checksum Changed","5","750"
"Sep 14, 2026 @ 12:34:20.428","Cyber-Window-cilent","Registry Key Integrity Checksum Changed","5","594"
"Sep 14, 2026 @ 12:34:20.428","Cyber-Window-cilent","Registry Value Integrity Checksum Changed","5","750"
"Sep 14, 2026 @ 12:34:20.426","Cyber-Window-cilent","Registry Value Integrity Checksum Changed","5","750"
"Sep 14, 2026 @ 12:34:20.399","Cyber-Window-cilent","Registry Key Integrity Checksum Changed","5","594"
"Sep 14, 2026 @ 12:33:58.742","Cyber-DC","Windows User Logoff","3","60137"
"Sep 14, 2026 @ 12:33:55.604","Cyber-DC","Windows User Logoff","3","60137"
"Sep 14, 2026 @ 12:33:55.601","Cyber-DC","Windows Logon Success","3","60106"
"Sep 14, 2026 @ 12:33:55.597","Cyber-DC","Windows User Logoff","3","60137"
"Sep 14, 2026 @ 12:33:55.595","Cyber-DC","Windows Logon Success","3","60106"
"Sep 14, 2026 @ 12:33:53.095","Cyber-DC","Windows User Logoff","3","60137"
"Sep 14, 2026 @ 12:33:47.644","Cyber-DC","Windows User Logoff","3","60137"
"Sep 14, 2026 @ 12:33:47.629","Cyber-DC","Windows User Logoff","3","60137"
"Sep 14, 2026 @ 12:33:47.628","Cyber-DC","Windows Logon Success","3","60106"
"Sep 14, 2026 @ 12:33:47.610","Cyber-DC","Windows User Logoff","3","60137"
"Sep 14, 2026 @ 12:33:47.609","Cyber-DC","Windows User Logoff","3","60137"
"Sep 14, 2026 @ 12:33:47.604","Cyber-DC","Windows Logon Success","3","60106"
"Sep 14, 2026 @ 12:33:47.601","Cyber-DC","Windows Logon Success","3","60106"
"Sep 14, 2026 @ 12:33:47.595","Cyber-DC","Windows Logon Success","3","60106"
"Sep 14, 2026 @ 12:33:42.304","Cyber-DC","Windows User Logoff","3","60137"
"Sep 14, 2026 @ 12:33:42.303","Cyber-DC","Windows Logon Success","3","60106"
"Sep 14, 2026 @ 12:33:40.587","Cyber-DC","Windows User Logoff","3","60137"
"Sep 14, 2026 @ 12:33:40.587","Cyber-DC","Windows User Logoff","3","60137"
"Sep 14, 2026 @ 12:33:40.560","Cyber-DC","Windows User Logoff","3","60137"
"Sep 14, 2026 @ 12:33:38.997","Cyber-DC","Registry Key Integrity Checksum Changed","5","594"
"Sep 14, 2026 @ 12:33:38.997","Cyber-DC","Registry Value Integrity Checksum Changed","5","750"
"Sep 14, 2026 @ 12:33:34.794","Cyber-DC","Registry Value Integrity Checksum Changed","5","750"
"Sep 14, 2026 @ 12:33:34.792","Cyber-DC","Registry Key Integrity Checksum Changed","5","594"
"Sep 14, 2026 @ 12:33:34.699","Cyber-DC","Registry Value Integrity Checksum Changed","5","750"
"Sep 14, 2026 @ 12:33:34.696","Cyber-DC","Registry Key Integrity Checksum Changed","5","594"
"Sep 14, 2026 @ 12:33:16.171","Cyber-DC","Windows User Logoff","3","60137"
"Sep 14, 2026 @ 12:32:42.756","Cyber-DC","Windows User Logoff","3","60137"
"Sep 14, 2026 @ 12:32:42.755","Cyber-DC","Windows Logon Success","3","60106"
"Sep 14, 2026 @ 12:32:39.418","Cyber-DC","Service startup type was changed","3","61104"
"Sep 14, 2026 @ 12:32:39.386","Cyber-DC","Windows User Logoff","3","60137"
"Sep 14, 2026 @ 12:32:39.372","Cyber-DC","Windows Logon Success","3","60106"
"Sep 14, 2026 @ 12:32:39.366","Cyber-DC","Windows Logon Success","3","60106"
"Sep 14, 2026 @ 12:32:39.358","Cyber-DC","Windows Logon Success","3","60106"
"Sep 14, 2026 @ 12:31:54.842","Cyber-DC","Windows User Logoff","3","60137"
"Sep 14, 2026 @ 12:31:42.743","Cyber-DC","Windows Logon Success","3","60106"
"Sep 14, 2026 @ 12:31:42.743","Cyber-DC","Windows User Logoff","3","60137"
"Sep 14, 2026 @ 12:31:14.443","Cyber-DC","Windows User Logoff","3","60137"
"Sep 14, 2026 @ 12:30:59.675","Cyber-DC","Registry Value Integrity Checksum Changed","5","750"
"Sep 14, 2026 @ 12:30:59.634","Cyber-DC","Registry Key Integrity Checksum Changed","5","594"
"Sep 14, 2026 @ 12:30:42.814","Cyber-DC","Windows User Logoff","3","60137"
"Sep 14, 2026 @ 12:30:42.813","Cyber-DC","Windows Logon Success","3","60106"
"Sep 14, 2026 @ 12:30:34.850","Cyber-DC","Windows User Logoff","3","60137"
"Sep 14, 2026 @ 12:30:30.520","Cyber-DC","Service startup type was changed","3","61104"
"Sep 14, 2026 @ 12:29:42.725","Cyber-DC","Windows User Logoff","3","60137"
"Sep 14, 2026 @ 12:29:42.723","Cyber-DC","Windows Logon Success","3","60106"
"Sep 14, 2026 @ 12:29:36.267","Cyber-DC","Registry Key Integrity Checksum Changed","5","594"
"Sep 14, 2026 @ 12:29:14.828","Cyber-DC","Windows User Logoff","3","60137"
"Sep 14, 2026 @ 12:29:00.865","Cyber-Window-cilent","Registry Value Integrity Checksum Changed","5","750"
"Sep 14, 2026 @ 12:29:00.822","Cyber-Window-cilent","Registry Value Integrity Checksum Changed","5","750"
"Sep 14, 2026 @ 12:29:00.807","Cyber-Window-cilent","Registry Key Integrity Checksum Changed","5","594"
"Sep 14, 2026 @ 12:29:00.807","Cyber-Window-cilent","Registry Value Integrity Checksum Changed","5","750"
"Sep 14, 2026 @ 12:29:00.807","Cyber-Window-cilent","Registry Value Integrity Checksum Changed","5","750"
"Sep 14, 2026 @ 12:29:00.781","Cyber-Window-cilent","Registry Key Integrity Checksum Changed","5","594"
"Sep 14, 2026 @ 12:29:00.523","Cyber-DC","Windows User Logoff","3","60137"
"Sep 14, 2026 @ 12:28:55.200","Cyber-DC","Windows User Logoff","3","60137"
"Sep 14, 2026 @ 12:28:55.183","Cyber-DC","Windows Logon Success","3","60106"
"Sep 14, 2026 @ 12:28:55.168","Cyber-DC","Windows User Logoff","3","60137"
"Sep 14, 2026 @ 12:28:55.160","Cyber-DC","Windows User Logoff","3","60137"
"Sep 14, 2026 @ 12:28:55.159","Cyber-DC","Windows Logon Success","3","60106"
"Sep 14, 2026 @ 12:28:47.708","Cyber-DC","Windows User Logoff","3","60137"
"Sep 14, 2026 @ 12:28:47.667","Cyber-DC","Windows User Logoff","3","60137"
"Sep 14, 2026 @ 12:28:47.640","Cyber-DC","Windows Logon Success","3","60106"
"Sep 14, 2026 @ 12:28:47.624","Cyber-DC","Windows User Logoff","3","60137"
"Sep 14, 2026 @ 12:28:47.592","Cyber-DC","Windows User Logoff","3","60137"
"Sep 14, 2026 @ 12:28:47.561","Cyber-DC","Windows Logon Success","3","60106"
"Sep 14, 2026 @ 12:28:47.529","Cyber-DC","Windows Logon Success","3","60106"
"Sep 14, 2026 @ 12:28:47.519","Cyber-DC","Windows Logon Success","3","60106"
"Sep 14, 2026 @ 12:28:44.460","Cyber-DC","Windows Logon Success","3","60106"
"Sep 14, 2026 @ 12:28:42.722","Cyber-DC","Windows User Logoff","3","60137"
"Sep 14, 2026 @ 12:28:42.721","Cyber-DC","Windows Logon Success","3","60106"
"Sep 14, 2026 @ 12:28:29.957","Cyber-DC","Registry Value Integrity Checksum Changed","5","750"
"Sep 14, 2026 @ 12:28:29.953","Cyber-DC","Registry Key Integrity Checksum Changed","5","594"
"Sep 14, 2026 @ 12:28:29.858","Cyber-DC","Registry Value Integrity Checksum Changed","5","750"
"Sep 14, 2026 @ 12:28:29.814","Cyber-DC","Registry Key Integrity Checksum Changed","5","594"
"Sep 14, 2026 @ 12:28:14.287","Cyber-DC","Service startup type was changed","3","61104"
"Sep 14, 2026 @ 12:28:14.244","Cyber-DC","Windows User Logoff","3","60137"
"Sep 14, 2026 @ 12:28:14.243","Cyber-DC","Windows Logon Success","3","60106"
"Sep 14, 2026 @ 12:28:14.239","Cyber-DC","Windows Logon Success","3","60106"
"Sep 14, 2026 @ 12:28:14.229","Cyber-DC","Windows Logon Success","3","60106"
"Sep 14, 2026 @ 12:27:56.729","Cyber-DC","Windows User Logoff","3","60137"
"Sep 14, 2026 @ 12:27:42.714","Cyber-DC","Windows User Logoff","3","60137"
"Sep 14, 2026 @ 12:27:42.712","Cyber-DC","Windows Logon Success","3","60106"
"Sep 14, 2026 @ 12:27:41.234","Cyber-Window-cilent","Registry Value Integrity Checksum Changed","5","750"
"Sep 14, 2026 @ 12:27:41.233","Cyber-Window-cilent","Registry Key Integrity Checksum Changed","5","594"
"Sep 14, 2026 @ 12:27:41.233","Cyber-Window-cilent","Registry Value Integrity Checksum Changed","5","750"
"Sep 14, 2026 @ 12:27:41.202","Cyber-Window-cilent","Registry Key Integrity Checksum Changed","5","594"
"Sep 14, 2026 @ 12:26:42.698","Cyber-DC","Windows User Logoff","3","60137"
"Sep 14, 2026 @ 12:26:42.698","Cyber-DC","Windows Logon Success","3","60106"
"Sep 14, 2026 @ 12:26:35.618","Cyber-DC","Windows User Logoff","3","60137"
"Sep 14, 2026 @ 12:26:01.776","Cyber-DC","Service startup type was changed","3","61104"
"Sep 14, 2026 @ 12:26:01.775","Cyber-DC","Registry Value Integrity Checksum Changed","5","750"
"Sep 14, 2026 @ 12:26:01.731","Cyber-DC","Registry Key Integrity Checksum Changed","5","594"
"Sep 14, 2026 @ 12:25:42.720","Cyber-DC","Windows User Logoff","3","60137"
"Sep 14, 2026 @ 12:25:42.718","Cyber-DC","Windows Logon Success","3","60106"
"Sep 14, 2026 @ 12:25:36.779","Cyber-DC","Windows Logon Success","3","60106"
"Sep 14, 2026 @ 12:25:16.027","Cyber-DC","Windows User Logoff","3","60137"
"Sep 14, 2026 @ 12:25:00.037","Cyber-Window-cilent","Registry Value Integrity Checksum Changed","5","750"
"Sep 14, 2026 @ 12:24:59.991","Cyber-Window-cilent","Registry Value Integrity Checksum Changed","5","750"
"Sep 14, 2026 @ 12:24:59.976","Cyber-Window-cilent","Registry Value Integrity Checksum Changed","5","750"
"Sep 14, 2026 @ 12:24:59.976","Cyber-Window-cilent","Registry Value Integrity Checksum Changed","5","750"
"Sep 14, 2026 @ 12:24:59.976","Cyber-Window-cilent","Registry Key Integrity Checksum Changed","5","594"
"Sep 14, 2026 @ 12:24:59.947","Cyber-Window-cilent","Registry Key Integrity Checksum Changed","5","594"
"Sep 14, 2026 @ 12:24:42.723","Cyber-DC","Windows User Logoff","3","60137"
"Sep 14, 2026 @ 12:24:42.720","Cyber-DC","Windows Logon Success","3","60106"
"Sep 14, 2026 @ 12:24:40.387","Cyber-DC","Registry Key Integrity Checksum Changed","5","594"
"Sep 14, 2026 @ 12:24:39.776","Cyber-DC","Registry Value Integrity Checksum Changed","5","750"
"Sep 14, 2026 @ 12:24:39.775","Cyber-DC","Registry Key Integrity Checksum Changed","5","594"
"Sep 14, 2026 @ 12:24:39.719","Cyber-DC","Registry Value Integrity Checksum Changed","5","750"
"Sep 14, 2026 @ 12:24:39.678","Cyber-DC","Registry Key Integrity Checksum Changed","5","594"
"Sep 14, 2026 @ 12:23:58.201","Cyber-DC","Windows User Logoff","3","60137"
"Sep 14, 2026 @ 12:23:54.325","Cyber-DC","Windows User Logoff","3","60137"
"Sep 14, 2026 @ 12:23:54.312","Cyber-DC","Windows Logon Success","3","60106"
"Sep 14, 2026 @ 12:23:54.276","Cyber-DC","Windows User Logoff","3","60137"
"Sep 14, 2026 @ 12:23:54.274","Cyber-DC","Windows Logon Success","3","60106"
"Sep 14, 2026 @ 12:23:54.270","Cyber-DC","Windows User Logoff","3","60137"
"Sep 14, 2026 @ 12:23:47.552","Cyber-DC","Windows User Logoff","3","60137"
"Sep 14, 2026 @ 12:23:47.535","Cyber-DC","Windows User Logoff","3","60137"
"Sep 14, 2026 @ 12:23:47.520","Cyber-DC","Windows Logon Success","3","60106"
"Sep 14, 2026 @ 12:23:47.505","Cyber-DC","Windows User Logoff","3","60137"
"Sep 14, 2026 @ 12:23:47.505","Cyber-DC","Windows User Logoff","3","60137"
"Sep 14, 2026 @ 12:23:47.456","Cyber-DC","Windows Logon Success","3","60106"
"Sep 14, 2026 @ 12:23:47.451","Cyber-DC","Windows Logon Success","3","60106"
"Sep 14, 2026 @ 12:23:47.445","Cyber-DC","Windows Logon Success","3","60106"
"Sep 14, 2026 @ 12:23:45.528","Cyber-DC","Windows User Logoff","3","60137"
"Sep 14, 2026 @ 12:23:45.527","Cyber-DC","Windows Logon Success","3","60106"
"Sep 14, 2026 @ 12:23:45.523","Cyber-DC","Windows User Logoff","3","60137"
"Sep 14, 2026 @ 12:23:45.520","Cyber-DC","Windows Logon Success","3","60106"
"Sep 14, 2026 @ 12:23:45.515","Cyber-DC","Windows Logon Success","3","60106"
"Sep 14, 2026 @ 12:23:44.776","Cyber-DC","Service startup type was changed","3","61104"
"Sep 14, 2026 @ 12:23:42.656","Cyber-DC","Windows User Logoff","3","60137"
"Sep 14, 2026 @ 12:23:42.653","Cyber-DC","Windows Logon Success","3","60106"
"Sep 14, 2026 @ 12:23:33.595","Cyber-DC","Registry Value Integrity Checksum Changed","5","750"
"Sep 14, 2026 @ 12:23:33.552","Cyber-DC","Registry Key Integrity Checksum Changed","5","594"
"Sep 14, 2026 @ 12:22:42.796","Cyber-DC","Windows Logon Success","3","60106"
"Sep 14, 2026 @ 12:22:42.796","Cyber-DC","Windows User Logoff","3","60137"
"Sep 14, 2026 @ 12:22:34.263","Cyber-DC","Windows User Logoff","3","60137"
"Sep 14, 2026 @ 12:22:18.437","Cyber-DC","Registry Value Integrity Checksum Changed","5","750"
"Sep 14, 2026 @ 12:22:18.436","Cyber-DC","Registry Key Integrity Checksum Changed","5","594"
"Sep 14, 2026 @ 12:22:18.347","Cyber-DC","Registry Value Integrity Checksum Changed","5","750"
"Sep 14, 2026 @ 12:22:18.347","Cyber-DC","Registry Key Integrity Checksum Changed","5","594"
"Sep 14, 2026 @ 12:22:09.393","Cyber-DC","Service startup type was changed","3","61104"
"Sep 14, 2026 @ 12:21:42.660","Cyber-DC","Windows User Logoff","3","60137"
"Sep 14, 2026 @ 12:21:42.658","Cyber-DC","Windows Logon Success","3","60106"
"Sep 14, 2026 @ 12:21:23.221","Cyber-DC","Windows User Logoff","3","60137"
"Sep 14, 2026 @ 12:21:14.285","Cyber-DC","Windows User Logoff","3","60137"
"Sep 14, 2026 @ 12:21:09.975","Cyber-DC","Windows User Logoff","3","60137"
"Sep 14, 2026 @ 12:21:02.218","Cyber-Window-cilent","Windows Logon Success","3","60106"
"Sep 14, 2026 @ 12:20:59.297","Cyber-DC","Registry Value Integrity Checksum Changed","5","750"
"Sep 14, 2026 @ 12:20:59.295","Cyber-DC","Registry Key Integrity Checksum Changed","5","594"
"Sep 14, 2026 @ 12:20:59.236","Cyber-DC","Registry Value Integrity Checksum Changed","5","750"
"Sep 14, 2026 @ 12:20:59.194","Cyber-DC","Registry Key Integrity Checksum Changed","5","594"
"Sep 14, 2026 @ 12:20:57.052","Cyber-DC","Windows User Logoff","3","60137"
"Sep 14, 2026 @ 12:20:42.609","Cyber-DC","Windows User Logoff","3","60137"
"Sep 14, 2026 @ 12:20:42.606","Cyber-DC","Windows Logon Success","3","60106"
"Sep 14, 2026 @ 12:19:53.320","Cyber-DC","Service startup type was changed","3","61104"
"Sep 14, 2026 @ 12:19:53.278","Cyber-DC","Windows User Logoff","3","60137"
"Sep 14, 2026 @ 12:19:53.235","Cyber-DC","Windows User Logoff","3","60137"
"Sep 14, 2026 @ 12:19:53.234","Cyber-DC","Windows Logon Success","3","60106"
"Sep 14, 2026 @ 12:19:53.194","Cyber-DC","Windows Logon Success","3","60106"
"Sep 14, 2026 @ 12:19:53.157","Cyber-DC","Windows Logon Success","3","60106"
"Sep 14, 2026 @ 12:19:48.908","Cyber-DC","Registry Key Integrity Checksum Changed","5","594"
"Sep 14, 2026 @ 12:19:42.575","Cyber-DC","Windows User Logoff","3","60137"
"Sep 14, 2026 @ 12:19:42.574","Cyber-DC","Windows Logon Success","3","60106"
"Sep 14, 2026 @ 12:19:40.492","Cyber-Window-cilent","Registry Value Integrity Checksum Changed","5","750"
"Sep 14, 2026 @ 12:19:40.476","Cyber-Window-cilent","Registry Value Integrity Checksum Changed","5","750"
"Sep 14, 2026 @ 12:19:40.460","Cyber-Window-cilent","Registry Value Integrity Checksum Changed","5","750"
"Sep 14, 2026 @ 12:19:40.445","Cyber-Window-cilent","Registry Key Integrity Checksum Changed","5","594"
"Sep 14, 2026 @ 12:19:40.441","Cyber-Window-cilent","Registry Value Integrity Checksum Changed","5","750"
"Sep 14, 2026 @ 12:19:40.439","Cyber-Window-cilent","Registry Value Integrity Checksum Changed","5","750"
"Sep 14, 2026 @ 12:19:40.438","Cyber-Window-cilent","Registry Key Integrity Checksum Changed","5","594"
"Sep 14, 2026 @ 12:19:39.350","Cyber-Window-cilent","Registry Value Integrity Checksum Changed","5","750"
"Sep 14, 2026 @ 12:19:39.348","Cyber-Window-cilent","Registry Key Integrity Checksum Changed","5","594"
"Sep 14, 2026 @ 12:19:38.951","Cyber-DC","Windows Logon Success","3","60106"
"Sep 14, 2026 @ 12:19:13.926","Cyber-Window-cilent","Software protection service scheduled successfully.","3","60642"
"Sep 14, 2026 @ 12:19:00.547","Cyber-DC","Windows User Logoff","3","60137"
"Sep 14, 2026 @ 12:18:55.187","Cyber-DC","Windows User Logoff","3","60137"
"Sep 14, 2026 @ 12:18:53.196","Cyber-DC","Windows User Logoff","3","60137"
"Sep 14, 2026 @ 12:18:53.196","Cyber-DC","Windows Logon Success","3","60106"
"Sep 14, 2026 @ 12:18:53.190","Cyber-DC","Windows User Logoff","3","60137"
"Sep 14, 2026 @ 12:18:53.189","Cyber-DC","Windows Logon Success","3","60106"
"Sep 14, 2026 @ 12:18:53.185","Cyber-DC","Windows User Logoff","3","60137"
"Sep 14, 2026 @ 12:18:47.596","Cyber-DC","Windows User Logoff","3","60137"
"Sep 14, 2026 @ 12:18:47.579","Cyber-DC","Windows User Logoff","3","60137"
"Sep 14, 2026 @ 12:18:47.563","Cyber-DC","Windows Logon Success","3","60106"
"Sep 14, 2026 @ 12:18:47.529","Cyber-DC","Windows User Logoff","3","60137"
"Sep 14, 2026 @ 12:18:47.513","Cyber-DC","Windows User Logoff","3","60137"
"Sep 14, 2026 @ 12:18:47.463","Cyber-DC","Windows Logon Success","3","60106"
"Sep 14, 2026 @ 12:18:47.432","Cyber-DC","Windows Logon Success","3","60106"
"Sep 14, 2026 @ 12:18:47.425","Cyber-DC","Windows Logon Success","3","60106"
"Sep 14, 2026 @ 12:18:44.393","Cyber-DC","Windows Logon Success","3","60106"
"Sep 14, 2026 @ 12:18:42.387","Cyber-DC","Windows User Logoff","3","60137"
"Sep 14, 2026 @ 12:18:42.385","Cyber-DC","Windows Logon Success","3","60106"
"Sep 14, 2026 @ 12:18:41.541","Cyber-DC","Registry Value Integrity Checksum Changed","5","750"
"Sep 14, 2026 @ 12:18:41.498","Cyber-DC","Registry Key Integrity Checksum Changed","5","594"
"Sep 14, 2026 @ 12:18:37.842","Cyber-DC","Registry Value Integrity Checksum Changed","5","750"
"Sep 14, 2026 @ 12:18:37.840","Cyber-DC","Registry Key Integrity Checksum Changed","5","594"
"Sep 14, 2026 @ 12:18:33.729","Cyber-DC","Service startup type was changed","3","61104"
"Sep 14, 2026 @ 12:18:33.521","Cyber-DC","Windows User Logoff","3","60137"
"Sep 14, 2026 @ 12:17:42.547","Cyber-DC","Windows User Logoff","3","60137"
"Sep 14, 2026 @ 12:17:42.547","Cyber-DC","Windows Logon Success","3","60106"
"Sep 14, 2026 @ 12:17:24.417","Cyber-DC","Registry Key Integrity Checksum Changed","5","594"
"Sep 14, 2026 @ 12:17:24.417","Cyber-DC","Registry Value Integrity Checksum Changed","5","750"
"Sep 14, 2026 @ 12:17:24.324","Cyber-DC","Registry Value Integrity Checksum Changed","5","750"
"Sep 14, 2026 @ 12:17:24.322","Cyber-DC","Registry Key Integrity Checksum Changed","5","594"
"Sep 14, 2026 @ 12:17:17.519","Cyber-DC","Windows User Logoff","3","60137"
"Sep 14, 2026 @ 12:16:42.537","Cyber-DC","Windows User Logoff","3","60137"
"Sep 14, 2026 @ 12:16:42.525","Cyber-DC","Windows Logon Success","3","60106"
"Sep 14, 2026 @ 12:16:17.539","Cyber-DC","Service startup type was changed","3","61104"
"Sep 14, 2026 @ 12:16:17.505","Cyber-DC","Windows User Logoff","3","60137"
"Sep 14, 2026 @ 12:16:17.503","Cyber-DC","Windows Logon Success","3","60106"
"Sep 14, 2026 @ 12:16:17.498","Cyber-DC","Windows User Logoff","3","60137"
"Sep 14, 2026 @ 12:16:17.498","Cyber-DC","Windows Logon Success","3","60106"
"Sep 14, 2026 @ 12:16:17.491","Cyber-DC","Windows Logon Success","3","60106"
"Sep 14, 2026 @ 12:16:13.313","Cyber-DC","Registry Key Integrity Checksum Changed","5","594"
"Sep 14, 2026 @ 12:16:13.313","Cyber-DC","Registry Value Integrity Checksum Changed","5","750"
"Sep 14, 2026 @ 12:15:57.055","Cyber-DC","Windows User Logoff","3","60137"
"Sep 14, 2026 @ 12:15:42.515","Cyber-DC","Windows User Logoff","3","60137"
"Sep 14, 2026 @ 12:15:42.513","Cyber-DC","Windows Logon Success","3","60106"
"Sep 14, 2026 @ 12:15:36.777","Cyber-DC","Windows Logon Success","3","60106"
"Sep 14, 2026 @ 12:15:19.247","Cyber-DC","Windows User Logoff","3","60137"
"Sep 14, 2026 @ 12:15:14.668","Cyber-DC","Service startup type was changed","3","61104"
"Sep 14, 2026 @ 12:15:01.929","Cyber-DC","Registry Key Integrity Checksum Changed","5","594"
"Sep 14, 2026 @ 12:14:42.503","Cyber-DC","Windows User Logoff","3","60137"
"Sep 14, 2026 @ 12:14:42.503","Cyber-DC","Windows Logon Success","3","60106"
"Sep 14, 2026 @ 12:14:36.905","Cyber-DC","Windows User Logoff","3","60137"
"Sep 14, 2026 @ 12:14:21.551","Cyber-Window-cilent","Registry Value Integrity Checksum Changed","5","750"
"Sep 14, 2026 @ 12:14:21.536","Cyber-Window-cilent","Registry Value Integrity Checksum Changed","5","750"
"Sep 14, 2026 @ 12:14:21.520","Cyber-Window-cilent","Registry Value Integrity Checksum Changed","5","750"
"Sep 14, 2026 @ 12:14:21.504","Cyber-Window-cilent","Registry Key Integrity Checksum Changed","5","594"
"Sep 14, 2026 @ 12:14:21.490","Cyber-Window-cilent","Registry Value Integrity Checksum Changed","5","750"
"Sep 14, 2026 @ 12:14:21.489","Cyber-Window-cilent","Registry Key Integrity Checksum Changed","5","594"
"Sep 14, 2026 @ 12:14:04.897","Cyber-Window-cilent","Windows Logon Success","3","60106"
"Sep 14, 2026 @ 12:13:58.100","Cyber-DC","Windows User Logoff","3","60137"
"Sep 14, 2026 @ 12:13:53.614","Cyber-DC","Windows User Logoff","3","60137"
"Sep 14, 2026 @ 12:13:53.613","Cyber-DC","Windows Logon Success","3","60106"
"Sep 14, 2026 @ 12:13:53.609","Cyber-DC","Windows User Logoff","3","60137"
"Sep 14, 2026 @ 12:13:53.609","Cyber-DC","Windows Logon Success","3","60106"
"Sep 14, 2026 @ 12:13:47.409","Cyber-DC","Windows User Logoff","3","60137"
"Sep 14, 2026 @ 12:13:47.408","Cyber-DC","Windows User Logoff","3","60137"
"Sep 14, 2026 @ 12:13:47.403","Cyber-DC","Windows Logon Success","3","60106"
"Sep 14, 2026 @ 12:13:47.352","Cyber-DC","Windows User Logoff","3","60137"
"Sep 14, 2026 @ 12:13:47.342","Cyber-DC","Windows User Logoff","3","60137"
"Sep 14, 2026 @ 12:13:47.338","Cyber-DC","Windows Logon Success","3","60106"
"Sep 14, 2026 @ 12:13:47.333","Cyber-DC","Windows Logon Success","3","60106"
"Sep 14, 2026 @ 12:13:47.331","Cyber-DC","Windows Logon Success","3","60106"
"Sep 14, 2026 @ 12:13:47.324","Cyber-DC","Windows Logon Success","3","60106"
"Sep 14, 2026 @ 12:13:42.485","Cyber-DC","Windows User Logoff","3","60137"
"Sep 14, 2026 @ 12:13:42.477","Cyber-DC","Windows Logon Success","3","60106"
"Sep 14, 2026 @ 12:13:41.126","Cyber-DC","Registry Value Integrity Checksum Changed","5","750"
"Sep 14, 2026 @ 12:13:41.126","Cyber-DC","Registry Key Integrity Checksum Changed","5","594"
"Sep 14, 2026 @ 12:13:41.030","Cyber-DC","Registry Value Integrity Checksum Changed","5","750"
"Sep 14, 2026 @ 12:13:41.029","Cyber-DC","Registry Key Integrity Checksum Changed","5","594"
"Sep 14, 2026 @ 12:13:15.895","Cyber-DC","Windows User Logoff","3","60137"
"Sep 14, 2026 @ 12:12:54.491","Cyber-DC","Service startup type was changed","3","61104"
"Sep 14, 2026 @ 12:12:54.443","Cyber-DC","Windows User Logoff","3","60137"
"Sep 14, 2026 @ 12:12:54.427","Cyber-DC","Windows Logon Success","3","60106"
"Sep 14, 2026 @ 12:12:54.423","Cyber-DC","Windows User Logoff","3","60137"
"Sep 14, 2026 @ 12:12:54.422","Cyber-DC","Windows Logon Success","3","60106"
"Sep 14, 2026 @ 12:12:54.415","Cyber-DC","Windows Logon Success","3","60106"
"Sep 14, 2026 @ 12:12:42.468","Cyber-DC","Windows User Logoff","3","60137"
"Sep 14, 2026 @ 12:12:42.466","Cyber-DC","Windows Logon Success","3","60106"
"Sep 14, 2026 @ 12:12:39.244","Cyber-DC","Registry Value Integrity Checksum Changed","5","750"
"Sep 14, 2026 @ 12:12:39.243","Cyber-DC","Registry Key Integrity Checksum Changed","5","594"
"Sep 14, 2026 @ 12:12:39.165","Cyber-DC","Registry Value Integrity Checksum Changed","5","750"
"Sep 14, 2026 @ 12:12:39.164","Cyber-DC","Registry Key Integrity Checksum Changed","5","594"
"Sep 14, 2026 @ 12:12:11.676","Cyber-DC","Service startup type was changed","3","61104"
"Sep 14, 2026 @ 12:11:58.284","Cyber-DC","Windows User Logoff","3","60137"
"Sep 14, 2026 @ 12:11:42.416","Cyber-DC","Windows User Logoff","3","60137"
"Sep 14, 2026 @ 12:11:42.415","Cyber-DC","Windows Logon Success","3","60106"
"Sep 14, 2026 @ 12:11:27.345","Cyber-DC","Windows Logon Success","3","60106"
"Sep 14, 2026 @ 12:11:10.941","Cyber-DC","Registry Value Integrity Checksum Changed","5","750"
"Sep 14, 2026 @ 12:11:10.940","Cyber-DC","Registry Key Integrity Checksum Changed","5","594"
"Sep 14, 2026 @ 12:10:42.406","Cyber-DC","Windows User Logoff","3","60137"
"Sep 14, 2026 @ 12:10:42.400","Cyber-DC","Windows Logon Success","3","60106"
"Sep 14, 2026 @ 12:10:42.397","Cyber-DC","Windows User Logoff","3","60137"
"Sep 14, 2026 @ 12:10:25.618","Cyber-Window-cilent","Registry Value Integrity Checksum Changed","5","750"
"Sep 14, 2026 @ 12:10:25.615","Cyber-Window-cilent","Registry Key Integrity Checksum Changed","5","594"
"Sep 14, 2026 @ 12:10:25.614","Cyber-Window-cilent","Registry Value Integrity Checksum Changed","5","750"
"Sep 14, 2026 @ 12:10:25.583","Cyber-Window-cilent","Registry Key Integrity Checksum Changed","5","594"
"Sep 14, 2026 @ 12:10:11.961","Cyber-DC","Registry Value Integrity Checksum Changed","5","750"
"Sep 14, 2026 @ 12:10:11.920","Cyber-DC","Registry Key Integrity Checksum Changed","5","594"
"Sep 14, 2026 @ 12:09:49.139","Cyber-DC","Windows User Logoff","3","60137"
"Sep 14, 2026 @ 12:09:49.138","Cyber-DC","Windows User Logoff","3","60137"
"Sep 14, 2026 @ 12:09:42.413","Cyber-DC","Windows User Logoff","3","60137"
"Sep 14, 2026 @ 12:09:42.411","Cyber-DC","Windows Logon Success","3","60106"
"Sep 14, 2026 @ 12:09:38.338","Cyber-Window-cilent","Software protection service scheduled successfully.","3","60642"
"Sep 14, 2026 @ 12:09:21.556","Cyber-DC","Windows User Logoff","3","60137"
"Sep 14, 2026 @ 12:09:21.547","Cyber-DC","Windows Logon Success","3","60106"
"Sep 14, 2026 @ 12:09:12.619","Cyber-Window-cilent","Registry Value Integrity Checksum Changed","5","750"
"Sep 14, 2026 @ 12:09:12.619","Cyber-Window-cilent","Registry Value Integrity Checksum Changed","5","750"
"Sep 14, 2026 @ 12:09:12.619","Cyber-Window-cilent","Registry Value Integrity Checksum Changed","5","750"
"Sep 14, 2026 @ 12:09:12.599","Cyber-Window-cilent","Registry Key Integrity Checksum Changed","5","594"
"Sep 14, 2026 @ 12:09:12.591","Cyber-Window-cilent","Registry Value Integrity Checksum Changed","5","750"
"Sep 14, 2026 @ 12:09:12.590","Cyber-Window-cilent","Registry Key Integrity Checksum Changed","5","594"
"Sep 14, 2026 @ 12:09:08.557","Cyber-DC","Windows User Logoff","3","60137"
"Sep 14, 2026 @ 12:09:03.834","Cyber-DC","Windows User Logoff","3","60137"
"Sep 14, 2026 @ 12:09:03.833","Cyber-DC","Windows User Logoff","3","60137"
"Sep 14, 2026 @ 12:09:00.481","Cyber-DC","Windows User Logoff","3","60137"
"Sep 14, 2026 @ 12:08:55.147","Cyber-DC","Windows User Logoff","3","60137"
"Sep 14, 2026 @ 12:08:53.142","Cyber-DC","Registry Key Integrity Checksum Changed","5","594"
"Sep 14, 2026 @ 12:08:52.852","Cyber-DC","Windows User Logoff","3","60137"
"Sep 14, 2026 @ 12:08:52.850","Cyber-DC","Windows Logon Success","3","60106"
"Sep 14, 2026 @ 12:08:52.840","Cyber-DC","Windows User Logoff","3","60137"
"Sep 14, 2026 @ 12:08:52.839","Cyber-DC","Windows Logon Success","3","60106"
"Sep 14, 2026 @ 12:08:47.374","Cyber-DC","Windows User Logoff","3","60137"
"Sep 14, 2026 @ 12:08:47.357","Cyber-DC","Windows User Logoff","3","60137"
"Sep 14, 2026 @ 12:08:47.342","Cyber-DC","Windows Logon Success","3","60106"
"Sep 14, 2026 @ 12:08:47.328","Cyber-DC","Windows User Logoff","3","60137"
"Sep 14, 2026 @ 12:08:47.309","Cyber-DC","Windows User Logoff","3","60137"
"Sep 14, 2026 @ 12:08:47.261","Cyber-DC","Windows Logon Success","3","60106"
"Sep 14, 2026 @ 12:08:47.239","Cyber-DC","Windows Logon Success","3","60106"
"Sep 14, 2026 @ 12:08:47.233","Cyber-DC","Windows Logon Success","3","60106"
"Sep 14, 2026 @ 12:08:44.408","Cyber-DC","Windows Logon Success","3","60106"
"Sep 14, 2026 @ 12:08:42.443","Cyber-DC","Windows User Logoff","3","60137"
"Sep 14, 2026 @ 12:08:42.442","Cyber-DC","Windows Logon Success","3","60106"
"Sep 14, 2026 @ 12:07:54.239","Cyber-DC","Windows User Logoff","3","60137"
"Sep 14, 2026 @ 12:07:42.389","Cyber-DC","Windows User Logoff","3","60137"
"Sep 14, 2026 @ 12:07:42.389","Cyber-DC","Windows Logon Success","3","60106"
"Sep 14, 2026 @ 12:07:39.988","Cyber-DC","Registry Value Integrity Checksum Changed","5","750"
"Sep 14, 2026 @ 12:07:39.987","Cyber-DC","Registry Value Integrity Checksum Changed","5","750"
"Sep 14, 2026 @ 12:07:39.945","Cyber-DC","Registry Key Integrity Checksum Changed","5","594"
"Sep 14, 2026 @ 12:06:46.122","Cyber-DC","Windows User Logoff","3","60137"
"Sep 14, 2026 @ 12:06:42.378","Cyber-DC","Windows User Logoff","3","60137"
"Sep 14, 2026 @ 12:06:42.376","Cyber-DC","Windows Logon Success","3","60106"
"Sep 14, 2026 @ 12:06:40.406","Cyber-DC","Registry Value Integrity Checksum Changed","5","750"
"Sep 14, 2026 @ 12:06:40.406","Cyber-DC","Registry Value Integrity Checksum Changed","5","750"
"Sep 14, 2026 @ 12:06:40.362","Cyber-DC","Registry Key Integrity Checksum Changed","5","594"
"Sep 14, 2026 @ 12:06:02.115","Cyber-Window-cilent","Windows Logon Success","3","60106"
"Sep 14, 2026 @ 12:05:42.362","Cyber-DC","Windows User Logoff","3","60137"
"Sep 14, 2026 @ 12:05:42.358","Cyber-DC","Windows Logon Success","3","60106"
"Sep 14, 2026 @ 12:05:39.502","Cyber-DC","Windows Logon Success","3","60106"
"Sep 14, 2026 @ 12:05:17.669","Cyber-DC","Windows Logon Success","3","60106"
"Sep 14, 2026 @ 12:05:17.664","Cyber-DC","Windows Logon Success","3","60106"
"Sep 14, 2026 @ 12:05:13.719","Cyber-DC","Windows User Logoff","3","60137"
"Sep 14, 2026 @ 12:05:00.806","Cyber-DC","Registry Value Integrity Checksum Changed","5","750"
"Sep 14, 2026 @ 12:05:00.795","Cyber-DC","Registry Value Integrity Checksum Changed","5","750"
"Sep 14, 2026 @ 12:05:00.793","Cyber-DC","Registry Value Integrity Checksum Changed","5","750"
"Sep 14, 2026 @ 12:05:00.789","Cyber-DC","Registry Key Integrity Checksum Changed","5","594"
"Sep 14, 2026 @ 12:05:00.778","Cyber-DC","Registry Value Integrity Checksum Changed","5","750"
"Sep 14, 2026 @ 12:05:00.776","Cyber-DC","Registry Key Integrity Checksum Changed","5","594"
"Sep 14, 2026 @ 12:04:58.016","Cyber-Window-cilent","Registry Value Integrity Checksum Changed","5","750"
"Sep 14, 2026 @ 12:04:57.042","Cyber-Window-cilent","Registry Value Integrity Checksum Changed","5","750"
"Sep 14, 2026 @ 12:04:57.031","Cyber-Window-cilent","Registry Value Integrity Checksum Changed","5","750"
"Sep 14, 2026 @ 12:04:57.029","Cyber-Window-cilent","Registry Value Integrity Checksum Changed","5","750"
"Sep 14, 2026 @ 12:04:57.028","Cyber-Window-cilent","Registry Key Integrity Checksum Changed","5","594"
"Sep 14, 2026 @ 12:04:57.005","Cyber-Window-cilent","Registry Key Integrity Checksum Changed","5","594"
"Sep 14, 2026 @ 12:04:55.897","Cyber-DC","Registry Key Integrity Checksum Changed","5","594"
"Sep 14, 2026 @ 12:04:55.169","Cyber-DC","Registry Value Integrity Checksum Changed","5","750"
"Sep 14, 2026 @ 12:04:55.167","Cyber-DC","Registry Key Integrity Checksum Changed","5","594"
"Sep 14, 2026 @ 12:04:42.334","Cyber-DC","Windows User Logoff","3","60137"
"Sep 14, 2026 @ 12:04:42.318","Cyber-DC","Windows Logon Success","3","60106"
"Sep 14, 2026 @ 12:04:05.718","Cyber-DC","Windows User Logoff","3","60137"
"Sep 14, 2026 @ 12:03:57.910","Cyber-DC","Windows User Logoff","3","60137"
"Sep 14, 2026 @ 12:03:52.689","Cyber-DC","Windows User Logoff","3","60137"
"Sep 14, 2026 @ 12:03:52.647","Cyber-DC","Windows User Logoff","3","60137"
"Sep 14, 2026 @ 12:03:52.644","Cyber-DC","Windows Logon Success","3","60106"
"Sep 14, 2026 @ 12:03:52.641","Cyber-DC","Windows User Logoff","3","60137"
"Sep 14, 2026 @ 12:03:52.640","Cyber-DC","Windows Logon Success","3","60106"
"Sep 14, 2026 @ 12:03:47.240","Cyber-DC","Windows User Logoff","3","60137"
"Sep 14, 2026 @ 12:03:47.200","Cyber-DC","Windows User Logoff","3","60137"
"Sep 14, 2026 @ 12:03:47.198","Cyber-DC","Windows Logon Success","3","60106"
"Sep 14, 2026 @ 12:03:47.196","Cyber-DC","Windows User Logoff","3","60137"
"Sep 14, 2026 @ 12:03:47.193","Cyber-DC","Windows User Logoff","3","60137"
"Sep 14, 2026 @ 12:03:47.189","Cyber-DC","Windows Logon Success","3","60106"
"Sep 14, 2026 @ 12:03:47.189","Cyber-DC","Windows Logon Success","3","60106"
"Sep 14, 2026 @ 12:03:47.188","Cyber-DC","Windows Logon Success","3","60106"
"Sep 14, 2026 @ 12:03:39.901","Cyber-DC","Registry Value Integrity Checksum Changed","5","750"
"Sep 14, 2026 @ 12:03:39.897","Cyber-DC","Registry Key Integrity Checksum Changed","5","594"
"Sep 14, 2026 @ 12:03:38.288","Cyber-DC","Windows User Logoff","3","60137"
"Sep 14, 2026 @ 12:03:38.288","Cyber-DC","Windows Logon Success","3","60106"
"Sep 14, 2026 @ 12:03:35.310","Cyber-DC","Registry Value Integrity Checksum Changed","5","750"
"Sep 14, 2026 @ 12:03:35.308","Cyber-DC","Registry Key Integrity Checksum Changed","5","594"
"Sep 14, 2026 @ 12:02:38.283","Cyber-DC","Windows User Logoff","3","60137"
"Sep 14, 2026 @ 12:02:38.283","Cyber-DC","Windows Logon Success","3","60106"
"Sep 14, 2026 @ 12:02:34.621","Cyber-DC","Windows User Logoff","3","60137"
"Sep 14, 2026 @ 12:02:23.838","Cyber-DC","Registry Value Integrity Checksum Changed","5","750"
"Sep 14, 2026 @ 12:02:23.834","Cyber-DC","Registry Key Integrity Checksum Changed","5","594"
"Sep 14, 2026 @ 12:01:49.718","Cyber-DC","Windows Logon Success","3","60106"
"Sep 14, 2026 @ 12:01:38.234","Cyber-DC","Windows User Logoff","3","60137"
"Sep 14, 2026 @ 12:01:38.234","Cyber-DC","Windows Logon Success","3","60106"
"Sep 14, 2026 @ 12:01:30.302","Cyber-DC","Windows User Logoff","3","60137"
"Sep 14, 2026 @ 12:00:56.072","Cyber-DC","Registry Value Integrity Checksum Changed","5","750"
"Sep 14, 2026 @ 12:00:56.070","Cyber-DC","Registry Key Integrity Checksum Changed","5","594"
"Sep 14, 2026 @ 12:00:38.224","Cyber-DC","Windows User Logoff","3","60137"
"Sep 14, 2026 @ 12:00:38.222","Cyber-DC","Windows Logon Success","3","60106"
"Sep 14, 2026 @ 12:00:05.228","Cyber-DC","Windows User Logoff","3","60137"
"Sep 14, 2026 @ 12:00:05.228","Cyber-DC","Windows User Logoff","3","60137"
"Sep 14, 2026 @ 12:00:05.194","Cyber-DC","Windows User Logoff","3","60137"
"Sep 14, 2026 @ 12:00:05.145","Cyber-DC","Windows Logon Success","3","60106"
"Sep 14, 2026 @ 11:59:46.645","Cyber-DC","Windows User Logoff","3","60137"
"Sep 14, 2026 @ 11:59:45.672","Cyber-DC","Registry Key Integrity Checksum Changed","5","594"
"Sep 14, 2026 @ 11:59:45.112","Cyber-DC","Registry Value Integrity Checksum Changed","5","750"
"Sep 14, 2026 @ 11:59:45.071","Cyber-DC","Registry Key Integrity Checksum Changed","5","594"
"Sep 14, 2026 @ 11:59:38.317","Cyber-DC","Windows User Logoff","3","60137"
"Sep 14, 2026 @ 11:59:38.315","Cyber-DC","Windows Logon Success","3","60106"
"Sep 14, 2026 @ 11:59:33.602","Cyber-Window-cilent","Registry Value Integrity Checksum Changed","5","750"
"Sep 14, 2026 @ 11:59:33.553","Cyber-Window-cilent","Registry Value Integrity Checksum Changed","5","750"
"Sep 14, 2026 @ 11:59:33.542","Cyber-Window-cilent","Registry Value Integrity Checksum Changed","5","750"
"Sep 14, 2026 @ 11:59:33.538","Cyber-Window-cilent","Registry Value Integrity Checksum Changed","5","750"
"Sep 14, 2026 @ 11:59:33.538","Cyber-Window-cilent","Registry Key Integrity Checksum Changed","5","594"
"Sep 14, 2026 @ 11:59:33.506","Cyber-Window-cilent","Registry Key Integrity Checksum Changed","5","594"
"Sep 14, 2026 @ 11:59:00.564","Cyber-DC","Windows User Logoff","3","60137"
"Sep 14, 2026 @ 11:58:55.123","Cyber-DC","Windows User Logoff","3","60137"
"Sep 14, 2026 @ 11:58:52.117","Cyber-DC","Windows User Logoff","3","60137"
"Sep 14, 2026 @ 11:58:52.116","Cyber-DC","Windows Logon Success","3","60106"
"Sep 14, 2026 @ 11:58:52.113","Cyber-DC","Windows User Logoff","3","60137"
"Sep 14, 2026 @ 11:58:52.112","Cyber-DC","Windows Logon Success","3","60106"
"Sep 14, 2026 @ 11:58:47.234","Cyber-DC","Windows User Logoff","3","60137"
"Sep 14, 2026 @ 11:58:47.218","Cyber-DC","Windows User Logoff","3","60137"
"Sep 14, 2026 @ 11:58:47.203","Cyber-DC","Windows Logon Success","3","60106"
"Sep 14, 2026 @ 11:58:47.171","Cyber-DC","Windows User Logoff","3","60137"
"Sep 14, 2026 @ 11:58:47.153","Cyber-DC","Windows User Logoff","3","60137"
"Sep 14, 2026 @ 11:58:47.121","Cyber-DC","Windows Logon Success","3","60106"
"Sep 14, 2026 @ 11:58:47.107","Cyber-DC","Windows Logon Success","3","60106"
"Sep 14, 2026 @ 11:58:47.105","Cyber-DC","Windows Logon Success","3","60106"
"Sep 14, 2026 @ 11:58:46.710","Cyber-DC","Registry Value Integrity Checksum Changed","5","750"
"Sep 14, 2026 @ 11:58:46.663","Cyber-DC","Registry Key Integrity Checksum Changed","5","594"
"Sep 14, 2026 @ 11:58:45.695","Cyber-DC","Registry Value Integrity Checksum Changed","5","750"
"Sep 14, 2026 @ 11:58:45.694","Cyber-DC","Registry Key Integrity Checksum Changed","5","594"
"Sep 14, 2026 @ 11:58:44.375","Cyber-DC","Windows Logon Success","3","60106"
"Sep 14, 2026 @ 11:58:42.630","Cyber-DC","Windows User Logoff","3","60137"
"Sep 14, 2026 @ 11:58:38.189","Cyber-DC","Windows User Logoff","3","60137"
"Sep 14, 2026 @ 11:58:38.186","Cyber-DC","Windows Logon Success","3","60106"
"Sep 14, 2026 @ 11:57:38.171","Cyber-DC","Windows User Logoff","3","60137"
"Sep 14, 2026 @ 11:57:38.170","Cyber-DC","Windows Logon Success","3","60106"
"Sep 14, 2026 @ 11:57:17.383","Cyber-DC","Windows User Logoff","3","60137"
"Sep 14, 2026 @ 11:57:15.795","Cyber-DC","Registry Value Integrity Checksum Changed","5","750"
"Sep 14, 2026 @ 11:57:15.793","Cyber-DC","Registry Key Integrity Checksum Changed","5","594"
"Sep 14, 2026 @ 11:57:13.281","Cyber-DC","Registry Key Integrity Checksum Changed","5","594"
"Sep 14, 2026 @ 11:57:13.204","Cyber-DC","Registry Value Integrity Checksum Changed","5","750"
"Sep 14, 2026 @ 11:57:13.162","Cyber-DC","Registry Key Integrity Checksum Changed","5","594"
"Sep 14, 2026 @ 11:57:09.102","Cyber-DC","Registry Value Integrity Checksum Changed","5","750"
"Sep 14, 2026 @ 11:57:09.102","Cyber-DC","Registry Key Integrity Checksum Changed","5","594"
"Sep 14, 2026 @ 11:57:08.141","Cyber-DC","Registry Value Integrity Checksum Changed","5","750"
"Sep 14, 2026 @ 11:57:08.135","Cyber-DC","Registry Key Integrity Checksum Changed","5","594"
"Sep 14, 2026 @ 11:57:08.053","Cyber-DC","Registry Value Entry Added to the System","5","752"
"Sep 14, 2026 @ 11:57:08.047","Cyber-DC","Registry Value Integrity Checksum Changed","5","750"
"Sep 14, 2026 @ 11:57:08.046","Cyber-DC","Registry Key Integrity Checksum Changed","5","594"
"Sep 14, 2026 @ 11:56:58.035","Cyber-DC","Windows User Logoff","3","60137"
"Sep 14, 2026 @ 11:56:58.026","Cyber-DC","Windows Logon Success","3","60106"
"Sep 14, 2026 @ 11:56:58.011","Cyber-DC","Windows User Logoff","3","60137"
"Sep 14, 2026 @ 11:56:58.002","Cyber-DC","Windows Logon Success","3","60106"
"Sep 14, 2026 @ 11:56:57.959","Cyber-DC","Windows Logon Success","3","60106"
"Sep 14, 2026 @ 11:56:57.243","Cyber-DC","Service startup type was changed","3","61104"
"Sep 14, 2026 @ 11:56:55.347","Cyber-DC","Windows Logon Success","3","60106"
"Sep 14, 2026 @ 11:56:54.151","Cyber-DC","Windows audit failure event","5","60104"
"Sep 14, 2026 @ 11:56:46.559","Cyber-DC","Non service account logged off.","3","67023"
"Sep 14, 2026 @ 11:56:46.547","Cyber-DC","Non service account logged off.","3","67023"
"Sep 14, 2026 @ 11:56:46.547","Cyber-DC","Non service account logged off.","3","67023"
"Sep 14, 2026 @ 11:56:46.546","Cyber-DC","Non service account logged off.","3","67023"
"Sep 14, 2026 @ 11:56:46.543","Cyber-DC","Non service account logged off.","3","67023"
"Sep 14, 2026 @ 11:56:44.458","Cyber-DC","Windows Logon Success","3","60106"
"Sep 14, 2026 @ 11:56:43.533","Cyber-DC","Windows Logon Success","3","60106"
"Sep 14, 2026 @ 11:56:43.516","Cyber-DC","Special privileges assigned to new logon.","3","67028"
"Sep 14, 2026 @ 11:56:43.501","Cyber-DC","User: CORP\Administrator logged using Remote Desktop Connection (RDP) from ip:11.0.0.10.","3","92653"
"Sep 14, 2026 @ 11:56:43.440","Cyber-DC","Windows Logon Success","3","60106"
"Sep 14, 2026 @ 11:56:43.432","Cyber-DC","Windows Logon Success","3","60106"
"Sep 14, 2026 @ 11:56:43.431","Cyber-DC","Special privileges assigned to new logon.","3","67028"
"Sep 14, 2026 @ 11:56:43.422","Cyber-DC","Special privileges assigned to new logon.","3","67028"
"Sep 14, 2026 @ 11:56:43.420","Cyber-DC","Non network or service local logon.","3","67022"
"Sep 14, 2026 @ 11:56:43.413","Cyber-DC","Non network or service local logon.","3","67022"
"Sep 14, 2026 @ 11:56:43.408","Cyber-DC","Non network or service local logon.","3","67022"
"Sep 14, 2026 @ 11:56:43.406","Cyber-DC","Non network or service local logon.","3","67022"
"Sep 14, 2026 @ 11:56:43.395","Cyber-DC","Windows Logon Success","3","60106"
"Sep 14, 2026 @ 11:56:42.042","Cyber-DC","Successful Remote Logon Detected - User:\Administrator - NTLM authentication, possible pass-the-hash attack - Possible RDP connection. Verify that attacker is allowed to perform RDP connections","6","92657"
"Sep 14, 2026 @ 11:56:42.041","Cyber-DC","Special privileges assigned to new logon.","3","67028"
"Sep 14, 2026 @ 11:56:38.158","Cyber-DC","Windows User Logoff","3","60137"
"Sep 14, 2026 @ 11:56:38.158","Cyber-DC","Windows Logon Success","3","60106"
"Sep 14, 2026 @ 11:55:49.375","Cyber-DC","Windows User Logoff","3","60137"
"Sep 14, 2026 @ 11:55:38.151","Cyber-DC","Windows User Logoff","3","60137"
"Sep 14, 2026 @ 11:55:38.150","Cyber-DC","Windows Logon Success","3","60106"
"Sep 14, 2026 @ 11:55:15.171","Cyber-DC","Windows Logon Success","3","60106"
"Sep 14, 2026 @ 11:55:14.009","Cyber-DC","Windows Logon Success","3","60106"
"Sep 14, 2026 @ 11:55:13.979","Cyber-DC","Windows Logon Success","3","60106"
"Sep 14, 2026 @ 11:55:13.963","Cyber-DC","Windows User Logoff","3","60137"
"Sep 14, 2026 @ 11:55:13.963","Cyber-DC","Windows Logon Success","3","60106"
"Sep 14, 2026 @ 11:54:44.098","Cyber-DC","Registry Key Integrity Checksum Changed","5","594"
"Sep 14, 2026 @ 11:54:38.147","Cyber-DC","Windows User Logoff","3","60137"
"Sep 14, 2026 @ 11:54:38.146","Cyber-DC","Windows Logon Success","3","60106"
"Sep 14, 2026 @ 11:54:29.439","Cyber-DC","Windows User Logoff","3","60137"
"Sep 14, 2026 @ 11:54:15.198","Cyber-Window-cilent","Registry Value Integrity Checksum Changed","5","750"
"Sep 14, 2026 @ 11:54:15.158","Cyber-Window-cilent","Registry Value Integrity Checksum Changed","5","750"
"Sep 14, 2026 @ 11:54:15.143","Cyber-Window-cilent","Registry Value Integrity Checksum Changed","5","750"
"Sep 14, 2026 @ 11:54:15.141","Cyber-Window-cilent","Registry Value Integrity Checksum Changed","5","750"
"Sep 14, 2026 @ 11:54:15.141","Cyber-Window-cilent","Registry Key Integrity Checksum Changed","5","594"
"Sep 14, 2026 @ 11:54:15.132","Cyber-Window-cilent","Registry Key Integrity Checksum Changed","5","594"
"Sep 14, 2026 @ 11:54:13.397","Cyber-Linux-cilent","syslog: User missed the password more than one time","10","2502"
"Sep 14, 2026 @ 11:54:13.387","Cyber-Linux-cilent","sshd: authentication failed.","5","5760"
"Sep 14, 2026 @ 11:54:13.128","Cyber-Linux-cilent","syslog: User missed the password more than one time","10","2502"
"Sep 14, 2026 @ 11:54:12.160","Cyber-Linux-cilent","sshd: authentication failed.","5","5760"
"Sep 14, 2026 @ 11:53:57.702","Cyber-DC","Windows User Logoff","3","60137"
"Sep 14, 2026 @ 11:53:55.323","Cyber-Linux-cilent","sshd: authentication failed.","5","5760"
"Sep 14, 2026 @ 11:53:55.088","Cyber-Linux-cilent","sshd: authentication failed.","5","5760"
"Sep 14, 2026 @ 11:53:51.840","Cyber-DC","Windows User Logoff","3","60137"
"Sep 14, 2026 @ 11:53:51.826","Cyber-DC","Windows Logon Success","3","60106"
"Sep 14, 2026 @ 11:53:51.821","Cyber-DC","Windows User Logoff","3","60137"
"Sep 14, 2026 @ 11:53:51.818","Cyber-DC","Windows Logon Success","3","60106"
"Sep 14, 2026 @ 11:53:47.260","Cyber-Linux-cilent","sshd: authentication failed.","5","5760"
"Sep 14, 2026 @ 11:53:47.140","Cyber-DC","Windows User Logoff","3","60137"
"Sep 14, 2026 @ 11:53:47.096","Cyber-DC","Windows User Logoff","3","60137"
"Sep 14, 2026 @ 11:53:47.095","Cyber-DC","Windows Logon Success","3","60106"
"Sep 14, 2026 @ 11:53:47.092","Cyber-DC","Windows User Logoff","3","60137"
"Sep 14, 2026 @ 11:53:47.090","Cyber-DC","Windows User Logoff","3","60137"
"Sep 14, 2026 @ 11:53:47.082","Cyber-DC","Windows Logon Success","3","60106"
"Sep 14, 2026 @ 11:53:47.078","Cyber-DC","Windows Logon Success","3","60106"
"Sep 14, 2026 @ 11:53:47.068","Cyber-DC","Windows Logon Success","3","60106"
"Sep 14, 2026 @ 11:53:46.071","Cyber-Linux-cilent","sshd: authentication failed.","5","5760"
"Sep 14, 2026 @ 11:53:43.243","Cyber-Linux-cilent","PAM: User login failed.","5","5503"
"Sep 14, 2026 @ 11:53:43.061","Cyber-Linux-cilent","PAM: User login failed.","5","5503"
"Sep 14, 2026 @ 11:53:36.823","Cyber-DC","Windows User Logoff","3","60137"
"Sep 14, 2026 @ 11:53:36.821","Cyber-DC","Windows Logon Success","3","60106"
"Sep 14, 2026 @ 11:53:13.926","Cyber-DC","Windows User Logoff","3","60137"
"Sep 14, 2026 @ 11:52:58.124","Cyber-Window-cilent","Registry Value Integrity Checksum Changed","5","750"
"Sep 14, 2026 @ 11:52:58.121","Cyber-Window-cilent","Registry Value Integrity Checksum Changed","5","750"
"Sep 14, 2026 @ 11:52:58.121","Cyber-Window-cilent","Registry Key Integrity Checksum Changed","5","594"
"Sep 14, 2026 @ 11:52:58.109","Cyber-Window-cilent","Registry Key Integrity Checksum Changed","5","594"
"Sep 14, 2026 @ 11:52:52.544","Cyber-Window-cilent","Summary event of the report's signatures.","4","60608"
"Sep 14, 2026 @ 11:52:36.934","Cyber-DC","Windows User Logoff","3","60137"
"Sep 14, 2026 @ 11:52:36.933","Cyber-DC","Windows Logon Success","3","60106"
"Sep 14, 2026 @ 11:52:29.003","Cyber-Svr","syslog: User missed the password more than one time","10","2502"
"Sep 14, 2026 @ 11:52:28.855","Cyber-Svr","syslog: User missed the password more than one time","10","2502"
"Sep 14, 2026 @ 11:52:26.997","Cyber-Svr","sshd: authentication failed.","5","5760"
"Sep 14, 2026 @ 11:52:26.830","Cyber-Svr","sshd: authentication failed.","5","5760"
"Sep 14, 2026 @ 11:52:20.963","Cyber-Svr","sshd: authentication failed.","5","5760"
"Sep 14, 2026 @ 11:52:20.807","Cyber-Svr","sshd: authentication failed.","5","5760"
"Sep 14, 2026 @ 11:52:16.944","Cyber-Svr","sshd: authentication failed.","5","5760"
"Sep 14, 2026 @ 11:52:16.790","Cyber-Svr","sshd: authentication failed.","5","5760"
"Sep 14, 2026 @ 11:52:14.941","Cyber-Svr","PAM: User login failed.","5","5503"
"Sep 14, 2026 @ 11:52:14.581","Cyber-Svr","PAM: User login failed.","5","5503"
"Sep 14, 2026 @ 11:51:54.267","Cyber-DC","Windows User Logoff","3","60137"
"Sep 14, 2026 @ 11:51:36.802","Cyber-DC","Windows User Logoff","3","60137"
"Sep 14, 2026 @ 11:51:36.800","Cyber-DC","Windows Logon Success","3","60106"
"Sep 14, 2026 @ 11:51:02.026","Cyber-Window-cilent","Windows Logon Success","3","60106"
"Sep 14, 2026 @ 11:50:58.168","Cyber-DC","Registry Value Integrity Checksum Changed","5","750"
"Sep 14, 2026 @ 11:50:58.127","Cyber-DC","Registry Key Integrity Checksum Changed","5","594"
"Sep 14, 2026 @ 11:50:36.799","Cyber-DC","Windows Logon Success","3","60106"
"Sep 14, 2026 @ 11:50:36.799","Cyber-DC","Windows User Logoff","3","60137"
"Sep 14, 2026 @ 11:50:29.167","Cyber-DC","Windows User Logoff","3","60137"
"Sep 14, 2026 @ 11:50:11.892","Cyber-DC","Windows User Logoff","3","60137"
"Sep 14, 2026 @ 11:50:06.236","Cyber-DC","Registry Key Integrity Checksum Changed","5","594"
"Sep 14, 2026 @ 11:50:05.698","Cyber-DC","Registry Value Integrity Checksum Changed","5","750"
"Sep 14, 2026 @ 11:50:05.697","Cyber-DC","Registry Key Integrity Checksum Changed","5","594"
"Sep 14, 2026 @ 11:49:36.808","Cyber-DC","Windows User Logoff","3","60137"
"Sep 14, 2026 @ 11:49:36.806","Cyber-DC","Windows Logon Success","3","60106"
"Sep 14, 2026 @ 11:49:13.585","Cyber-Window-cilent","Software protection service scheduled successfully.","3","60642"
"Sep 14, 2026 @ 11:49:10.754","Cyber-DC","Windows User Logoff","3","60137"
"Sep 14, 2026 @ 11:49:00.448","Cyber-DC","Windows User Logoff","3","60137"
"Sep 14, 2026 @ 11:48:56.885","Cyber-Window-cilent","Registry Value Integrity Checksum Changed","5","750"
"Sep 14, 2026 @ 11:48:56.866","Cyber-Window-cilent","Registry Value Integrity Checksum Changed","5","750"
"Sep 14, 2026 @ 11:48:56.859","Cyber-Window-cilent","Registry Value Integrity Checksum Changed","5","750"
"Sep 14, 2026 @ 11:48:56.857","Cyber-Window-cilent","Registry Key Integrity Checksum Changed","5","594"
"Sep 14, 2026 @ 11:48:56.852","Cyber-Window-cilent","Registry Value Integrity Checksum Changed","5","750"
"Sep 14, 2026 @ 11:48:55.849","Cyber-Window-cilent","Registry Key Integrity Checksum Changed","5","594"
"Sep 14, 2026 @ 11:48:55.081","Cyber-DC","Windows User Logoff","3","60137"
"Sep 14, 2026 @ 11:48:52.971","Cyber-DC","Windows User Logoff","3","60137"
"Sep 14, 2026 @ 11:48:51.792","Cyber-DC","Registry Key Integrity Checksum Changed","5","594"
"Sep 14, 2026 @ 11:48:51.792","Cyber-DC","Registry Value Integrity Checksum Changed","5","750"
"Sep 14, 2026 @ 11:48:50.977","Cyber-DC","Windows User Logoff","3","60137"
"Sep 14, 2026 @ 11:48:50.959","Cyber-DC","Windows Logon Success","3","60106"
"Sep 14, 2026 @ 11:48:50.932","Cyber-DC","Windows User Logoff","3","60137"
"Sep 14, 2026 @ 11:48:50.931","Cyber-DC","Windows Logon Success","3","60106"
"Sep 14, 2026 @ 11:48:47.022","Cyber-DC","Windows User Logoff","3","60137"
"Sep 14, 2026 @ 11:48:47.008","Cyber-DC","Windows User Logoff","3","60137"
"Sep 14, 2026 @ 11:48:46.993","Cyber-DC","Windows Logon Success","3","60106"
"Sep 14, 2026 @ 11:48:46.976","Cyber-DC","Windows User Logoff","3","60137"
"Sep 14, 2026 @ 11:48:46.960","Cyber-DC","Windows User Logoff","3","60137"
"Sep 14, 2026 @ 11:48:46.911","Cyber-DC","Windows Logon Success","3","60106"
"Sep 14, 2026 @ 11:48:46.880","Cyber-DC","Windows Logon Success","3","60106"
"Sep 14, 2026 @ 11:48:46.870","Cyber-DC","Windows Logon Success","3","60106"
"Sep 14, 2026 @ 11:48:44.359","Cyber-DC","Windows Logon Success","3","60106"
"Sep 14, 2026 @ 11:48:36.800","Cyber-DC","Windows Logon Success","3","60106"
"Sep 14, 2026 @ 11:48:36.800","Cyber-DC","Windows User Logoff","3","60137"
"Sep 14, 2026 @ 11:47:52.931","Cyber-DC","Windows User Logoff","3","60137"
"Sep 14, 2026 @ 11:47:26.755","Cyber-DC","Windows User Logoff","3","60137"
"Sep 14, 2026 @ 11:47:26.754","Cyber-DC","Windows Logon Success","3","60106"
"Sep 14, 2026 @ 11:46:36.188","Cyber-DC","Windows User Logoff","3","60137"
"Sep 14, 2026 @ 11:46:26.753","Cyber-DC","Windows User Logoff","3","60137"
"Sep 14, 2026 @ 11:46:26.753","Cyber-DC","Windows Logon Success","3","60106"
"Sep 14, 2026 @ 11:46:22.359","Cyber-DC","Registry Value Integrity Checksum Changed","5","750"
"Sep 14, 2026 @ 11:46:22.351","Cyber-DC","Registry Value Integrity Checksum Changed","5","750"
"Sep 14, 2026 @ 11:46:22.350","Cyber-DC","Registry Key Integrity Checksum Changed","5","594"
"Sep 14, 2026 @ 11:45:48.456","Cyber-DC","Integrity checksum changed.","7","550"
"Sep 14, 2026 @ 11:45:46.861","Cyber-DC","Windows User Logoff","3","60137"
"Sep 14, 2026 @ 11:45:46.855","Cyber-DC","Windows Logon Success","3","60106"
"Sep 14, 2026 @ 11:45:46.849","Cyber-DC","Windows User Logoff","3","60137"
"Sep 14, 2026 @ 11:45:46.839","Cyber-DC","Windows Logon Success","3","60106"
"Sep 14, 2026 @ 11:45:43.422","Cyber-DC","Integrity checksum changed.","7","550"
"Sep 14, 2026 @ 11:45:36.707","Cyber-DC","Windows Logon Success","3","60106"
"Sep 14, 2026 @ 11:45:26.724","Cyber-DC","Windows User Logoff","3","60137"
"Sep 14, 2026 @ 11:45:26.723","Cyber-DC","Windows Logon Success","3","60106"
"Sep 14, 2026 @ 11:45:20.245","Cyber-DC","Windows User Logoff","3","60137"
"Sep 14, 2026 @ 11:45:13.348","Cyber-DC","Windows User Logoff","3","60137"
"Sep 14, 2026 @ 11:44:59.672","Cyber-Window-cilent","Registry Value Integrity Checksum Changed","5","750"
"Sep 14, 2026 @ 11:44:59.672","Cyber-Window-cilent","Registry Value Integrity Checksum Changed","5","750"
"Sep 14, 2026 @ 11:44:59.629","Cyber-Window-cilent","Registry Value Integrity Checksum Changed","5","750"
"Sep 14, 2026 @ 11:44:59.616","Cyber-Window-cilent","Registry Value Integrity Checksum Changed","5","750"
"Sep 14, 2026 @ 11:44:59.612","Cyber-Window-cilent","Registry Key Integrity Checksum Changed","5","594"
"Sep 14, 2026 @ 11:44:59.611","Cyber-Window-cilent","Registry Value Integrity Checksum Changed","5","750"
"Sep 14, 2026 @ 11:44:59.593","Cyber-Window-cilent","Registry Key Integrity Checksum Changed","5","594"
"Sep 14, 2026 @ 11:44:48.030","Cyber-Window-cilent","Windows Logon Success","3","60106"
"Sep 14, 2026 @ 11:44:26.716","Cyber-DC","Windows Logon Success","3","60106"
"Sep 14, 2026 @ 11:44:26.716","Cyber-DC","Windows User Logoff","3","60137"
"Sep 14, 2026 @ 11:44:01.959","Cyber-DC","Registry Key Integrity Checksum Changed","5","594"
"Sep 14, 2026 @ 11:43:57.668","Cyber-DC","Windows User Logoff","3","60137"
"Sep 14, 2026 @ 11:43:53.278","Cyber-DC","Windows User Logoff","3","60137"
"Sep 14, 2026 @ 11:43:50.080","Cyber-DC","Windows User Logoff","3","60137"
"Sep 14, 2026 @ 11:43:50.063","Cyber-DC","Windows Logon Success","3","60106"
"Sep 14, 2026 @ 11:43:50.058","Cyber-DC","Windows Logon Success","3","60106"
"Sep 14, 2026 @ 11:43:50.058","Cyber-DC","Windows User Logoff","3","60137"
"Sep 14, 2026 @ 11:43:46.989","Cyber-DC","Windows User Logoff","3","60137"
"Sep 14, 2026 @ 11:43:46.974","Cyber-DC","Windows User Logoff","3","60137"
"Sep 14, 2026 @ 11:43:46.970","Cyber-DC","Windows Logon Success","3","60106"
"Sep 14, 2026 @ 11:43:46.940","Cyber-DC","Windows User Logoff","3","60137"
"Sep 14, 2026 @ 11:43:46.924","Cyber-DC","Windows User Logoff","3","60137"
"Sep 14, 2026 @ 11:43:46.875","Cyber-DC","Windows Logon Success","3","60106"
"Sep 14, 2026 @ 11:43:46.843","Cyber-DC","Windows Logon Success","3","60106"
"Sep 14, 2026 @ 11:43:46.820","Cyber-DC","Windows Logon Success","3","60106"
"Sep 14, 2026 @ 11:43:46.818","Cyber-DC","Windows Logon Success","3","60106"
"Sep 14, 2026 @ 11:43:26.721","Cyber-DC","Windows User Logoff","3","60137"
"Sep 14, 2026 @ 11:43:26.720","Cyber-DC","Windows Logon Success","3","60106"
"Sep 14, 2026 @ 11:42:49.214","Cyber-DC","Registry Value Integrity Checksum Changed","5","750"
"Sep 14, 2026 @ 11:42:49.214","Cyber-DC","Registry Key Integrity Checksum Changed","5","594"
"Sep 14, 2026 @ 11:42:47.665","Cyber-DC","Registry Key Integrity Checksum Changed","5","594"
"Sep 14, 2026 @ 11:42:47.604","Cyber-DC","Registry Key Integrity Checksum Changed","5","594"
"Sep 14, 2026 @ 11:42:47.604","Cyber-DC","Registry Value Integrity Checksum Changed","5","750"
"Sep 14, 2026 @ 11:42:45.200","Cyber-DC","Registry Value Integrity Checksum Changed","5","750"
"Sep 14, 2026 @ 11:42:45.198","Cyber-DC","Registry Value Integrity Checksum Changed","5","750"
"Sep 14, 2026 @ 11:42:45.197","Cyber-DC","Registry Key Integrity Checksum Changed","5","594"
"Sep 14, 2026 @ 11:42:44.596","Cyber-DC","Registry Value Integrity Checksum Changed","5","750"
"Sep 14, 2026 @ 11:42:44.555","Cyber-DC","Registry Key Integrity Checksum Changed","5","594"
"Sep 14, 2026 @ 11:42:33.476","Cyber-DC","Windows User Logoff","3","60137"
"Sep 14, 2026 @ 11:42:26.692","Cyber-DC","Windows User Logoff","3","60137"
"Sep 14, 2026 @ 11:42:26.692","Cyber-DC","Windows Logon Success","3","60106"
"Sep 14, 2026 @ 11:42:02.656","Cyber-DC","Integrity checksum changed.","7","550"
"Sep 14, 2026 @ 11:41:51.284","Cyber-DC","Non service account logged off.","3","67023"
"Sep 14, 2026 @ 11:41:51.284","Cyber-DC","Non service account logged off.","3","67023"
"Sep 14, 2026 @ 11:41:49.907","Cyber-DC","Non service account logged off.","3","67023"
"Sep 14, 2026 @ 11:41:49.895","Cyber-DC","Non service account logged off.","3","67023"
"Sep 14, 2026 @ 11:41:49.894","Cyber-DC","Non service account logged off.","3","67023"
"Sep 14, 2026 @ 11:41:49.018","Cyber-DC","Special privileges assigned to new logon.","3","67028"
"Sep 14, 2026 @ 11:41:49.016","Cyber-DC","Special privileges assigned to new logon.","3","67028"
"Sep 14, 2026 @ 11:41:48.965","Cyber-DC","Non network or service local logon.","3","67022"
"Sep 14, 2026 @ 11:41:48.947","Cyber-DC","Non network or service local logon.","3","67022"
"Sep 14, 2026 @ 11:41:48.865","Cyber-DC","Non network or service local logon.","3","67022"
"Sep 14, 2026 @ 11:41:48.825","Cyber-DC","Non network or service local logon.","3","67022"
"Sep 14, 2026 @ 11:41:47.047","Cyber-DC","Windows Logon Success","3","60106"
"Sep 14, 2026 @ 11:41:47.034","Cyber-DC","Special privileges assigned to new logon.","3","67028"
"Sep 14, 2026 @ 11:41:47.033","Cyber-DC","User: CORP\Administrator logged using Remote Desktop Connection (RDP) from ip:11.0.0.10.","3","92653"
"Sep 14, 2026 @ 11:41:47.001","Cyber-DC","Windows Logon Success","3","60106"
"Sep 14, 2026 @ 11:41:46.951","Cyber-DC","Windows Logon Success","3","60106"
"Sep 14, 2026 @ 11:41:46.935","Cyber-DC","Special privileges assigned to new logon.","3","67028"
"Sep 14, 2026 @ 11:41:46.918","Cyber-DC","Special privileges assigned to new logon.","3","67028"
"Sep 14, 2026 @ 11:41:46.903","Cyber-DC","Non network or service local logon.","3","67022"
"Sep 14, 2026 @ 11:41:46.886","Cyber-DC","Non network or service local logon.","3","67022"
"Sep 14, 2026 @ 11:41:46.871","Cyber-DC","Non network or service local logon.","3","67022"
"Sep 14, 2026 @ 11:41:46.869","Cyber-DC","Non network or service local logon.","3","67022"
"Sep 14, 2026 @ 11:41:46.863","Cyber-DC","Windows Logon Success","3","60106"
"Sep 14, 2026 @ 11:41:45.836","Cyber-DC","Successful Remote Logon Detected - User:\Administrator - NTLM authentication, possible pass-the-hash attack - Possible RDP connection. Verify that attacker is allowed to perform RDP connections","6","92657"
"Sep 14, 2026 @ 11:41:45.834","Cyber-DC","Special privileges assigned to new logon.","3","67028"
"Sep 14, 2026 @ 11:41:42.877","Cyber-DC","Registry Value Integrity Checksum Changed","5","750"
"Sep 14, 2026 @ 11:41:42.874","Cyber-DC","Registry Key Integrity Checksum Changed","5","594"
"Sep 14, 2026 @ 11:41:38.163","Cyber-DC","Registry Value Integrity Checksum Changed","5","750"
"Sep 14, 2026 @ 11:41:38.163","Cyber-DC","Registry Value Integrity Checksum Changed","5","750"
"Sep 14, 2026 @ 11:41:38.162","Cyber-DC","Registry Key Integrity Checksum Changed","5","594"
"Sep 14, 2026 @ 11:41:23.897","Cyber-DC","Windows User Logoff","3","60137"
"Sep 14, 2026 @ 11:41:23.896","Cyber-DC","Windows Logon Success","3","60106"
"Sep 14, 2026 @ 11:41:17.267","Cyber-DC","Windows User Logoff","3","60137"
"Sep 14, 2026 @ 11:40:46.066","Cyber-DC","Non service account logged off.","3","67023"
"Sep 14, 2026 @ 11:40:46.065","Cyber-DC","Non service account logged off.","3","67023"
"Sep 14, 2026 @ 11:40:44.570","Cyber-DC","Windows Logon Success","3","60106"
"Sep 14, 2026 @ 11:40:44.558","Cyber-DC","Non service account logged off.","3","67023"
"Sep 14, 2026 @ 11:40:44.558","Cyber-DC","Non service account logged off.","3","67023"
"Sep 14, 2026 @ 11:40:44.555","Cyber-DC","Non service account logged off.","3","67023"
"Sep 14, 2026 @ 11:40:43.586","Cyber-DC","Windows Logon Success","3","60106"
"Sep 14, 2026 @ 11:40:43.529","Cyber-DC","Windows User Logoff","3","60137"
"Sep 14, 2026 @ 11:40:42.066","Cyber-DC","Special privileges assigned to new logon.","3","67028"
"Sep 14, 2026 @ 11:40:42.057","Cyber-DC","Windows Workstation Logon Success","3","60118"
"Sep 14, 2026 @ 11:40:42.054","Cyber-DC","Windows Logon Success","3","60106"
"Sep 14, 2026 @ 11:40:31.451","Cyber-DC","Registry Value Integrity Checksum Changed","5","750"
"Sep 14, 2026 @ 11:40:31.437","Cyber-DC","Registry Key Integrity Checksum Changed","5","594"
"Sep 14, 2026 @ 11:40:29.418","Cyber-DC","Registry Key Integrity Checksum Changed","5","594"
"Sep 14, 2026 @ 11:40:29.376","Cyber-DC","Registry Value Integrity Checksum Changed","5","750"
"Sep 14, 2026 @ 11:40:29.334","Cyber-DC","Registry Key Integrity Checksum Changed","5","594"
"Sep 14, 2026 @ 11:40:26.747","Cyber-DC","Registry Value Integrity Checksum Changed","5","750"
"Sep 14, 2026 @ 11:40:26.741","Cyber-DC","Registry Key Integrity Checksum Changed","5","594"
"Sep 14, 2026 @ 11:40:26.741","Cyber-DC","Registry Value Integrity Checksum Changed","5","750"
"Sep 14, 2026 @ 11:40:23.908","Cyber-DC","Windows User Logoff","3","60137"
"Sep 14, 2026 @ 11:40:23.906","Cyber-DC","Windows Logon Success","3","60106"
"Sep 14, 2026 @ 11:39:54.466","Cyber-DC","Windows User Logoff","3","60137"
"Sep 14, 2026 @ 11:39:40.855","Cyber-Window-cilent","Registry Value Integrity Checksum Changed","5","750"
"Sep 14, 2026 @ 11:39:40.855","Cyber-Window-cilent","Registry Value Integrity Checksum Changed","5","750"
"Sep 14, 2026 @ 11:39:40.812","Cyber-Window-cilent","Registry Value Integrity Checksum Changed","5","750"
"Sep 14, 2026 @ 11:39:40.802","Cyber-Window-cilent","Registry Value Integrity Checksum Changed","5","750"
"Sep 14, 2026 @ 11:39:40.797","Cyber-Window-cilent","Registry Key Integrity Checksum Changed","5","594"
"Sep 14, 2026 @ 11:39:40.796","Cyber-Window-cilent","Registry Value Integrity Checksum Changed","5","750"
"Sep 14, 2026 @ 11:39:40.768","Cyber-Window-cilent","Registry Key Integrity Checksum Changed","5","594"
"Sep 14, 2026 @ 11:39:39.001","Cyber-DC","Non service account logged off.","3","67023"
"Sep 14, 2026 @ 11:39:38.999","Cyber-DC","Non service account logged off.","3","67023"
"Sep 14, 2026 @ 11:39:37.552","Cyber-DC","Non service account logged off.","3","67023"
"Sep 14, 2026 @ 11:39:37.551","Cyber-DC","Non service account logged off.","3","67023"
"Sep 14, 2026 @ 11:39:37.549","Cyber-DC","Non service account logged off.","3","67023"
"Sep 14, 2026 @ 11:39:36.673","Cyber-DC","Special privileges assigned to new logon.","3","67028"
"Sep 14, 2026 @ 11:39:36.630","Cyber-DC","Special privileges assigned to new logon.","3","67028"
"Sep 14, 2026 @ 11:39:36.622","Cyber-DC","Non network or service local logon.","3","67022"
"Sep 14, 2026 @ 11:39:36.567","Cyber-DC","Non network or service local logon.","3","67022"
"Sep 14, 2026 @ 11:39:36.367","Cyber-DC","Non network or service local logon.","3","67022"
"Sep 14, 2026 @ 11:39:36.265","Cyber-DC","Non network or service local logon.","3","67022"
"Sep 14, 2026 @ 11:39:34.158","Cyber-DC","Windows Logon Success","3","60106"
"Sep 14, 2026 @ 11:39:34.143","Cyber-DC","Special privileges assigned to new logon.","3","67028"
"Sep 14, 2026 @ 11:39:34.127","Cyber-DC","User: CORP\Administrator logged using Remote Desktop Connection (RDP) from ip:11.0.0.10.","3","92653"
"Sep 14, 2026 @ 11:39:34.088","Cyber-DC","Windows Logon Success","3","60106"
"Sep 14, 2026 @ 11:39:34.040","Cyber-DC","Special privileges assigned to new logon.","3","67028"
"Sep 14, 2026 @ 11:39:34.040","Cyber-DC","Windows Logon Success","3","60106"
"Sep 14, 2026 @ 11:39:34.002","Cyber-DC","Special privileges assigned to new logon.","3","67028"
"Sep 14, 2026 @ 11:39:33.999","Cyber-DC","Non network or service local logon.","3","67022"
"Sep 14, 2026 @ 11:39:33.998","Cyber-DC","Non network or service local logon.","3","67022"
"Sep 14, 2026 @ 11:39:33.993","Cyber-DC","Non network or service local logon.","3","67022"
"Sep 14, 2026 @ 11:39:33.991","Cyber-DC","Non network or service local logon.","3","67022"
"Sep 14, 2026 @ 11:39:33.981","Cyber-DC","Windows Logon Success","3","60106"
"Sep 14, 2026 @ 11:39:32.802","Cyber-DC","Successful Remote Logon Detected - User:\Administrator - NTLM authentication, possible pass-the-hash attack - Possible RDP connection. Verify that attacker is allowed to perform RDP connections","6","92657"
"Sep 14, 2026 @ 11:39:32.791","Cyber-DC","Special privileges assigned to new logon.","3","67028"
"Sep 14, 2026 @ 11:39:23.905","Cyber-DC","Windows User Logoff","3","60137"
"Sep 14, 2026 @ 11:39:23.904","Cyber-DC","Windows Logon Success","3","60106"
"Sep 14, 2026 @ 11:39:09.705","Cyber-DC","Wazuh agent started.","3","503"
"Sep 14, 2026 @ 11:38:38.165","Cyber-DC","Wazuh agent stopped.","3","506"
"Sep 14, 2026 @ 11:38:33.118","Cyber-DC","Windows User Logoff","3","60137"
"Sep 14, 2026 @ 11:38:23.879","Cyber-DC","Windows User Logoff","3","60137"
"Sep 14, 2026 @ 11:38:23.879","Cyber-DC","Windows Logon Success","3","60106"
"Sep 14, 2026 @ 11:38:05.433","sec-box","Wazuh server started.","3","502"
"Sep 14, 2026 @ 11:38:02.418","Cyber-DC","Non service account logged off.","3","67023"
"Sep 14, 2026 @ 11:38:02.409","Cyber-DC","Non service account logged off.","3","67023"
"Sep 14, 2026 @ 11:38:01.092","Cyber-DC","Windows Logon Success","3","60106"
"Sep 14, 2026 @ 11:38:01.059","Cyber-DC","Windows Logon Success","3","60106"
"Sep 14, 2026 @ 11:38:01.041","Cyber-DC","Non service account logged off.","3","67023"
"Sep 14, 2026 @ 11:38:01.023","Cyber-DC","Non service account logged off.","3","67023"
"Sep 14, 2026 @ 11:38:01.018","Cyber-DC","Non service account logged off.","3","67023"
"Sep 14, 2026 @ 11:38:00.505","sec-box","PAM: Login session closed.","3","5502"
"Sep 14, 2026 @ 11:37:59.933","Cyber-DC","Windows Logon Success","3","60106"
"Sep 14, 2026 @ 11:37:59.871","Cyber-DC","Windows User Logoff","3","60137"
"Sep 14, 2026 @ 11:37:59.750","Cyber-DC","Windows Logon Success","3","60106"
"Sep 14, 2026 @ 11:37:58.348","Cyber-DC","Windows Workstation Logon Success","3","60118"
"Sep 14, 2026 @ 11:37:58.348","Cyber-DC","Special privileges assigned to new logon.","3","67028"
"Sep 14, 2026 @ 11:37:58.338","Cyber-DC","Windows Logon Success","3","60106"
"Sep 14, 2026 @ 11:37:52.587","sec-box","Host-based anomaly detection event (rootcheck).","7","510"
"Sep 14, 2026 @ 11:37:52.577","sec-box","Host-based anomaly detection event (rootcheck).","7","510"
"Sep 14, 2026 @ 11:37:42.637","sec-box","PAM: Login session opened.","3","5501"
"Sep 14, 2026 @ 11:37:42.635","sec-box","First time user executed sudo.","4","5403"
"Sep 14, 2026 @ 11:37:23.884","Cyber-DC","Windows User Logoff","3","60137"
"Sep 14, 2026 @ 11:37:23.883","Cyber-DC","Windows Logon Success","3","60106"
"Sep 14, 2026 @ 11:37:13.177","Cyber-DC","Windows User Logoff","3","60137"
"Sep 14, 2026 @ 11:36:23.876","Cyber-DC","Windows User Logoff","3","60137"
"Sep 14, 2026 @ 11:36:23.875","Cyber-DC","Windows Logon Success","3","60106"
"Sep 14, 2026 @ 11:36:01.962","Cyber-Window-cilent","Windows Logon Success","3","60106"
"Sep 14, 2026 @ 11:35:57.100","Cyber-DC","Windows User Logoff","3","60137"
"Sep 14, 2026 @ 11:35:43.456","Cyber-Window-cilent","Registry Value Integrity Checksum Changed","5","750"
"Sep 14, 2026 @ 11:35:43.453","Cyber-Window-cilent","Registry Key Integrity Checksum Changed","5","594"
"Sep 14, 2026 @ 11:35:43.453","Cyber-Window-cilent","Registry Value Integrity Checksum Changed","5","750"
"Sep 14, 2026 @ 11:35:43.426","Cyber-Window-cilent","Registry Key Integrity Checksum Changed","5","594"
"Sep 14, 2026 @ 11:35:36.721","Cyber-DC","Windows Logon Success","3","60106"
"Sep 14, 2026 @ 11:35:23.918","Cyber-DC","Windows User Logoff","3","60137"
"Sep 14, 2026 @ 11:35:23.915","Cyber-DC","Windows Logon Success","3","60106"
"Sep 14, 2026 @ 11:35:04.874","Cyber-DC","Registry Value Integrity Checksum Changed","5","750"
"Sep 14, 2026 @ 11:35:04.829","Cyber-DC","Registry Value Integrity Checksum Changed","5","750"
"Sep 14, 2026 @ 11:35:04.821","Cyber-DC","Registry Key Integrity Checksum Changed","5","594"
"Sep 14, 2026 @ 11:35:04.815","Cyber-DC","Registry Value Integrity Checksum Changed","5","750"
"Sep 14, 2026 @ 11:35:04.815","Cyber-DC","Registry Value Integrity Checksum Changed","5","750"
"Sep 14, 2026 @ 11:35:04.781","Cyber-DC","Registry Key Integrity Checksum Changed","5","594"
"Sep 14, 2026 @ 11:34:59.038","Cyber-DC","Registry Value Integrity Checksum Changed","5","750"
"Sep 14, 2026 @ 11:34:59.032","Cyber-DC","Registry Value Integrity Checksum Changed","5","750"
"Sep 14, 2026 @ 11:34:59.025","Cyber-DC","Registry Key Integrity Checksum Changed","5","594"
"Sep 14, 2026 @ 11:34:41.107","Cyber-DC","Windows User Logoff","3","60137"
"Sep 14, 2026 @ 11:34:25.921","Cyber-Window-cilent","Registry Value Integrity Checksum Changed","5","750"
"Sep 14, 2026 @ 11:34:25.907","Cyber-Window-cilent","Registry Value Integrity Checksum Changed","5","750"
"Sep 14, 2026 @ 11:34:25.894","Cyber-Window-cilent","Registry Value Integrity Checksum Changed","5","750"
"Sep 14, 2026 @ 11:34:25.875","Cyber-Window-cilent","Registry Key Integrity Checksum Changed","5","594"
"Sep 14, 2026 @ 11:34:25.860","Cyber-Window-cilent","Registry Value Integrity Checksum Changed","5","750"
"Sep 14, 2026 @ 11:34:25.843","Cyber-Window-cilent","Registry Key Integrity Checksum Changed","5","594"
"Sep 14, 2026 @ 11:34:25.843","Cyber-Window-cilent","Registry Value Integrity Checksum Changed","5","750"
"Sep 14, 2026 @ 11:34:23.848","Cyber-DC","Windows User Logoff","3","60137"
"Sep 14, 2026 @ 11:34:23.844","Cyber-DC","Windows Logon Success","3","60106"
"Sep 14, 2026 @ 11:34:01.776","Cyber-DC","Integrity checksum changed.","7","550"
"Sep 14, 2026 @ 11:33:59.155","Cyber-DC","Integrity checksum changed.","7","550"
"Sep 14, 2026 @ 11:33:57.438","Cyber-DC","Windows User Logoff","3","60137"
"Sep 14, 2026 @ 11:33:56.631","Cyber-DC","Registry Value Integrity Checksum Changed","5","750"
"Sep 14, 2026 @ 11:33:56.590","Cyber-DC","Registry Key Integrity Checksum Changed","5","594"
"Sep 14, 2026 @ 11:33:53.057","Cyber-DC","Windows User Logoff","3","60137"
"Sep 14, 2026 @ 11:33:52.845","Cyber-DC","Registry Key Integrity Checksum Changed","5","594"
"Sep 14, 2026 @ 11:33:52.178","Cyber-DC","Registry Value Integrity Checksum Changed","5","750"
"Sep 14, 2026 @ 11:33:52.151","Cyber-DC","Registry Value Integrity Checksum Changed","5","750"
"Sep 14, 2026 @ 11:33:52.125","Cyber-DC","Registry Value Integrity Checksum Changed","5","750"
"Sep 14, 2026 @ 11:33:52.124","Cyber-DC","Registry Key Integrity Checksum Changed","5","594"
"Sep 14, 2026 @ 11:33:48.178","Cyber-DC","Windows User Logoff","3","60137"
"Sep 14, 2026 @ 11:33:48.174","Cyber-DC","Windows Logon Success","3","60106"
"Sep 14, 2026 @ 11:33:48.170","Cyber-DC","Windows Logon Success","3","60106"
"Sep 14, 2026 @ 11:33:48.170","Cyber-DC","Windows User Logoff","3","60137"
"Sep 14, 2026 @ 11:33:46.802","Cyber-DC","Windows User Logoff","3","60137"
"Sep 14, 2026 @ 11:33:46.760","Cyber-DC","Windows User Logoff","3","60137"
"Sep 14, 2026 @ 11:33:46.759","Cyber-DC","Windows Logon Success","3","60106"
"Sep 14, 2026 @ 11:33:46.758","Cyber-DC","Windows User Logoff","3","60137"
"Sep 14, 2026 @ 11:33:46.728","Cyber-DC","Windows User Logoff","3","60137"
"Sep 14, 2026 @ 11:33:46.709","Cyber-DC","Windows Logon Success","3","60106"
"Sep 14, 2026 @ 11:33:46.693","Cyber-DC","Windows Logon Success","3","60106"
"Sep 14, 2026 @ 11:33:46.686","Cyber-DC","Windows Logon Success","3","60106"
"Sep 14, 2026 @ 11:33:40.616","Cyber-DC","Windows User Logoff","3","60137"
"Sep 14, 2026 @ 11:33:40.616","Cyber-DC","Windows User Logoff","3","60137"
"Sep 14, 2026 @ 11:33:40.608","Cyber-DC","Windows User Logoff","3","60137"
"Sep 14, 2026 @ 11:33:23.843","Cyber-DC","Windows User Logoff","3","60137"
"Sep 14, 2026 @ 11:33:23.841","Cyber-DC","Windows Logon Success","3","60106"
"Sep 14, 2026 @ 11:33:20.910","Cyber-DC","Windows User Logoff","3","60137"
"Sep 14, 2026 @ 11:32:53.131","sec-box","Wazuh server started.","3","502"
"Sep 14, 2026 @ 11:32:41.874","sec-box","Host-based anomaly detection event (rootcheck).","7","510"
"Sep 14, 2026 @ 11:32:41.855","sec-box","Host-based anomaly detection event (rootcheck).","7","510"
"Sep 14, 2026 @ 11:32:23.847","Cyber-DC","Windows User Logoff","3","60137"
"Sep 14, 2026 @ 11:32:23.845","Cyber-DC","Windows Logon Success","3","60106"
"Sep 14, 2026 @ 11:31:50.096","Cyber-DC","Windows User Logoff","3","60137"
"Sep 14, 2026 @ 11:31:23.829","Cyber-DC","Windows User Logoff","3","60137"
"Sep 14, 2026 @ 11:31:23.827","Cyber-DC","Windows Logon Success","3","60106"
"Sep 14, 2026 @ 11:30:27.197","Cyber-DC","Windows User Logoff","3","60137"
"Sep 14, 2026 @ 11:30:23.799","Cyber-DC","Windows User Logoff","3","60137"
"Sep 14, 2026 @ 11:30:23.797","Cyber-DC","Windows Logon Success","3","60106"
"Sep 14, 2026 @ 11:29:59.686","Cyber-DC","Summary event of the report's signatures.","4","60608"
"Sep 14, 2026 @ 11:29:31.150","Cyber-DC","Windows User Logoff","3","60137"
"Sep 14, 2026 @ 11:29:31.148","Cyber-DC","Windows User Logoff","3","60137"
"Sep 14, 2026 @ 11:29:23.800","Cyber-DC","Windows User Logoff","3","60137"
"Sep 14, 2026 @ 11:29:23.798","Cyber-DC","Windows Logon Success","3","60106"
"Sep 14, 2026 @ 11:29:00.460","Cyber-DC","Windows User Logoff","3","60137"
"Sep 14, 2026 @ 11:28:55.175","Cyber-DC","Windows User Logoff","3","60137"
"Sep 14, 2026 @ 11:28:55.064","Cyber-Window-cilent","Registry Value Integrity Checksum Changed","5","750"
"Sep 14, 2026 @ 11:28:55.049","Cyber-Window-cilent","Registry Value Integrity Checksum Changed","5","750"
"Sep 14, 2026 @ 11:28:55.033","Cyber-Window-cilent","Registry Value Integrity Checksum Changed","5","750"
"Sep 14, 2026 @ 11:28:55.017","Cyber-Window-cilent","Registry Key Integrity Checksum Changed","5","594"
"Sep 14, 2026 @ 11:28:55.007","Cyber-Window-cilent","Registry Value Integrity Checksum Changed","5","750"
"Sep 14, 2026 @ 11:28:55.006","Cyber-Window-cilent","Registry Key Integrity Checksum Changed","5","594"
"Sep 14, 2026 @ 11:28:53.798","Cyber-Window-cilent","Software protection service scheduled successfully.","3","60642"
"Sep 14, 2026 @ 11:28:52.587","Cyber-DC","Registry Key Integrity Checksum Changed","5","594"
"Sep 14, 2026 @ 11:28:46.734","Cyber-DC","Windows User Logoff","3","60137"
"Sep 14, 2026 @ 11:28:46.719","Cyber-DC","Windows Logon Success","3","60106"
"Sep 14, 2026 @ 11:28:46.704","Cyber-DC","Windows User Logoff","3","60137"
"Sep 14, 2026 @ 11:28:46.703","Cyber-DC","Windows Logon Success","3","60106"
"Sep 14, 2026 @ 11:28:46.685","Cyber-DC","Windows User Logoff","3","60137"
"Sep 14, 2026 @ 11:28:46.653","Cyber-DC","Windows User Logoff","3","60137"
"Sep 14, 2026 @ 11:28:46.652","Cyber-DC","Windows Logon Success","3","60106"
"Sep 14, 2026 @ 11:28:46.643","Cyber-DC","Windows User Logoff","3","60137"
"Sep 14, 2026 @ 11:28:46.639","Cyber-DC","Windows User Logoff","3","60137"
"Sep 14, 2026 @ 11:28:46.633","Cyber-DC","Windows Logon Success","3","60106"
"Sep 14, 2026 @ 11:28:46.629","Cyber-DC","Windows Logon Success","3","60106"
"Sep 14, 2026 @ 11:28:46.626","Cyber-DC","Windows Logon Success","3","60106"
"Sep 14, 2026 @ 11:28:44.328","Cyber-DC","Windows Logon Success","3","60106"
"Sep 14, 2026 @ 11:28:23.209","Cyber-DC","Windows User Logoff","3","60137"
"Sep 14, 2026 @ 11:28:23.208","Cyber-DC","Windows User Logoff","3","60137"
"Sep 14, 2026 @ 11:28:23.207","Cyber-DC","Windows Logon Success","3","60106"
"Sep 14, 2026 @ 11:28:23.177","Cyber-DC","Windows User Logoff","3","60137"
"Sep 14, 2026 @ 11:28:23.160","Cyber-DC","Windows User Logoff","3","60137"
"Sep 14, 2026 @ 11:27:52.328","Cyber-DC","Windows User Logoff","3","60137"
"Sep 14, 2026 @ 11:27:23.801","Cyber-DC","Windows User Logoff","3","60137"
"Sep 14, 2026 @ 11:27:23.797","Cyber-DC","Windows Logon Success","3","60106"
"Sep 14, 2026 @ 11:26:32.322","Cyber-DC","Windows User Logoff","3","60137"
"Sep 14, 2026 @ 11:26:23.781","Cyber-DC","Windows User Logoff","3","60137"
"Sep 14, 2026 @ 11:26:23.779","Cyber-DC","Windows Logon Success","3","60106"
"Sep 14, 2026 @ 11:25:36.745","Cyber-DC","Windows Logon Success","3","60106"
"Sep 14, 2026 @ 11:25:23.768","Cyber-DC","Windows User Logoff","3","60137"
"Sep 14, 2026 @ 11:25:23.767","Cyber-DC","Windows Logon Success","3","60106"
"Sep 14, 2026 @ 11:25:08.317","Cyber-DC","Windows User Logoff","3","60137"
"Sep 14, 2026 @ 11:24:55.052","Cyber-Window-cilent","Registry Value Integrity Checksum Changed","5","750"
"Sep 14, 2026 @ 11:24:55.051","Cyber-Window-cilent","Registry Value Integrity Checksum Changed","5","750"
"Sep 14, 2026 @ 11:24:55.009","Cyber-Window-cilent","Registry Value Integrity Checksum Changed","5","750"
"Sep 14, 2026 @ 11:24:55.006","Cyber-Window-cilent","Registry Key Integrity Checksum Changed","5","594"
"Sep 14, 2026 @ 11:24:55.005","Cyber-Window-cilent","Registry Value Integrity Checksum Changed","5","750"
"Sep 14, 2026 @ 11:24:55.005","Cyber-Window-cilent","Registry Value Integrity Checksum Changed","5","750"
"Sep 14, 2026 @ 11:24:54.979","Cyber-Window-cilent","Registry Key Integrity Checksum Changed","5","594"
"Sep 14, 2026 @ 11:24:23.765","Cyber-DC","Windows User Logoff","3","60137"
"Sep 14, 2026 @ 11:24:23.763","Cyber-DC","Windows Logon Success","3","60106"
"Sep 14, 2026 @ 11:24:15.268","Cyber-DC","Registry Value Integrity Checksum Changed","5","750"
"Sep 14, 2026 @ 11:24:15.266","Cyber-DC","Registry Key Integrity Checksum Changed","5","594"
"Sep 14, 2026 @ 11:24:13.310","Cyber-DC","Registry Key Integrity Checksum Changed","5","594"
"Sep 14, 2026 @ 11:24:13.275","Cyber-DC","Registry Value Integrity Checksum Changed","5","750"
"Sep 14, 2026 @ 11:24:13.234","Cyber-DC","Registry Key Integrity Checksum Changed","5","594"
"Sep 14, 2026 @ 11:24:09.903","Cyber-DC","Registry Value Integrity Checksum Changed","5","750"
"Sep 14, 2026 @ 11:24:09.903","Cyber-DC","Registry Value Integrity Checksum Changed","5","750"
"Sep 14, 2026 @ 11:24:08.897","Cyber-DC","Registry Key Integrity Checksum Changed","5","594"
"Sep 14, 2026 @ 11:24:08.682","Cyber-DC","Registry Key Integrity Checksum Changed","5","594"
"Sep 14, 2026 @ 11:23:57.259","Cyber-DC","Windows User Logoff","3","60137"
"Sep 14, 2026 @ 11:23:50.958","Cyber-DC","Windows User Logoff","3","60137"
"Sep 14, 2026 @ 11:23:46.649","Cyber-DC","Windows User Logoff","3","60137"
"Sep 14, 2026 @ 11:23:46.633","Cyber-DC","Windows Logon Success","3","60106"
"Sep 14, 2026 @ 11:23:46.600","Cyber-DC","Windows User Logoff","3","60137"
"Sep 14, 2026 @ 11:23:46.585","Cyber-DC","Windows Logon Success","3","60106"
"Sep 14, 2026 @ 11:23:46.560","Cyber-DC","Windows User Logoff","3","60137"
"Sep 14, 2026 @ 11:23:46.560","Cyber-DC","Windows User Logoff","3","60137"
"Sep 14, 2026 @ 11:23:46.558","Cyber-DC","Windows Logon Success","3","60106"
"Sep 14, 2026 @ 11:23:46.554","Cyber-DC","Windows User Logoff","3","60137"
"Sep 14, 2026 @ 11:23:46.552","Cyber-DC","Windows User Logoff","3","60137"
"Sep 14, 2026 @ 11:23:46.543","Cyber-DC","Windows Logon Success","3","60106"
"Sep 14, 2026 @ 11:23:46.537","Cyber-DC","Windows Logon Success","3","60106"
"Sep 14, 2026 @ 11:23:46.532","Cyber-DC","Windows Logon Success","3","60106"
"Sep 14, 2026 @ 11:23:22.971","Cyber-DC","Windows User Logoff","3","60137"
"Sep 14, 2026 @ 11:23:22.955","Cyber-DC","Windows Logon Success","3","60106"
"Sep 14, 2026 @ 11:23:16.379","Cyber-DC","Name resolution for the name go.microsoft.com timed out","5","61109"
"Sep 14, 2026 @ 11:23:10.546","Cyber-DC","Non service account logged off.","3","67023"
"Sep 14, 2026 @ 11:23:10.544","Cyber-DC","Non service account logged off.","3","67023"
"Sep 14, 2026 @ 11:23:08.745","Cyber-DC","Non service account logged off.","3","67023"
"Sep 14, 2026 @ 11:23:08.745","Cyber-DC","Non service account logged off.","3","67023"
"Sep 14, 2026 @ 11:23:08.744","Cyber-DC","Non service account logged off.","3","67023"
"Sep 14, 2026 @ 11:23:08.728","Cyber-DC","Windows Logon Success","3","60106"
"Sep 14, 2026 @ 11:23:07.990","Cyber-DC","Special privileges assigned to new logon.","3","67028"
"Sep 14, 2026 @ 11:23:07.947","Cyber-DC","Special privileges assigned to new logon.","3","67028"
"Sep 14, 2026 @ 11:23:07.861","Cyber-DC","Non network or service local logon.","3","67022"
"Sep 14, 2026 @ 11:23:07.700","Cyber-DC","Non network or service local logon.","3","67022"
"Sep 14, 2026 @ 11:23:07.559","Cyber-DC","Non network or service local logon.","3","67022"
"Sep 14, 2026 @ 11:23:07.514","Cyber-DC","Non network or service local logon.","3","67022"
"Sep 14, 2026 @ 11:23:05.520","Cyber-DC","Special privileges assigned to new logon.","3","67028"
"Sep 14, 2026 @ 11:23:05.503","Cyber-DC","User: CORP\Administrator logged using Remote Desktop Connection (RDP) from ip:11.0.0.10.","3","92653"
"Sep 14, 2026 @ 11:23:05.472","Cyber-DC","Windows Logon Success","3","60106"
"Sep 14, 2026 @ 11:23:05.425","Cyber-DC","Windows Logon Success","3","60106"
"Sep 14, 2026 @ 11:23:05.424","Cyber-DC","Special privileges assigned to new logon.","3","67028"
"Sep 14, 2026 @ 11:23:05.421","Cyber-DC","Special privileges assigned to new logon.","3","67028"
"Sep 14, 2026 @ 11:23:05.405","Cyber-DC","Non network or service local logon.","3","67022"
"Sep 14, 2026 @ 11:23:05.389","Cyber-DC","Non network or service local logon.","3","67022"
"Sep 14, 2026 @ 11:23:05.357","Cyber-DC","Non network or service local logon.","3","67022"
"Sep 14, 2026 @ 11:23:05.340","Cyber-DC","Non network or service local logon.","3","67022"
"Sep 14, 2026 @ 11:23:05.316","Cyber-DC","Windows Logon Success","3","60106"
"Sep 14, 2026 @ 11:23:04.170","Cyber-DC","Special privileges assigned to new logon.","3","67028"
"Sep 14, 2026 @ 11:23:04.170","Cyber-DC","Successful Remote Logon Detected - User:\Administrator - NTLM authentication, possible pass-the-hash attack - Possible RDP connection. Verify that attacker is allowed to perform RDP connections","6","92657"
"Sep 14, 2026 @ 11:22:33.516","Cyber-DC","Windows User Logoff","3","60137"
"Sep 14, 2026 @ 11:22:23.716","Cyber-DC","Windows User Logoff","3","60137"
"Sep 14, 2026 @ 11:22:23.712","Cyber-DC","Windows Logon Success","3","60106"
"Sep 14, 2026 @ 11:21:23.677","Cyber-DC","Windows User Logoff","3","60137"
"Sep 14, 2026 @ 11:21:23.677","Cyber-DC","Windows Logon Success","3","60106"
"Sep 14, 2026 @ 11:21:17.642","Cyber-DC","Windows User Logoff","3","60137"
"Sep 14, 2026 @ 11:21:13.467","Cyber-DC","Windows User Logoff","3","60137"
"Sep 14, 2026 @ 11:20:37.526","Cyber-Window-cilent","Windows Logon Success","3","60106"
"Sep 14, 2026 @ 11:20:37.497","Cyber-Window-cilent","Windows Logon Success","3","60106"
"Sep 14, 2026 @ 11:20:37.494","Cyber-Window-cilent","Windows Logon Success","3","60106"
"Sep 14, 2026 @ 11:20:34.474","Cyber-DC","Registry Value Integrity Checksum Changed","5","750"
"Sep 14, 2026 @ 11:20:34.431","Cyber-DC","Registry Key Integrity Checksum Changed","5","594"
"Sep 14, 2026 @ 11:20:28.230","Cyber-DC","Registry Value Integrity Checksum Changed","5","750"
"Sep 14, 2026 @ 11:20:28.229","Cyber-DC","Registry Key Integrity Checksum Changed","5","594"
"Sep 14, 2026 @ 11:20:23.623","Cyber-DC","Windows User Logoff","3","60137"
"Sep 14, 2026 @ 11:20:23.619","Cyber-DC","Windows Logon Success","3","60106"
"Sep 14, 2026 @ 11:20:22.574","Cyber-DC","Windows Logon Success","3","60106"
"Sep 14, 2026 @ 11:20:22.558","Cyber-DC","Non service account logged off.","3","67023"
"Sep 14, 2026 @ 11:20:22.542","Cyber-DC","Non service account logged off.","3","67023"
"Sep 14, 2026 @ 11:20:22.528","Cyber-DC","Non service account logged off.","3","67023"
"Sep 14, 2026 @ 11:20:22.528","Cyber-DC","Non service account logged off.","3","67023"
"Sep 14, 2026 @ 11:20:21.486","Cyber-DC","Non service account logged off.","3","67023"
"Sep 14, 2026 @ 11:20:21.479","Cyber-DC","Windows Logon Success","3","60106"
"Sep 14, 2026 @ 11:20:21.400","Cyber-DC","Windows User Logoff","3","60137"
"Sep 14, 2026 @ 11:20:19.871","Cyber-DC","Special privileges assigned to new logon.","3","67028"
"Sep 14, 2026 @ 11:20:19.854","Cyber-DC","Windows Workstation Logon Success","3","60118"
"Sep 14, 2026 @ 11:20:19.838","Cyber-DC","Windows Logon Success","3","60106"
"Sep 14, 2026 @ 11:19:51.216","Cyber-DC","Windows User Logoff","3","60137"
"Sep 14, 2026 @ 11:19:47.132","Cyber-DC","Windows Logon Success","3","60106"
"Sep 14, 2026 @ 11:19:37.096","Cyber-Window-cilent","Registry Value Integrity Checksum Changed","5","750"
"Sep 14, 2026 @ 11:19:37.080","Cyber-Window-cilent","Registry Value Integrity Checksum Changed","5","750"
"Sep 14, 2026 @ 11:19:37.064","Cyber-Window-cilent","Registry Value Integrity Checksum Changed","5","750"
"Sep 14, 2026 @ 11:19:37.049","Cyber-Window-cilent","Registry Key Integrity Checksum Changed","5","594"
"Sep 14, 2026 @ 11:19:37.033","Cyber-Window-cilent","Registry Value Integrity Checksum Changed","5","750"
"Sep 14, 2026 @ 11:19:37.017","Cyber-Window-cilent","Registry Key Integrity Checksum Changed","5","594"
"Sep 14, 2026 @ 11:19:37.001","Cyber-Window-cilent","Registry Value Integrity Checksum Changed","5","750"
"Sep 14, 2026 @ 11:19:36.986","Cyber-Window-cilent","Registry Key Integrity Checksum Changed","5","594"
"Sep 14, 2026 @ 11:19:36.982","Cyber-Window-cilent","Registry Key Integrity Checksum Changed","5","594"
"Sep 14, 2026 @ 11:19:36.982","Cyber-Window-cilent","Registry Value Integrity Checksum Changed","5","750"
"Sep 14, 2026 @ 11:19:36.010","Cyber-Window-cilent","Registry Value Integrity Checksum Changed","5","750"
"Sep 14, 2026 @ 11:19:35.967","Cyber-Window-cilent","Registry Key Integrity Checksum Changed","5","594"
"Sep 14, 2026 @ 11:19:33.420","Cyber-DC","Windows User Logoff","3","60137"
"Sep 14, 2026 @ 11:19:23.653","Cyber-DC","Windows User Logoff","3","60137"
"Sep 14, 2026 @ 11:19:23.652","Cyber-DC","Windows Logon Success","3","60106"
"Sep 14, 2026 @ 11:19:13.181","Cyber-Window-cilent","Software protection service scheduled successfully.","3","60642"
"Sep 14, 2026 @ 11:19:00.403","Cyber-DC","Windows User Logoff","3","60137"
"Sep 14, 2026 @ 11:18:58.765","Cyber-DC","Registry Value Integrity Checksum Changed","5","750"
"Sep 14, 2026 @ 11:18:58.721","Cyber-DC","Registry Key Integrity Checksum Changed","5","594"
"Sep 14, 2026 @ 11:18:55.270","Cyber-DC","Registry Key Integrity Checksum Changed","5","594"
"Sep 14, 2026 @ 11:18:54.927","Cyber-DC","Windows User Logoff","3","60137"
"Sep 14, 2026 @ 11:18:54.718","Cyber-DC","Registry Value Integrity Checksum Changed","5","750"
"Sep 14, 2026 @ 11:18:54.718","Cyber-DC","Registry Key Integrity Checksum Changed","5","594"
"Sep 14, 2026 @ 11:18:52.845","Cyber-DC","Windows User Logoff","3","60137"
"Sep 14, 2026 @ 11:18:46.006","Cyber-DC","Windows User Logoff","3","60137"
"Sep 14, 2026 @ 11:18:45.963","Cyber-DC","Windows User Logoff","3","60137"
"Sep 14, 2026 @ 11:18:45.948","Cyber-DC","Windows Logon Success","3","60106"
"Sep 14, 2026 @ 11:18:45.931","Cyber-DC","Windows User Logoff","3","60137"
"Sep 14, 2026 @ 11:18:45.899","Cyber-DC","Windows User Logoff","3","60137"
"Sep 14, 2026 @ 11:18:45.852","Cyber-DC","Windows Logon Success","3","60106"
"Sep 14, 2026 @ 11:18:45.849","Cyber-DC","Windows Logon Success","3","60106"
"Sep 14, 2026 @ 11:18:45.845","Cyber-DC","Windows Logon Success","3","60106"
"Sep 14, 2026 @ 11:18:45.841","Cyber-DC","Windows User Logoff","3","60137"
"Sep 14, 2026 @ 11:18:45.840","Cyber-DC","Windows Logon Success","3","60106"
"Sep 14, 2026 @ 11:18:45.831","Cyber-DC","Windows User Logoff","3","60137"
"Sep 14, 2026 @ 11:18:45.829","Cyber-DC","Windows Logon Success","3","60106"
"Sep 14, 2026 @ 11:18:44.331","Cyber-DC","Windows Logon Success","3","60106"
"Sep 14, 2026 @ 11:18:34.975","Cyber-DC","Windows User Logoff","3","60137"
"Sep 14, 2026 @ 11:18:23.679","Cyber-DC","Windows User Logoff","3","60137"
"Sep 14, 2026 @ 11:18:23.667","Cyber-DC","Windows Logon Success","3","60106"
"Sep 14, 2026 @ 11:18:19.458","Cyber-DC","Windows Logon Success","3","60106"
"Sep 14, 2026 @ 11:18:12.450","Cyber-DC","Windows User Logoff","3","60137"
"Sep 14, 2026 @ 11:18:12.434","Cyber-DC","Windows User Logoff","3","60137"
"Sep 14, 2026 @ 11:18:12.434","Cyber-DC","Windows User Logoff","3","60137"
"Sep 14, 2026 @ 11:17:40.100","Cyber-DC","Windows User Logoff","3","60137"
"Sep 14, 2026 @ 11:17:40.100","Cyber-DC","Windows User Logoff","3","60137"
"Sep 14, 2026 @ 11:17:40.096","Cyber-DC","Windows User Logoff","3","60137"
"Sep 14, 2026 @ 11:17:23.692","Cyber-DC","Windows User Logoff","3","60137"
"Sep 14, 2026 @ 11:17:23.689","Cyber-DC","Windows Logon Success","3","60106"
"Sep 14, 2026 @ 11:17:07.013","Cyber-DC","Windows User Logoff","3","60137"
"Sep 14, 2026 @ 11:16:54.194","Cyber-DC","Registry Value Integrity Checksum Changed","5","750"
"Sep 14, 2026 @ 11:16:54.190","Cyber-DC","Registry Key Integrity Checksum Changed","5","594"
"Sep 14, 2026 @ 11:16:51.940","Cyber-DC","Registry Key Integrity Checksum Changed","5","594"
"Sep 14, 2026 @ 11:16:51.823","Cyber-DC","Registry Value Integrity Checksum Changed","5","750"
"Sep 14, 2026 @ 11:16:51.821","Cyber-DC","Registry Key Integrity Checksum Changed","5","594"
"Sep 14, 2026 @ 11:16:48.223","Cyber-DC","Registry Value Integrity Checksum Changed","5","750"
"Sep 14, 2026 @ 11:16:48.223","Cyber-DC","Registry Value Integrity Checksum Changed","5","750"
"Sep 14, 2026 @ 11:16:48.181","Cyber-DC","Registry Key Integrity Checksum Changed","5","594"
"Sep 14, 2026 @ 11:16:23.685","Cyber-DC","Windows User Logoff","3","60137"
"Sep 14, 2026 @ 11:16:23.684","Cyber-DC","Windows Logon Success","3","60106"
"Sep 14, 2026 @ 11:15:59.048","Cyber-DC","Windows User Logoff","3","60137"
"Sep 14, 2026 @ 11:15:41.348","Cyber-DC","Non service account logged off.","3","67023"
"Sep 14, 2026 @ 11:15:41.346","Cyber-DC","Non service account logged off.","3","67023"
"Sep 14, 2026 @ 11:15:39.978","Cyber-DC","Non service account logged off.","3","67023"
"Sep 14, 2026 @ 11:15:39.975","Cyber-DC","Non service account logged off.","3","67023"
"Sep 14, 2026 @ 11:15:39.972","Cyber-DC","Non service account logged off.","3","67023"
"Sep 14, 2026 @ 11:15:38.643","Cyber-DC","Special privileges assigned to new logon.","3","67028"
"Sep 14, 2026 @ 11:15:38.638","Cyber-DC","Special privileges assigned to new logon.","3","67028"
"Sep 14, 2026 @ 11:15:38.586","Cyber-DC","Non network or service local logon.","3","67022"
"Sep 14, 2026 @ 11:15:38.508","Cyber-DC","Non network or service local logon.","3","67022"
"Sep 14, 2026 @ 11:15:38.431","Cyber-DC","Non network or service local logon.","3","67022"
"Sep 14, 2026 @ 11:15:38.249","Cyber-DC","Non network or service local logon.","3","67022"
"Sep 14, 2026 @ 11:15:36.095","Cyber-DC","Windows Logon Success","3","60106"
"Sep 14, 2026 @ 11:15:36.092","Cyber-DC","Special privileges assigned to new logon.","3","67028"
"Sep 14, 2026 @ 11:15:36.080","Cyber-DC","User: CORP\Administrator logged using Remote Desktop Connection (RDP) from ip:11.0.0.10.","3","92653"
"Sep 14, 2026 @ 11:15:36.034","Cyber-DC","Windows Logon Success","3","60106"
"Sep 14, 2026 @ 11:15:36.033","Cyber-DC","Windows Logon Success","3","60106"
"Sep 14, 2026 @ 11:15:35.960","Cyber-DC","Special privileges assigned to new logon.","3","67028"
"Sep 14, 2026 @ 11:15:35.960","Cyber-DC","Windows Logon Success","3","60106"
"Sep 14, 2026 @ 11:15:35.952","Cyber-DC","Special privileges assigned to new logon.","3","67028"
"Sep 14, 2026 @ 11:15:35.944","Cyber-DC","Non network or service local logon.","3","67022"
"Sep 14, 2026 @ 11:15:35.935","Cyber-DC","Non network or service local logon.","3","67022"
"Sep 14, 2026 @ 11:15:35.922","Cyber-DC","Non network or service local logon.","3","67022"
"Sep 14, 2026 @ 11:15:35.914","Cyber-DC","Non network or service local logon.","3","67022"
"Sep 14, 2026 @ 11:15:35.891","Cyber-DC","Windows Logon Success","3","60106"
"Sep 14, 2026 @ 11:15:34.718","Cyber-DC","Successful Remote Logon Detected - User:\Administrator - NTLM authentication, possible pass-the-hash attack - Possible RDP connection. Verify that attacker is allowed to perform RDP connections","6","92657"
"Sep 14, 2026 @ 11:15:34.718","Cyber-DC","Special privileges assigned to new logon.","3","67028"
"Sep 14, 2026 @ 11:15:23.037","Cyber-DC","Windows User Logoff","3","60137"
"Sep 14, 2026 @ 11:15:23.036","Cyber-DC","Windows Logon Success","3","60106"
"Sep 14, 2026 @ 11:14:23.668","Cyber-DC","Windows User Logoff","3","60137"
"Sep 14, 2026 @ 11:14:23.666","Cyber-DC","Windows Logon Success","3","60106"
"Sep 14, 2026 @ 11:14:19.356","Cyber-DC","Registry Value Integrity Checksum Changed","5","750"
"Sep 14, 2026 @ 11:14:19.352","Cyber-DC","Registry Key Integrity Checksum Changed","5","594"
"Sep 14, 2026 @ 11:14:19.033","Cyber-DC","Windows User Logoff","3","60137"
"Sep 14, 2026 @ 11:14:15.306","Cyber-DC","Registry Key Integrity Checksum Changed","5","594"
"Sep 14, 2026 @ 11:14:13.308","Cyber-DC","Windows Logon Success","3","60106"
"Sep 14, 2026 @ 11:14:13.294","Cyber-DC","Non service account logged off.","3","67023"
"Sep 14, 2026 @ 11:14:13.276","Cyber-DC","Non service account logged off.","3","67023"
"Sep 14, 2026 @ 11:14:13.264","Cyber-DC","Non service account logged off.","3","67023"
"Sep 14, 2026 @ 11:14:13.263","Cyber-DC","Non service account logged off.","3","67023"
"Sep 14, 2026 @ 11:14:13.263","Cyber-DC","Non service account logged off.","3","67023"
"Sep 14, 2026 @ 11:14:11.914","Cyber-DC","Windows Logon Success","3","60106"
"Sep 14, 2026 @ 11:14:11.836","Cyber-DC","Windows User Logoff","3","60137"
"Sep 14, 2026 @ 11:14:11.505","Cyber-DC","Windows Logon Success","3","60106"
"Sep 14, 2026 @ 11:14:10.130","Cyber-DC","Special privileges assigned to new logon.","3","67028"
"Sep 14, 2026 @ 11:14:10.118","Cyber-DC","Windows Workstation Logon Success","3","60118"
"Sep 14, 2026 @ 11:14:10.116","Cyber-DC","Windows Logon Success","3","60106"
"Sep 14, 2026 @ 11:14:05.860","Cyber-Window-cilent","Registry Value Integrity Checksum Changed","5","750"
"Sep 14, 2026 @ 11:14:05.812","Cyber-Window-cilent","Registry Value Integrity Checksum Changed","5","750"
"Sep 14, 2026 @ 11:14:05.797","Cyber-Window-cilent","Registry Key Integrity Checksum Changed","5","594"
"Sep 14, 2026 @ 11:14:05.797","Cyber-Window-cilent","Registry Value Integrity Checksum Changed","5","750"
"Sep 14, 2026 @ 11:14:05.797","Cyber-Window-cilent","Registry Value Integrity Checksum Changed","5","750"
"Sep 14, 2026 @ 11:14:05.767","Cyber-Window-cilent","Registry Key Integrity Checksum Changed","5","594"
"Sep 14, 2026 @ 11:13:57.098","Cyber-DC","Windows User Logoff","3","60137"
"Sep 14, 2026 @ 11:13:55.090","Cyber-Window-cilent","Windows Logon Success","3","60106"
"Sep 14, 2026 @ 11:13:53.670","Cyber-Window-cilent","Windows Logon Success","3","60106"
"Sep 14, 2026 @ 11:13:53.668","Cyber-Window-cilent","Windows Logon Success","3","60106"
"Sep 14, 2026 @ 11:13:46.538","Cyber-DC","Windows User Logoff","3","60137"
"Sep 14, 2026 @ 11:13:46.538","Cyber-DC","Windows User Logoff","3","60137"
"Sep 14, 2026 @ 11:13:46.519","Cyber-DC","Windows Logon Success","3","60106"
"Sep 14, 2026 @ 11:13:46.486","Cyber-DC","Windows User Logoff","3","60137"
"Sep 14, 2026 @ 11:13:46.469","Cyber-DC","Windows User Logoff","3","60137"
"Sep 14, 2026 @ 11:13:46.422","Cyber-DC","Windows Logon Success","3","60106"
"Sep 14, 2026 @ 11:13:46.415","Cyber-DC","Windows Logon Success","3","60106"
"Sep 14, 2026 @ 11:13:46.412","Cyber-DC","Windows Logon Success","3","60106"
"Sep 14, 2026 @ 11:13:45.201","Cyber-DC","Windows User Logoff","3","60137"
"Sep 14, 2026 @ 11:13:45.188","Cyber-DC","Windows Logon Success","3","60106"
"Sep 14, 2026 @ 11:13:45.159","Cyber-DC","Windows User Logoff","3","60137"
"Sep 14, 2026 @ 11:13:45.158","Cyber-DC","Windows Logon Success","3","60106"
"Sep 14, 2026 @ 11:13:23.655","Cyber-DC","Windows User Logoff","3","60137"
"Sep 14, 2026 @ 11:13:23.650","Cyber-DC","Windows Logon Success","3","60106"
"Sep 14, 2026 @ 11:13:12.695","Cyber-DC","Windows User Logoff","3","60137"
"Sep 14, 2026 @ 11:12:23.641","Cyber-DC","Windows User Logoff","3","60137"
"Sep 14, 2026 @ 11:12:23.638","Cyber-DC","Windows Logon Success","3","60106"
"Sep 14, 2026 @ 11:11:44.014","Cyber-DC","Registry Value Integrity Checksum Changed","5","750"
"Sep 14, 2026 @ 11:11:44.014","Cyber-DC","Registry Value Integrity Checksum Changed","5","750"
"Sep 14, 2026 @ 11:11:43.973","Cyber-DC","Registry Key Integrity Checksum Changed","5","594"
"Sep 14, 2026 @ 11:11:41.393","Cyber-DC","Windows User Logoff","3","60137"
"Sep 14, 2026 @ 11:11:20.478","Cyber-DC","Windows User Logoff","3","60137"
"Sep 14, 2026 @ 11:11:20.476","Cyber-DC","Windows Logon Success","3","60106"
"Sep 14, 2026 @ 11:11:12.778","Cyber-DC","Integrity checksum changed.","7","550"
"Sep 14, 2026 @ 11:11:09.549","Cyber-DC","Integrity checksum changed.","7","550"
"Sep 14, 2026 @ 11:10:33.402","Cyber-DC","Windows User Logoff","3","60137"
"Sep 14, 2026 @ 11:10:20.484","Cyber-DC","Windows User Logoff","3","60137"
"Sep 14, 2026 @ 11:10:20.472","Cyber-DC","Windows Logon Success","3","60106"
"Sep 14, 2026 @ 11:10:19.785","Cyber-Window-cilent","Registry Value Integrity Checksum Changed","5","750"
"Sep 14, 2026 @ 11:10:19.737","Cyber-Window-cilent","Registry Value Integrity Checksum Changed","5","750"
"Sep 14, 2026 @ 11:10:19.723","Cyber-Window-cilent","Registry Key Integrity Checksum Changed","5","594"
"Sep 14, 2026 @ 11:10:19.723","Cyber-Window-cilent","Registry Value Integrity Checksum Changed","5","750"
"Sep 14, 2026 @ 11:10:19.722","Cyber-Window-cilent","Registry Value Integrity Checksum Changed","5","750"
"Sep 14, 2026 @ 11:10:19.687","Cyber-Window-cilent","Registry Key Integrity Checksum Changed","5","594"
"Sep 14, 2026 @ 11:10:18.694","Cyber-DC","Windows User Logoff","3","60137"
"Sep 14, 2026 @ 11:10:05.932","Cyber-DC","Windows User Logoff","3","60137"
"Sep 14, 2026 @ 11:09:20.476","Cyber-DC","Windows User Logoff","3","60137"
"Sep 14, 2026 @ 11:09:20.474","Cyber-DC","Windows Logon Success","3","60106"
"Sep 14, 2026 @ 11:09:05.284","Cyber-DC","Registry Key Integrity Checksum Changed","5","594"
"Sep 14, 2026 @ 11:09:01.390","Cyber-DC","Windows User Logoff","3","60137"
"Sep 14, 2026 @ 11:09:00.390","Cyber-DC","Windows User Logoff","3","60137"
"Sep 14, 2026 @ 11:08:54.997","Cyber-DC","Windows User Logoff","3","60137"
"Sep 14, 2026 @ 11:08:46.449","Cyber-DC","Windows User Logoff","3","60137"
"Sep 14, 2026 @ 11:08:46.433","Cyber-DC","Windows User Logoff","3","60137"
"Sep 14, 2026 @ 11:08:46.417","Cyber-DC","Windows Logon Success","3","60106"
"Sep 14, 2026 @ 11:08:46.381","Cyber-DC","Windows User Logoff","3","60137"
"Sep 14, 2026 @ 11:08:46.364","Cyber-DC","Windows User Logoff","3","60137"
"Sep 14, 2026 @ 11:08:46.334","Cyber-DC","Windows Logon Success","3","60106"
"Sep 14, 2026 @ 11:08:46.329","Cyber-DC","Windows Logon Success","3","60106"
"Sep 14, 2026 @ 11:08:46.326","Cyber-DC","Windows Logon Success","3","60106"
"Sep 14, 2026 @ 11:08:46.323","Cyber-DC","Windows Logon Success","3","60106"
"Sep 14, 2026 @ 11:08:44.275","Cyber-DC","Windows User Logoff","3","60137"
"Sep 14, 2026 @ 11:08:44.275","Cyber-DC","Windows Logon Success","3","60106"
"Sep 14, 2026 @ 11:08:44.268","Cyber-DC","Windows User Logoff","3","60137"
"Sep 14, 2026 @ 11:08:44.266","Cyber-DC","Windows Logon Success","3","60106"
"Sep 14, 2026 @ 11:08:44.262","Cyber-DC","Windows Logon Success","3","60106"
"Sep 14, 2026 @ 11:08:20.445","Cyber-DC","Windows User Logoff","3","60137"
"Sep 14, 2026 @ 11:08:20.444","Cyber-DC","Windows Logon Success","3","60106"
"Sep 14, 2026 @ 11:08:13.565","Cyber-DC","Windows Logon Success","3","60106"
"Sep 14, 2026 @ 11:08:00.468","Cyber-DC","Windows User Logoff","3","60137"
"Sep 14, 2026 @ 11:07:21.617","Cyber-Window-cilent","Software protection service scheduled successfully.","3","60642"
"Sep 14, 2026 @ 11:07:20.444","Cyber-DC","Windows User Logoff","3","60137"
"Sep 14, 2026 @ 11:07:20.443","Cyber-DC","Windows Logon Success","3","60106"
"Sep 14, 2026 @ 11:06:56.087","Cyber-DC","Windows User Logoff","3","60137"
"Sep 14, 2026 @ 11:06:51.904","Cyber-DC","Windows User Logoff","3","60137"
"Sep 14, 2026 @ 11:06:50.808","Cyber-DC","Windows User Logoff","3","60137"
"Sep 14, 2026 @ 11:06:50.802","Cyber-DC","Windows User Logoff","3","60137"
"Sep 14, 2026 @ 11:06:20.438","Cyber-DC","Windows User Logoff","3","60137"
"Sep 14, 2026 @ 11:06:20.435","Cyber-DC","Windows Logon Success","3","60106"
"Sep 14, 2026 @ 11:05:35.917","Cyber-DC","Windows User Logoff","3","60137"
"Sep 14, 2026 @ 11:05:21.973","Cyber-Window-cilent","Registry Value Integrity Checksum Changed","5","750"
"Sep 14, 2026 @ 11:05:21.931","Cyber-Window-cilent","Registry Value Integrity Checksum Changed","5","750"
"Sep 14, 2026 @ 11:05:21.916","Cyber-Window-cilent","Registry Value Integrity Checksum Changed","5","750"
"Sep 14, 2026 @ 11:05:21.915","Cyber-Window-cilent","Registry Value Integrity Checksum Changed","5","750"
"Sep 14, 2026 @ 11:05:21.915","Cyber-Window-cilent","Registry Key Integrity Checksum Changed","5","594"
"Sep 14, 2026 @ 11:05:21.891","Cyber-Window-cilent","Registry Key Integrity Checksum Changed","5","594"
"Sep 14, 2026 @ 11:05:19.862","Cyber-DC","Windows User Logoff","3","60137"
"Sep 14, 2026 @ 11:05:19.861","Cyber-DC","Windows Logon Success","3","60106"
"Sep 14, 2026 @ 11:05:18.816","Cyber-DC","Windows Logon Success","3","60106"
"Sep 14, 2026 @ 11:05:18.811","Cyber-DC","Windows Logon Success","3","60106"
"Sep 14, 2026 @ 11:05:17.484","Cyber-DC","Windows Logon Success","3","60106"
"Sep 14, 2026 @ 11:05:17.430","Cyber-DC","Windows Logon Success","3","60106"
"Sep 14, 2026 @ 11:05:15.410","Cyber-DC","Windows Logon Success","3","60106"
"Sep 14, 2026 @ 11:05:15.406","Cyber-DC","Windows Logon Success","3","60106"
"Sep 14, 2026 @ 11:04:31.355","Cyber-DC","Registry Value Integrity Checksum Changed","5","750"
"Sep 14, 2026 @ 11:04:31.354","Cyber-DC","Registry Value Integrity Checksum Changed","5","750"
"Sep 14, 2026 @ 11:04:31.313","Cyber-DC","Registry Value Integrity Checksum Changed","5","750"
"Sep 14, 2026 @ 11:04:31.298","Cyber-DC","Registry Key Integrity Checksum Changed","5","594"
"Sep 14, 2026 @ 11:04:31.297","Cyber-DC","Registry Value Integrity Checksum Changed","5","750"
"Sep 14, 2026 @ 11:04:31.297","Cyber-DC","Registry Value Integrity Checksum Changed","5","750"
"Sep 14, 2026 @ 11:04:31.275","Cyber-DC","Registry Key Integrity Checksum Changed","5","594"
"Sep 14, 2026 @ 11:04:26.159","Cyber-DC","Registry Key Integrity Checksum Changed","5","594"
"Sep 14, 2026 @ 11:04:25.510","Cyber-DC","Registry Value Integrity Checksum Changed","5","750"
"Sep 14, 2026 @ 11:04:25.509","Cyber-DC","Registry Key Integrity Checksum Changed","5","594"
"Sep 14, 2026 @ 11:04:19.846","Cyber-DC","Windows User Logoff","3","60137"
"Sep 14, 2026 @ 11:04:19.845","Cyber-DC","Windows Logon Success","3","60106"
"Sep 14, 2026 @ 11:03:57.003","Cyber-DC","Windows User Logoff","3","60137"
"Sep 14, 2026 @ 11:03:54.671","Cyber-DC","Windows User Logoff","3","60137"
"Sep 14, 2026 @ 11:03:46.319","Cyber-DC","Windows User Logoff","3","60137"
"Sep 14, 2026 @ 11:03:46.303","Cyber-DC","Windows User Logoff","3","60137"
"Sep 14, 2026 @ 11:03:46.287","Cyber-DC","Windows Logon Success","3","60106"
"Sep 14, 2026 @ 11:03:46.274","Cyber-DC","Windows User Logoff","3","60137"
"Sep 14, 2026 @ 11:03:46.273","Cyber-DC","Windows User Logoff","3","60137"
"Sep 14, 2026 @ 11:03:46.260","Cyber-DC","Windows Logon Success","3","60106"
"Sep 14, 2026 @ 11:03:46.255","Cyber-DC","Windows Logon Success","3","60106"
"Sep 14, 2026 @ 11:03:46.249","Cyber-DC","Windows Logon Success","3","60106"
"Sep 14, 2026 @ 11:03:43.688","Cyber-DC","Windows User Logoff","3","60137"
"Sep 14, 2026 @ 11:03:43.687","Cyber-DC","Windows Logon Success","3","60106"
"Sep 14, 2026 @ 11:03:43.643","Cyber-DC","Windows User Logoff","3","60137"
"Sep 14, 2026 @ 11:03:43.643","Cyber-DC","Windows Logon Success","3","60106"
"Sep 14, 2026 @ 11:03:38.084","Cyber-DC","Windows User Logoff","3","60137"
"Sep 14, 2026 @ 11:03:25.053","Cyber-Window-cilent","Registry Value Integrity Checksum Changed","5","750"
"Sep 14, 2026 @ 11:03:25.052","Cyber-Window-cilent","Registry Value Integrity Checksum Changed","5","750"
"Sep 14, 2026 @ 11:03:25.052","Cyber-Window-cilent","Registry Key Integrity Checksum Changed","5","594"
"Sep 14, 2026 @ 11:03:25.022","Cyber-Window-cilent","Registry Key Integrity Checksum Changed","5","594"
"Sep 14, 2026 @ 11:03:19.891","Cyber-DC","Windows User Logoff","3","60137"
"Sep 14, 2026 @ 11:03:19.890","Cyber-DC","Windows Logon Success","3","60106"
"Sep 14, 2026 @ 11:03:10.893","Cyber-DC","Registry Value Integrity Checksum Changed","5","750"
"Sep 14, 2026 @ 11:03:10.892","Cyber-DC","Registry Key Integrity Checksum Changed","5","594"
"Sep 14, 2026 @ 11:03:06.544","Cyber-DC","Registry Value Integrity Checksum Changed","5","750"
"Sep 14, 2026 @ 11:03:06.544","Cyber-DC","Registry Key Integrity Checksum Changed","5","594"
"Sep 14, 2026 @ 11:02:19.816","Cyber-DC","Windows User Logoff","3","60137"
"Sep 14, 2026 @ 11:02:19.815","Cyber-DC","Windows Logon Success","3","60106"
"Sep 14, 2026 @ 11:01:34.078","Cyber-DC","Windows User Logoff","3","60137"
"Sep 14, 2026 @ 11:01:15.626","Cyber-DC","Windows User Logoff","3","60137"
"Sep 14, 2026 @ 11:01:15.625","Cyber-DC","Windows Logon Success","3","60106"
"Sep 14, 2026 @ 11:00:36.609","Cyber-DC","Windows User Logoff","3","60137"
"Sep 14, 2026 @ 11:00:36.608","Cyber-DC","Windows User Logoff","3","60137"
"Sep 14, 2026 @ 11:00:15.638","Cyber-DC","Windows User Logoff","3","60137"
"Sep 14, 2026 @ 11:00:15.637","Cyber-DC","Windows Logon Success","3","60106"
"Sep 14, 2026 @ 11:00:04.613","Cyber-DC","Windows User Logoff","3","60137"
"Sep 14, 2026 @ 11:00:01.700","Cyber-Window-cilent","Registry Value Integrity Checksum Changed","5","750"
"Sep 14, 2026 @ 11:00:01.686","Cyber-Window-cilent","Registry Value Integrity Checksum Changed","5","750"
"Sep 14, 2026 @ 11:00:01.676","Cyber-Window-cilent","Registry Value Integrity Checksum Changed","5","750"
"Sep 14, 2026 @ 11:00:01.675","Cyber-Window-cilent","Registry Key Integrity Checksum Changed","5","594"
"Sep 14, 2026 @ 11:00:01.671","Cyber-Window-cilent","Registry Value Integrity Checksum Changed","5","750"
"Sep 14, 2026 @ 11:00:00.653","Cyber-Window-cilent","Registry Key Integrity Checksum Changed","5","594"
"Sep 14, 2026 @ 10:59:51.506","Cyber-Window-cilent","Windows User Logoff","3","60137"
"Sep 14, 2026 @ 10:59:51.492","Cyber-Window-cilent","Windows Logon Success","3","60106"
"Sep 14, 2026 @ 10:59:51.459","Cyber-Window-cilent","Windows User Logoff","3","60137"
"Sep 14, 2026 @ 10:59:51.449","Cyber-DC","Windows User Logoff","3","60137"
"Sep 14, 2026 @ 10:59:51.448","Cyber-Window-cilent","Windows Logon Success","3","60106"
"Sep 14, 2026 @ 10:59:51.444","Cyber-DC","Windows User Logoff","3","60137"
"Sep 14, 2026 @ 10:59:48.600","Cyber-DC","Windows User Logoff","3","60137"
"Sep 14, 2026 @ 10:59:36.830","Cyber-DC","Windows User Logoff","3","60137"
"Sep 14, 2026 @ 10:59:36.787","Cyber-DC","Windows User Logoff","3","60137"
"Sep 14, 2026 @ 10:59:36.717","Cyber-Window-cilent","Windows Logon Success","3","60106"
"Sep 14, 2026 @ 10:59:21.348","Cyber-DC","Registry Key Integrity Checksum Changed","5","594"
"Sep 14, 2026 @ 10:59:15.615","Cyber-DC","Windows User Logoff","3","60137"
"Sep 14, 2026 @ 10:59:15.614","Cyber-DC","Windows Logon Success","3","60106"
"Sep 14, 2026 @ 10:59:13.185","Cyber-DC","Windows User Logoff","3","60137"
"Sep 14, 2026 @ 10:59:13.185","Cyber-DC","Windows User Logoff","3","60137"
"Sep 14, 2026 @ 10:59:13.181","Cyber-DC","Windows User Logoff","3","60137"
"Sep 14, 2026 @ 10:59:13.172","Cyber-DC","Windows Logon Success","3","60106"
"Sep 14, 2026 @ 10:59:00.363","Cyber-DC","Windows User Logoff","3","60137"
"Sep 14, 2026 @ 10:58:59.288","Cyber-DC","Windows User Logoff","3","60137"
"Sep 14, 2026 @ 10:58:54.994","Cyber-DC","Windows User Logoff","3","60137"
"Sep 14, 2026 @ 10:58:46.329","Cyber-DC","Windows User Logoff","3","60137"
"Sep 14, 2026 @ 10:58:46.313","Cyber-DC","Windows User Logoff","3","60137"
"Sep 14, 2026 @ 10:58:46.296","Cyber-DC","Windows Logon Success","3","60106"
"Sep 14, 2026 @ 10:58:46.264","Cyber-DC","Windows User Logoff","3","60137"
"Sep 14, 2026 @ 10:58:46.263","Cyber-DC","Windows User Logoff","3","60137"
"Sep 14, 2026 @ 10:58:46.212","Cyber-DC","Windows Logon Success","3","60106"
"Sep 14, 2026 @ 10:58:46.198","Cyber-DC","Windows Logon Success","3","60106"
"Sep 14, 2026 @ 10:58:46.194","Cyber-DC","Windows Logon Success","3","60106"
"Sep 14, 2026 @ 10:58:44.242","Cyber-DC","Windows Logon Success","3","60106"
"Sep 14, 2026 @ 10:58:42.841","Cyber-DC","Windows User Logoff","3","60137"
"Sep 14, 2026 @ 10:58:42.825","Cyber-DC","Windows Logon Success","3","60106"
"Sep 14, 2026 @ 10:58:42.801","Cyber-DC","Windows User Logoff","3","60137"
"Sep 14, 2026 @ 10:58:42.800","Cyber-DC","Windows Logon Success","3","60106"
"Sep 14, 2026 @ 10:58:15.593","Cyber-DC","Windows User Logoff","3","60137"
"Sep 14, 2026 @ 10:58:15.590","Cyber-DC","Windows Logon Success","3","60106"
"Sep 14, 2026 @ 10:57:38.984","Cyber-DC","Windows User Logoff","3","60137"
"Sep 14, 2026 @ 10:57:11.993","Cyber-DC","Windows User Logoff","3","60137"
"Sep 14, 2026 @ 10:57:11.992","Cyber-DC","Windows Logon Success","3","60106"
"Sep 14, 2026 @ 10:56:18.993","Cyber-DC","Windows User Logoff","3","60137"
"Sep 14, 2026 @ 10:56:12.047","Cyber-DC","Windows User Logoff","3","60137"
"Sep 14, 2026 @ 10:56:12.046","Cyber-DC","Windows Logon Success","3","60106"
"Sep 14, 2026 @ 10:55:58.693","Cyber-Window-cilent","Registry Value Integrity Checksum Changed","5","750"
"Sep 14, 2026 @ 10:55:58.692","Cyber-Window-cilent","Registry Value Integrity Checksum Changed","5","750"
"Sep 14, 2026 @ 10:55:58.651","Cyber-Window-cilent","Registry Key Integrity Checksum Changed","5","594"
"Sep 14, 2026 @ 10:55:36.684","Cyber-DC","Windows Logon Success","3","60106"
"Sep 14, 2026 @ 10:55:33.845","Cyber-Window-cilent","Software protection service scheduled successfully.","3","60642"
"Sep 14, 2026 @ 10:55:06.932","Cyber-DC","Windows User Logoff","3","60137"
"Sep 14, 2026 @ 10:55:06.932","Cyber-DC","Windows Logon Success","3","60106"
"Sep 14, 2026 @ 10:55:04.111","Cyber-DC","Windows User Logoff","3","60137"
"Sep 14, 2026 @ 10:55:02.973","Cyber-DC","Windows User Logoff","3","60137"
"Sep 14, 2026 @ 10:55:02.971","Cyber-DC","Windows User Logoff","3","60137"
"Sep 14, 2026 @ 10:54:58.175","Cyber-DC","Windows User Logoff","3","60137"
"Sep 14, 2026 @ 10:54:42.618","Cyber-Window-cilent","Registry Value Integrity Checksum Changed","5","750"
"Sep 14, 2026 @ 10:54:42.571","Cyber-Window-cilent","Registry Value Integrity Checksum Changed","5","750"
"Sep 14, 2026 @ 10:54:42.557","Cyber-Window-cilent","Registry Value Integrity Checksum Changed","5","750"
"Sep 14, 2026 @ 10:54:42.557","Cyber-Window-cilent","Registry Value Integrity Checksum Changed","5","750"
"Sep 14, 2026 @ 10:54:42.557","Cyber-Window-cilent","Registry Key Integrity Checksum Changed","5","594"
"Sep 14, 2026 @ 10:54:42.525","Cyber-Window-cilent","Registry Key Integrity Checksum Changed","5","594"
"Sep 14, 2026 @ 10:54:14.771","Cyber-DC","Registry Value Integrity Checksum Changed","5","750"
"Sep 14, 2026 @ 10:54:14.771","Cyber-DC","Registry Key Integrity Checksum Changed","5","594"
"Sep 14, 2026 @ 10:54:14.542","Cyber-DC","Registry Key Integrity Checksum Changed","5","594"
"Sep 14, 2026 @ 10:54:06.904","Cyber-DC","Windows User Logoff","3","60137"
"Sep 14, 2026 @ 10:54:06.903","Cyber-DC","Windows Logon Success","3","60106"
"Sep 14, 2026 @ 10:53:56.911","Cyber-DC","Windows User Logoff","3","60137"
"Sep 14, 2026 @ 10:53:51.767","Cyber-DC","Windows User Logoff","3","60137"
"Sep 14, 2026 @ 10:53:46.195","Cyber-DC","Windows User Logoff","3","60137"
"Sep 14, 2026 @ 10:53:46.180","Cyber-DC","Windows User Logoff","3","60137"
"Sep 14, 2026 @ 10:53:46.164","Cyber-DC","Windows Logon Success","3","60106"
"Sep 14, 2026 @ 10:53:46.132","Cyber-DC","Windows User Logoff","3","60137"
"Sep 14, 2026 @ 10:53:46.131","Cyber-DC","Windows User Logoff","3","60137"
"Sep 14, 2026 @ 10:53:46.126","Cyber-DC","Windows Logon Success","3","60106"
"Sep 14, 2026 @ 10:53:46.121","Cyber-DC","Windows Logon Success","3","60106"
"Sep 14, 2026 @ 10:53:46.117","Cyber-DC","Windows Logon Success","3","60106"
"Sep 14, 2026 @ 10:53:42.390","Cyber-DC","Windows User Logoff","3","60137"
"Sep 14, 2026 @ 10:53:42.389","Cyber-DC","Windows Logon Success","3","60106"
"Sep 14, 2026 @ 10:53:42.384","Cyber-DC","Windows User Logoff","3","60137"
"Sep 14, 2026 @ 10:53:42.381","Cyber-DC","Windows Logon Success","3","60106"
"Sep 14, 2026 @ 10:53:38.127","Cyber-DC","Windows User Logoff","3","60137"
"Sep 14, 2026 @ 10:53:11.002","Cyber-DC","Registry Value Integrity Checksum Changed","5","750"
"Sep 14, 2026 @ 10:53:11.001","Cyber-DC","Registry Key Integrity Checksum Changed","5","594"
"Sep 14, 2026 @ 10:53:10.738","Cyber-DC","Registry Key Integrity Checksum Changed","5","594"
"Sep 14, 2026 @ 10:53:10.737","Cyber-DC","Registry Value Entry Added to the System","5","752"
"Sep 14, 2026 @ 10:53:09.719","Cyber-DC","Registry Value Entry Added to the System","5","752"
"Sep 14, 2026 @ 10:53:09.718","Cyber-DC","Registry Value Entry Added to the System","5","752"
"Sep 14, 2026 @ 10:53:09.718","Cyber-DC","Registry Value Entry Added to the System","5","752"
"Sep 14, 2026 @ 10:53:09.717","Cyber-DC","Registry Key Entry Added to the System","5","598"
"Sep 14, 2026 @ 10:53:09.712","Cyber-DC","Registry Value Entry Added to the System","5","752"
"Sep 14, 2026 @ 10:53:09.710","Cyber-DC","Registry Key Entry Added to the System","5","598"
"Sep 14, 2026 @ 10:53:09.707","Cyber-DC","Registry Key Entry Added to the System","5","598"
"Sep 14, 2026 @ 10:53:09.702","Cyber-DC","Registry Value Entry Added to the System","5","752"
"Sep 14, 2026 @ 10:53:09.699","Cyber-DC","Registry Value Entry Added to the System","5","752"
"Sep 14, 2026 @ 10:53:09.698","Cyber-DC","Registry Key Entry Added to the System","5","598"
"Sep 14, 2026 @ 10:53:08.551","Cyber-DC","Registry Key Integrity Checksum Changed","5","594"
"Sep 14, 2026 @ 10:53:08.543","Cyber-DC","Registry Value Entry Added to the System","5","752"
"Sep 14, 2026 @ 10:53:08.542","Cyber-DC","Registry Key Entry Added to the System","5","598"
"Sep 14, 2026 @ 10:53:07.966","Cyber-DC","Registry Value Entry Added to the System","5","752"
"Sep 14, 2026 @ 10:53:07.965","Cyber-DC","Registry Value Entry Added to the System","5","752"
"Sep 14, 2026 @ 10:53:07.952","Cyber-DC","Registry Key Integrity Checksum Changed","5","594"
"Sep 14, 2026 @ 10:53:07.851","Cyber-DC","Registry Value Integrity Checksum Changed","5","750"
"Sep 14, 2026 @ 10:53:07.851","Cyber-DC","Registry Key Integrity Checksum Changed","5","594"
"Sep 14, 2026 @ 10:53:06.907","Cyber-DC","Windows User Logoff","3","60137"
"Sep 14, 2026 @ 10:53:06.907","Cyber-DC","Windows Logon Success","3","60106"
"Sep 14, 2026 @ 10:53:05.507","Cyber-DC","Registry Key Integrity Checksum Changed","5","594"
"Sep 14, 2026 @ 10:53:04.030","Cyber-DC","Registry Value Integrity Checksum Changed","5","750"
"Sep 14, 2026 @ 10:53:03.986","Cyber-DC","Registry Key Integrity Checksum Changed","5","594"
"Sep 14, 2026 @ 10:52:22.556","Cyber-DC","Non service account logged off.","3","67023"
"Sep 14, 2026 @ 10:52:22.515","Cyber-DC","Non service account logged off.","3","67023"
"Sep 14, 2026 @ 10:52:21.102","Cyber-DC","Non service account logged off.","3","67023"
"Sep 14, 2026 @ 10:52:21.100","Cyber-DC","Non service account logged off.","3","67023"
"Sep 14, 2026 @ 10:52:21.092","Cyber-DC","Non service account logged off.","3","67023"
"Sep 14, 2026 @ 10:52:19.533","Cyber-DC","Windows User Logoff","3","60137"
"Sep 14, 2026 @ 10:52:19.517","Cyber-DC","Special privileges assigned to new logon.","3","67028"
"Sep 14, 2026 @ 10:52:19.509","Cyber-DC","Special privileges assigned to new logon.","3","67028"
"Sep 14, 2026 @ 10:52:19.506","Cyber-DC","Non network or service local logon.","3","67022"
"Sep 14, 2026 @ 10:52:19.493","Cyber-DC","Non network or service local logon.","3","67022"
"Sep 14, 2026 @ 10:52:19.346","Cyber-DC","Non network or service local logon.","3","67022"
"Sep 14, 2026 @ 10:52:19.234","Cyber-DC","Non network or service local logon.","3","67022"
"Sep 14, 2026 @ 10:52:17.274","Cyber-DC","Windows Logon Success","3","60106"
"Sep 14, 2026 @ 10:52:17.257","Cyber-DC","Windows Logon Success","3","60106"
"Sep 14, 2026 @ 10:52:17.255","Cyber-DC","Special privileges assigned to new logon.","3","67028"
"Sep 14, 2026 @ 10:52:17.253","Cyber-DC","User: CORP\Administrator logged using Remote Desktop Connection (RDP) from ip:11.0.0.10.","3","92653"
"Sep 14, 2026 @ 10:52:17.248","Cyber-DC","Windows Logon Success","3","60106"
"Sep 14, 2026 @ 10:52:17.237","Cyber-DC","Windows Logon Success","3","60106"
"Sep 14, 2026 @ 10:52:16.534","Cyber-DC","Special privileges assigned to new logon.","3","67028"
"Sep 14, 2026 @ 10:52:16.527","Cyber-DC","Special privileges assigned to new logon.","3","67028"
"Sep 14, 2026 @ 10:52:16.446","Cyber-DC","Non network or service local logon.","3","67022"
"Sep 14, 2026 @ 10:52:16.410","Cyber-DC","Non network or service local logon.","3","67022"
"Sep 14, 2026 @ 10:52:16.301","Cyber-DC","Non network or service local logon.","3","67022"
"Sep 14, 2026 @ 10:52:16.273","Cyber-DC","Non network or service local logon.","3","67022"
"Sep 14, 2026 @ 10:52:16.206","Cyber-DC","Windows Logon Success","3","60106"
"Sep 14, 2026 @ 10:52:15.090","Cyber-DC","Successful Remote Logon Detected - User:\Administrator - NTLM authentication, possible pass-the-hash attack - Possible RDP connection. Verify that attacker is allowed to perform RDP connections","6","92657"
"Sep 14, 2026 @ 10:52:15.081","Cyber-DC","Special privileges assigned to new logon.","3","67028"
"Sep 14, 2026 @ 10:52:06.847","Cyber-DC","Windows User Logoff","3","60137"
"Sep 14, 2026 @ 10:52:06.845","Cyber-DC","Windows Logon Success","3","60106"
"Sep 14, 2026 @ 10:52:03.186","Cyber-DC","Registry Value Entry Added to the System","5","752"
"Sep 14, 2026 @ 10:52:03.174","Cyber-DC","Registry Key Integrity Checksum Changed","5","594"
"Sep 14, 2026 @ 10:52:03.174","Cyber-DC","Registry Value Integrity Checksum Changed","5","750"
"Sep 14, 2026 @ 10:52:03.133","Cyber-DC","Registry Key Integrity Checksum Changed","5","594"
"Sep 14, 2026 @ 10:51:59.383","Cyber-DC","Registry Value Integrity Checksum Changed","5","750"
"Sep 14, 2026 @ 10:51:59.376","Cyber-DC","Registry Value Integrity Checksum Changed","5","750"
"Sep 14, 2026 @ 10:51:59.375","Cyber-DC","Registry Key Integrity Checksum Changed","5","594"
"Sep 14, 2026 @ 10:51:58.356","Cyber-DC","Registry Value Entry Added to the System","5","752"
"Sep 14, 2026 @ 10:51:58.356","Cyber-DC","Registry Key Integrity Checksum Changed","5","594"
"Sep 14, 2026 @ 10:51:06.963","Cyber-DC","Windows User Logoff","3","60137"
"Sep 14, 2026 @ 10:51:06.961","Cyber-DC","Windows Logon Success","3","60106"
"Sep 14, 2026 @ 10:51:00.051","Cyber-DC","Windows User Logoff","3","60137"
"Sep 14, 2026 @ 10:50:51.755","Cyber-DC","Computer account added/changed/deleted","5","60121"
"Sep 14, 2026 @ 10:50:51.724","Cyber-DC","Computer account added/changed/deleted","5","60121"
"Sep 14, 2026 @ 10:50:51.691","Cyber-DC","Windows Logon Success","3","60106"
"Sep 14, 2026 @ 10:50:51.579","Cyber-DC","Windows Logon Success","3","60106"
"Sep 14, 2026 @ 10:50:51.564","Cyber-DC","Windows Logon Success","3","60106"
"Sep 14, 2026 @ 10:50:51.563","Cyber-DC","Windows Logon Success","3","60106"
"Sep 14, 2026 @ 10:50:51.557","Cyber-DC","Windows Logon Success","3","60106"
"Sep 14, 2026 @ 10:50:28.682","Cyber-DC","Registry Value Integrity Checksum Changed","5","750"
"Sep 14, 2026 @ 10:50:28.681","Cyber-DC","Registry Value Integrity Checksum Changed","5","750"
"Sep 14, 2026 @ 10:50:28.679","Cyber-DC","Registry Value Integrity Checksum Changed","5","750"
"Sep 14, 2026 @ 10:50:28.678","Cyber-DC","Registry Key Integrity Checksum Changed","5","594"
"Sep 14, 2026 @ 10:50:06.832","Cyber-DC","Windows Logon Success","3","60106"
"Sep 14, 2026 @ 10:50:06.832","Cyber-DC","Windows User Logoff","3","60137"
"Sep 14, 2026 @ 10:49:36.877","Cyber-DC","Windows User Logoff","3","60137"
"Sep 14, 2026 @ 10:49:31.592","Cyber-DC","Windows User Logoff","3","60137"
"Sep 14, 2026 @ 10:49:30.942","Cyber-DC","Registry Key Integrity Checksum Changed","5","594"
"Sep 14, 2026 @ 10:49:30.240","Cyber-DC","Registry Value Integrity Checksum Changed","5","750"
"Sep 14, 2026 @ 10:49:30.198","Cyber-DC","Registry Key Integrity Checksum Changed","5","594"
"Sep 14, 2026 @ 10:49:23.415","Cyber-Window-cilent","Registry Value Integrity Checksum Changed","5","750"
"Sep 14, 2026 @ 10:49:23.376","Cyber-Window-cilent","Registry Value Integrity Checksum Changed","5","750"
"Sep 14, 2026 @ 10:49:23.375","Cyber-Window-cilent","Registry Value Integrity Checksum Changed","5","750"
"Sep 14, 2026 @ 10:49:23.374","Cyber-Window-cilent","Registry Key Integrity Checksum Changed","5","594"
"Sep 14, 2026 @ 10:49:23.374","Cyber-Window-cilent","Registry Value Integrity Checksum Changed","5","750"
"Sep 14, 2026 @ 10:49:23.366","Cyber-Window-cilent","Registry Key Integrity Checksum Changed","5","594"
"Sep 14, 2026 @ 10:49:14.782","Cyber-Window-cilent","Registry Value Integrity Checksum Changed","5","750"
"Sep 14, 2026 @ 10:49:14.782","Cyber-Window-cilent","Registry Key Integrity Checksum Changed","5","594"
"Sep 14, 2026 @ 10:49:14.782","Cyber-Window-cilent","Registry Value Integrity Checksum Changed","5","750"
"Sep 14, 2026 @ 10:49:12.919","Cyber-Window-cilent","Software protection service scheduled successfully.","3","60642"
"Sep 14, 2026 @ 10:49:06.814","Cyber-DC","Windows User Logoff","3","60137"
"Sep 14, 2026 @ 10:49:06.813","Cyber-DC","Windows Logon Success","3","60106"
"Sep 14, 2026 @ 10:49:05.790","Cyber-DC","Windows User Logoff","3","60137"
"Sep 14, 2026 @ 10:48:55.203","Cyber-DC","Windows User Logoff","3","60137"
"Sep 14, 2026 @ 10:48:52.921","Cyber-DC","Windows User Logoff","3","60137"
"Sep 14, 2026 @ 10:48:52.879","Cyber-DC","Windows User Logoff","3","60137"
"Sep 14, 2026 @ 10:48:46.152","Cyber-DC","Windows User Logoff","3","60137"
"Sep 14, 2026 @ 10:48:46.111","Cyber-DC","Windows User Logoff","3","60137"
"Sep 14, 2026 @ 10:48:46.095","Cyber-DC","Windows Logon Success","3","60106"
"Sep 14, 2026 @ 10:48:46.079","Cyber-DC","Windows User Logoff","3","60137"
"Sep 14, 2026 @ 10:48:46.052","Cyber-DC","Windows User Logoff","3","60137"
"Sep 14, 2026 @ 10:48:46.047","Cyber-DC","Windows Logon Success","3","60106"
"Sep 14, 2026 @ 10:48:46.044","Cyber-DC","Windows Logon Success","3","60106"
"Sep 14, 2026 @ 10:48:46.039","Cyber-DC","Windows Logon Success","3","60106"
"Sep 14, 2026 @ 10:48:44.221","Cyber-DC","Windows Logon Success","3","60106"
"Sep 14, 2026 @ 10:48:42.111","Cyber-DC","Windows User Logoff","3","60137"
"Sep 14, 2026 @ 10:48:42.094","Cyber-DC","Windows Logon Success","3","60106"
"Sep 14, 2026 @ 10:48:42.068","Cyber-DC","Windows Logon Success","3","60106"
"Sep 14, 2026 @ 10:48:42.068","Cyber-DC","Windows User Logoff","3","60137"
"Sep 14, 2026 @ 10:48:19.331","Cyber-Window-cilent","Windows Logon Success","3","60106"
"Sep 14, 2026 @ 10:48:17.868","Cyber-Window-cilent","Windows Logon Success","3","60106"
"Sep 14, 2026 @ 10:48:17.862","Cyber-Window-cilent","Windows Logon Success","3","60106"
"Sep 14, 2026 @ 10:48:16.870","Cyber-DC","Windows User Logoff","3","60137"
"Sep 14, 2026 @ 10:48:08.611","Cyber-DC","Registry Value Integrity Checksum Changed","5","750"
"Sep 14, 2026 @ 10:48:08.610","Cyber-DC","Registry Key Integrity Checksum Changed","5","594"
"Sep 14, 2026 @ 10:48:05.261","Cyber-DC","Registry Value Integrity Checksum Changed","5","750"
"Sep 14, 2026 @ 10:48:05.260","Cyber-DC","Registry Key Integrity Checksum Changed","5","594"
"Sep 14, 2026 @ 10:48:03.911","Cyber-DC","Windows User Logoff","3","60137"
"Sep 14, 2026 @ 10:48:03.910","Cyber-DC","Windows Logon Success","3","60106"
"Sep 14, 2026 @ 10:47:17.082","Cyber-DC","Windows Logon Success","3","60106"
"Sep 14, 2026 @ 10:47:17.060","Cyber-DC","Windows Logon Success","3","60106"
"Sep 14, 2026 @ 10:47:03.930","Cyber-DC","Windows User Logoff","3","60137"
"Sep 14, 2026 @ 10:47:03.925","Cyber-DC","Windows Logon Success","3","60106"
"Sep 14, 2026 @ 10:47:03.478","Cyber-DC","Registry Value Integrity Checksum Changed","5","750"
"Sep 14, 2026 @ 10:47:03.477","Cyber-DC","Registry Key Integrity Checksum Changed","5","594"
"Sep 14, 2026 @ 10:46:57.112","Cyber-DC","Windows User Logoff","3","60137"
"Sep 14, 2026 @ 10:46:03.906","Cyber-DC","Windows User Logoff","3","60137"
"Sep 14, 2026 @ 10:46:03.902","Cyber-DC","Windows Logon Success","3","60106"
"Sep 14, 2026 @ 10:45:40.147","Cyber-DC","Registry Value Integrity Checksum Changed","5","750"
"Sep 14, 2026 @ 10:45:40.147","Cyber-DC","Registry Key Integrity Checksum Changed","5","594"
"Sep 14, 2026 @ 10:45:36.855","Cyber-DC","Windows Logon Success","3","60106"
"Sep 14, 2026 @ 10:45:34.614","Cyber-DC","Windows User Logoff","3","60137"
"Sep 14, 2026 @ 10:45:30.628","Cyber-DC","Windows User Logoff","3","60137"
"Sep 14, 2026 @ 10:45:20.030","Cyber-Window-cilent","Registry Key Integrity Checksum Changed","5","594"
"Sep 14, 2026 @ 10:45:20.029","Cyber-Window-cilent","Registry Value Integrity Checksum Changed","5","750"
"Sep 14, 2026 @ 10:45:20.029","Cyber-Window-cilent","Registry Value Integrity Checksum Changed","5","750"
"Sep 14, 2026 @ 10:45:20.009","Cyber-Window-cilent","Registry Key Integrity Checksum Changed","5","594"
"Sep 14, 2026 @ 10:45:18.934","Cyber-Window-cilent","Successful Remote Logon Detected - User:\Administrator - NTLM authentication, possible pass-the-hash attack.","6","92652"
"Sep 14, 2026 @ 10:45:18.934","Cyber-Window-cilent","Special privileges assigned to new logon.","3","67028"
"Sep 14, 2026 @ 10:45:03.910","Cyber-DC","Windows User Logoff","3","60137"
"Sep 14, 2026 @ 10:45:03.908","Cyber-DC","Windows Logon Success","3","60106"
"Sep 14, 2026 @ 10:44:54.637","Cyber-DC","Windows User Logoff","3","60137"
"Sep 14, 2026 @ 10:44:39.827","Cyber-Window-cilent","Successful Remote Logon Detected - User:\Administrator - NTLM authentication, possible pass-the-hash attack - Possible RDP connection. Verify that ATTACKER is allowed to perform RDP connections","6","92657"
"Sep 14, 2026 @ 10:44:39.826","Cyber-Window-cilent","Special privileges assigned to new logon.","3","67028"
"Sep 14, 2026 @ 10:44:34.915","Cyber-DC","Registry Key Integrity Checksum Changed","5","594"
"Sep 14, 2026 @ 10:44:11.849","Cyber-DC","Windows User Logoff","3","60137"
"Sep 14, 2026 @ 10:44:03.890","Cyber-DC","Windows User Logoff","3","60137"
"Sep 14, 2026 @ 10:44:03.889","Cyber-DC","Windows Logon Success","3","60106"
"Sep 14, 2026 @ 10:43:58.564","Cyber-Window-cilent","Registry Value Integrity Checksum Changed","5","750"
"Sep 14, 2026 @ 10:43:58.562","Cyber-Window-cilent","Registry Value Integrity Checksum Changed","5","750"
"Sep 14, 2026 @ 10:43:58.561","Cyber-Window-cilent","Registry Value Integrity Checksum Changed","5","750"
"Sep 14, 2026 @ 10:43:57.591","Cyber-Window-cilent","Registry Value Integrity Checksum Changed","5","750"
"Sep 14, 2026 @ 10:43:57.591","Cyber-Window-cilent","Registry Key Integrity Checksum Changed","5","594"
"Sep 14, 2026 @ 10:43:57.550","Cyber-Window-cilent","Registry Key Integrity Checksum Changed","5","594"
"Sep 14, 2026 @ 10:43:56.694","Cyber-DC","Windows User Logoff","3","60137"
"Sep 14, 2026 @ 10:43:46.138","Cyber-DC","Windows User Logoff","3","60137"
"Sep 14, 2026 @ 10:43:46.095","Cyber-DC","Windows User Logoff","3","60137"
"Sep 14, 2026 @ 10:43:46.081","Cyber-DC","Windows Logon Success","3","60106"
"Sep 14, 2026 @ 10:43:46.065","Cyber-DC","Windows User Logoff","3","60137"
"Sep 14, 2026 @ 10:43:46.034","Cyber-DC","Windows User Logoff","3","60137"
"Sep 14, 2026 @ 10:43:45.983","Cyber-DC","Windows Logon Success","3","60106"
"Sep 14, 2026 @ 10:43:45.977","Cyber-DC","Windows Logon Success","3","60106"
"Sep 14, 2026 @ 10:43:45.974","Cyber-DC","Windows Logon Success","3","60106"
"Sep 14, 2026 @ 10:43:41.081","Cyber-DC","Windows User Logoff","3","60137"
"Sep 14, 2026 @ 10:43:41.065","Cyber-DC","Windows Logon Success","3","60106"
"Sep 14, 2026 @ 10:43:41.057","Cyber-DC","Windows User Logoff","3","60137"
"Sep 14, 2026 @ 10:43:41.055","Cyber-DC","Windows Logon Success","3","60106"
"Sep 14, 2026 @ 10:43:07.858","Cyber-DC","Windows User Logoff","3","60137"
"Sep 14, 2026 @ 10:43:03.878","Cyber-DC","Windows User Logoff","3","60137"
"Sep 14, 2026 @ 10:43:03.874","Cyber-DC","Windows Logon Success","3","60106"
"Sep 14, 2026 @ 10:42:56.265","Cyber-Window-cilent","Logon Failure - Unknown user or bad password","5","60122"
"Sep 14, 2026 @ 10:42:51.838","Cyber-DC","Windows User Logoff","3","60137"
"Sep 14, 2026 @ 10:42:03.864","Cyber-DC","Windows User Logoff","3","60137"
"Sep 14, 2026 @ 10:42:03.863","Cyber-DC","Windows Logon Success","3","60106"
"Sep 14, 2026 @ 10:41:32.994","Cyber-DC","Windows User Logoff","3","60137"
"Sep 14, 2026 @ 10:41:18.170","Cyber-Window-cilent","Registry Value Entry Added to the System","5","752"
"Sep 14, 2026 @ 10:41:18.160","Cyber-Window-cilent","Registry Key Integrity Checksum Changed","5","594"
"Sep 14, 2026 @ 10:41:18.159","Cyber-Window-cilent","Registry Value Integrity Checksum Changed","5","750"
"Sep 14, 2026 @ 10:41:18.116","Cyber-Window-cilent","Registry Key Integrity Checksum Changed","5","594"
"Sep 14, 2026 @ 10:41:13.174","Cyber-Window-cilent","Registry Value Entry Added to the System","5","752"
"Sep 14, 2026 @ 10:41:13.173","Cyber-Window-cilent","Registry Key Integrity Checksum Changed","5","594"
"Sep 14, 2026 @ 10:41:03.851","Cyber-DC","Windows User Logoff","3","60137"
"Sep 14, 2026 @ 10:41:03.850","Cyber-DC","Windows Logon Success","3","60106"
"Sep 14, 2026 @ 10:40:17.001","Cyber-DC","Windows User Logoff","3","60137"
"Sep 14, 2026 @ 10:40:16.959","Cyber-DC","Windows User Logoff","3","60137"
"Sep 14, 2026 @ 10:40:03.948","Cyber-DC","Windows User Logoff","3","60137"
"Sep 14, 2026 @ 10:40:03.946","Cyber-DC","Windows Logon Success","3","60106"
"Sep 14, 2026 @ 10:40:02.735","Cyber-Window-cilent","Registry Value Integrity Checksum Changed","5","750"
"Sep 14, 2026 @ 10:40:02.690","Cyber-Window-cilent","Registry Value Integrity Checksum Changed","5","750"
"Sep 14, 2026 @ 10:40:02.675","Cyber-Window-cilent","Registry Value Integrity Checksum Changed","5","750"
"Sep 14, 2026 @ 10:40:02.674","Cyber-Window-cilent","Registry Key Integrity Checksum Changed","5","594"
"Sep 14, 2026 @ 10:40:02.674","Cyber-Window-cilent","Registry Value Integrity Checksum Changed","5","750"
"Sep 14, 2026 @ 10:40:02.647","Cyber-Window-cilent","Registry Key Integrity Checksum Changed","5","594"
"Sep 14, 2026 @ 10:39:56.726","Cyber-DC","Registry Key Integrity Checksum Changed","5","594"
"Sep 14, 2026 @ 10:39:03.840","Cyber-DC","Windows Logon Success","3","60106"
"Sep 14, 2026 @ 10:39:03.840","Cyber-DC","Windows User Logoff","3","60137"
"Sep 14, 2026 @ 10:38:59.579","Cyber-DC","Windows User Logoff","3","60137"
"Sep 14, 2026 @ 10:38:59.573","Cyber-DC","Windows User Logoff","3","60137"
"Sep 14, 2026 @ 10:38:55.003","Cyber-DC","Windows User Logoff","3","60137"
"Sep 14, 2026 @ 10:38:46.032","Cyber-DC","Windows User Logoff","3","60137"
"Sep 14, 2026 @ 10:38:46.016","Cyber-DC","Windows User Logoff","3","60137"
"Sep 14, 2026 @ 10:38:46.001","Cyber-DC","Windows Logon Success","3","60106"
"Sep 14, 2026 @ 10:38:45.984","Cyber-DC","Windows User Logoff","3","60137"
"Sep 14, 2026 @ 10:38:45.969","Cyber-DC","Windows User Logoff","3","60137"
"Sep 14, 2026 @ 10:38:45.922","Cyber-DC","Windows Logon Success","3","60106"
"Sep 14, 2026 @ 10:38:45.903","Cyber-DC","Windows Logon Success","3","60106"
"Sep 14, 2026 @ 10:38:45.900","Cyber-DC","Windows Logon Success","3","60106"
"Sep 14, 2026 @ 10:38:45.896","Cyber-DC","Windows Logon Success","3","60106"
"Sep 14, 2026 @ 10:38:44.210","Cyber-DC","Windows Logon Success","3","60106"
"Sep 14, 2026 @ 10:38:40.157","Cyber-DC","Windows User Logoff","3","60137"
"Sep 14, 2026 @ 10:38:40.142","Cyber-DC","Windows Logon Success","3","60106"
"Sep 14, 2026 @ 10:38:40.133","Cyber-DC","Windows User Logoff","3","60137"
"Sep 14, 2026 @ 10:38:40.132","Cyber-DC","Windows Logon Success","3","60106"
"Sep 14, 2026 @ 10:38:03.815","Cyber-DC","Windows User Logoff","3","60137"
"Sep 14, 2026 @ 10:38:03.812","Cyber-DC","Windows Logon Success","3","60106"
"Sep 14, 2026 @ 10:38:02.808","Cyber-DC","Windows User Logoff","3","60137"
"Sep 14, 2026 @ 10:37:18.108","Cyber-Window-cilent","Registry Value Integrity Checksum Changed","5","750"
"Sep 14, 2026 @ 10:37:18.065","Cyber-Window-cilent","Registry Key Integrity Checksum Changed","5","594"
"Sep 14, 2026 @ 10:36:31.719","Cyber-DC","Windows User Logoff","3","60137"
"Sep 14, 2026 @ 10:36:31.713","Cyber-DC","Windows Logon Success","3","60106"
"Sep 14, 2026 @ 10:36:23.732","Cyber-DC","Windows User Logoff","3","60137"
"Sep 14, 2026 @ 10:36:21.653","Cyber-DC","Windows User Logoff","3","60137"
"Sep 14, 2026 @ 10:36:21.652","Cyber-DC","Windows Logon Success","3","60106"
"Sep 14, 2026 @ 10:36:09.837","Cyber-DC","Windows User Logoff","3","60137"
"Sep 14, 2026 @ 10:36:08.644","Cyber-Window-cilent","Registry Key Integrity Checksum Changed","5","594"
"Sep 14, 2026 @ 10:36:08.644","Cyber-Window-cilent","Registry Value Integrity Checksum Changed","5","750"
"Sep 14, 2026 @ 10:36:06.808","Cyber-Window-cilent","Registry Value Integrity Checksum Changed","5","750"
"Sep 14, 2026 @ 10:36:06.801","Cyber-Window-cilent","Registry Value Integrity Checksum Changed","5","750"
"Sep 14, 2026 @ 10:36:06.793","Cyber-Window-cilent","Registry Value Integrity Checksum Changed","5","750"
"Sep 14, 2026 @ 10:36:06.793","Cyber-Window-cilent","Registry Key Integrity Checksum Changed","5","594"
"Sep 14, 2026 @ 10:36:06.770","Cyber-Window-cilent","Registry Key Integrity Checksum Changed","5","594"
"Sep 14, 2026 @ 10:35:36.661","Cyber-DC","Windows Logon Success","3","60106"
"Sep 14, 2026 @ 10:35:31.658","Cyber-DC","Windows User Logoff","3","60137"
"Sep 14, 2026 @ 10:35:31.657","Cyber-DC","Windows Logon Success","3","60106"
"Sep 14, 2026 @ 10:35:10.172","Cyber-DC","Computer account added/changed/deleted","5","60121"
"Sep 14, 2026 @ 10:35:09.819","Cyber-Window-cilent","Service startup type was changed","3","61104"
"Sep 14, 2026 @ 10:35:06.491","Cyber-DC","Windows User Logoff","3","60137"
"Sep 14, 2026 @ 10:34:51.482","Cyber-Window-cilent","Registry Value Integrity Checksum Changed","5","750"
"Sep 14, 2026 @ 10:34:51.436","Cyber-Window-cilent","Registry Value Integrity Checksum Changed","5","750"
"Sep 14, 2026 @ 10:34:51.419","Cyber-Window-cilent","Registry Value Integrity Checksum Changed","5","750"
"Sep 14, 2026 @ 10:34:51.418","Cyber-Window-cilent","Registry Key Integrity Checksum Changed","5","594"
"Sep 14, 2026 @ 10:34:51.418","Cyber-Window-cilent","Registry Value Integrity Checksum Changed","5","750"
"Sep 14, 2026 @ 10:34:51.391","Cyber-Window-cilent","Registry Key Integrity Checksum Changed","5","594"
"Sep 14, 2026 @ 10:34:31.657","Cyber-DC","Windows User Logoff","3","60137"
"Sep 14, 2026 @ 10:34:31.655","Cyber-DC","Windows Logon Success","3","60106"
"Sep 14, 2026 @ 10:34:17.184","Cyber-DC","Registry Value Integrity Checksum Changed","5","750"
"Sep 14, 2026 @ 10:34:17.169","Cyber-DC","Registry Value Integrity Checksum Changed","5","750"
"Sep 14, 2026 @ 10:34:17.166","Cyber-DC","Registry Value Integrity Checksum Changed","5","750"
"Sep 14, 2026 @ 10:34:17.165","Cyber-DC","Registry Key Integrity Checksum Changed","5","594"
"Sep 14, 2026 @ 10:34:17.159","Cyber-DC","Registry Key Integrity Checksum Changed","5","594"
"Sep 14, 2026 @ 10:34:17.159","Cyber-DC","Registry Value Integrity Checksum Changed","5","750"
"Sep 14, 2026 @ 10:34:12.232","Cyber-DC","Registry Key Integrity Checksum Changed","5","594"
"Sep 14, 2026 @ 10:33:56.816","Cyber-DC","Windows User Logoff","3","60137"
"Sep 14, 2026 @ 10:33:52.844","Cyber-DC","Windows User Logoff","3","60137"
"Sep 14, 2026 @ 10:33:48.819","Cyber-DC","Windows User Logoff","3","60137"
"Sep 14, 2026 @ 10:33:45.937","Cyber-DC","Windows User Logoff","3","60137"
"Sep 14, 2026 @ 10:33:45.894","Cyber-DC","Windows User Logoff","3","60137"
"Sep 14, 2026 @ 10:33:45.892","Cyber-DC","Windows Logon Success","3","60106"
"Sep 14, 2026 @ 10:33:45.878","Cyber-DC","Windows User Logoff","3","60137"
"Sep 14, 2026 @ 10:33:45.875","Cyber-DC","Windows User Logoff","3","60137"
"Sep 14, 2026 @ 10:33:45.869","Cyber-DC","Windows Logon Success","3","60106"
"Sep 14, 2026 @ 10:33:45.865","Cyber-DC","Windows Logon Success","3","60106"
"Sep 14, 2026 @ 10:33:45.862","Cyber-DC","Windows Logon Success","3","60106"
"Sep 14, 2026 @ 10:33:40.585","Cyber-DC","Windows User Logoff","3","60137"
"Sep 14, 2026 @ 10:33:40.584","Cyber-DC","Windows User Logoff","3","60137"
"Sep 14, 2026 @ 10:33:40.582","Cyber-DC","Windows User Logoff","3","60137"
"Sep 14, 2026 @ 10:33:36.096","Cyber-DC","Windows User Logoff","3","60137"
"Sep 14, 2026 @ 10:33:33.538","Cyber-DC","Windows User Logoff","3","60137"
"Sep 14, 2026 @ 10:33:33.536","Cyber-DC","Windows Logon Success","3","60106"
"Sep 14, 2026 @ 10:33:33.532","Cyber-DC","Windows User Logoff","3","60137"
"Sep 14, 2026 @ 10:33:33.530","Cyber-DC","Windows Logon Success","3","60106"
"Sep 14, 2026 @ 10:33:31.635","Cyber-DC","Windows User Logoff","3","60137"
"Sep 14, 2026 @ 10:33:31.633","Cyber-DC","Windows Logon Success","3","60106"
"Sep 14, 2026 @ 10:33:28.260","Cyber-Window-cilent","Registry Value Entry Added to the System","5","752"
"Sep 14, 2026 @ 10:33:28.254","Cyber-Window-cilent","Registry Value Integrity Checksum Changed","5","750"
"Sep 14, 2026 @ 10:33:28.250","Cyber-Window-cilent","Registry Value Integrity Checksum Changed","5","750"
"Sep 14, 2026 @ 10:33:28.250","Cyber-Window-cilent","Registry Key Integrity Checksum Changed","5","594"
"Sep 14, 2026 @ 10:33:27.254","Cyber-Window-cilent","Registry Value Integrity Checksum Changed","5","750"
"Sep 14, 2026 @ 10:33:27.254","Cyber-Window-cilent","Registry Key Integrity Checksum Changed","5","594"
"Sep 14, 2026 @ 10:33:27.236","Cyber-Window-cilent","Registry Value Entry Added to the System","5","752"
"Sep 14, 2026 @ 10:33:27.234","Cyber-Window-cilent","Registry Key Integrity Checksum Changed","5","594"
"Sep 14, 2026 @ 10:33:27.234","Cyber-Window-cilent","Registry Value Integrity Checksum Changed","5","750"
"Sep 14, 2026 @ 10:33:25.348","Cyber-DC","Windows User Logoff","3","60137"
"Sep 14, 2026 @ 10:33:25.347","Cyber-DC","Special privileges assigned to new logon.","3","67028"
"Sep 14, 2026 @ 10:33:25.347","Cyber-DC","Windows Logon Success","3","60106"
"Sep 14, 2026 @ 10:33:25.341","Cyber-DC","Special privileges assigned to new logon.","3","67028"
"Sep 14, 2026 @ 10:33:25.324","Cyber-Window-cilent","Windows Logon Success","3","60106"
"Sep 14, 2026 @ 10:33:25.297","Cyber-Window-cilent","Special privileges assigned to new logon.","3","67028"
"Sep 14, 2026 @ 10:33:25.296","Cyber-Window-cilent","Non network or service local logon.","3","67022"
"Sep 14, 2026 @ 10:33:06.880","Cyber-DC","Registry Value Integrity Checksum Changed","5","750"
"Sep 14, 2026 @ 10:33:06.839","Cyber-DC","Registry Key Integrity Checksum Changed","5","594"
"Sep 14, 2026 @ 10:32:32.821","Cyber-DC","Windows User Logoff","3","60137"
"Sep 14, 2026 @ 10:32:31.614","Cyber-DC","Windows User Logoff","3","60137"
"Sep 14, 2026 @ 10:32:31.613","Cyber-DC","Windows Logon Success","3","60106"
"Sep 14, 2026 @ 10:31:44.669","Cyber-DC","Registry Value Integrity Checksum Changed","5","750"
"Sep 14, 2026 @ 10:31:44.627","Cyber-DC","Registry Key Integrity Checksum Changed","5","594"
"Sep 14, 2026 @ 10:31:31.592","Cyber-DC","Windows User Logoff","3","60137"
"Sep 14, 2026 @ 10:31:31.590","Cyber-DC","Windows Logon Success","3","60106"
"Sep 14, 2026 @ 10:31:14.993","Cyber-DC","Windows User Logoff","3","60137"
"Sep 14, 2026 @ 10:30:52.952","Cyber-Window-cilent","Registry Value Integrity Checksum Changed","5","750"
"Sep 14, 2026 @ 10:30:52.937","Cyber-Window-cilent","Registry Value Integrity Checksum Changed","5","750"
"Sep 14, 2026 @ 10:30:52.937","Cyber-Window-cilent","Registry Value Integrity Checksum Changed","5","750"
"Sep 14, 2026 @ 10:30:52.920","Cyber-Window-cilent","Registry Value Integrity Checksum Changed","5","750"
"Sep 14, 2026 @ 10:30:52.904","Cyber-Window-cilent","Registry Key Integrity Checksum Changed","5","594"
"Sep 14, 2026 @ 10:30:52.904","Cyber-Window-cilent","Registry Value Integrity Checksum Changed","5","750"
"Sep 14, 2026 @ 10:30:52.897","Cyber-Window-cilent","Registry Value Integrity Checksum Changed","5","750"
"Sep 14, 2026 @ 10:30:52.896","Cyber-Window-cilent","Registry Key Integrity Checksum Changed","5","594"
"Sep 14, 2026 @ 10:30:47.068","Cyber-Window-cilent","Registry Value Integrity Checksum Changed","5","750"
"Sep 14, 2026 @ 10:30:47.067","Cyber-Window-cilent","Registry Key Integrity Checksum Changed","5","594"
"Sep 14, 2026 @ 10:30:31.576","Cyber-DC","Windows User Logoff","3","60137"
"Sep 14, 2026 @ 10:30:31.576","Cyber-DC","Windows Logon Success","3","60106"
"Sep 14, 2026 @ 10:30:29.571","Cyber-DC","Registry Value Integrity Checksum Changed","5","750"
"Sep 14, 2026 @ 10:30:29.570","Cyber-DC","Registry Key Integrity Checksum Changed","5","594"
"Sep 14, 2026 @ 10:30:04.805","Cyber-DC","Windows User Logoff","3","60137"
"Sep 14, 2026 @ 10:30:04.791","Cyber-Window-cilent","Non service account logged off.","3","67023"
"Sep 14, 2026 @ 10:30:04.775","Cyber-Window-cilent","Non service account logged off.","3","67023"
"Sep 14, 2026 @ 10:30:04.771","Cyber-DC","Windows User Logoff","3","60137"
"Sep 14, 2026 @ 10:30:04.761","Cyber-Window-cilent","Non network or service local logon.","3","67022"
"Sep 14, 2026 @ 10:30:04.734","Cyber-Window-cilent","Non network or service local logon.","3","67022"
"Sep 14, 2026 @ 10:29:58.757","Cyber-DC","Windows User Logoff","3","60137"
"Sep 14, 2026 @ 10:29:57.246","Cyber-DC","Windows User Logoff","3","60137"
"Sep 14, 2026 @ 10:29:57.246","Cyber-DC","Windows User Logoff","3","60137"
"Sep 14, 2026 @ 10:29:57.244","Cyber-DC","Windows User Logoff","3","60137"
"Sep 14, 2026 @ 10:29:55.936","Cyber-Window-cilent","Windows Logon Success","3","60106"
"Sep 14, 2026 @ 10:29:42.788","Cyber-Window-cilent","Registry Value Integrity Checksum Changed","5","750"
"Sep 14, 2026 @ 10:29:42.746","Cyber-Window-cilent","Registry Value Integrity Checksum Changed","5","750"
"Sep 14, 2026 @ 10:29:42.732","Cyber-Window-cilent","Registry Value Integrity Checksum Changed","5","750"
"Sep 14, 2026 @ 10:29:42.731","Cyber-Window-cilent","Registry Value Integrity Checksum Changed","5","750"
"Sep 14, 2026 @ 10:29:42.731","Cyber-Window-cilent","Registry Key Integrity Checksum Changed","5","594"
"Sep 14, 2026 @ 10:29:42.713","Cyber-Window-cilent","Registry Key Integrity Checksum Changed","5","594"
"Sep 14, 2026 @ 10:29:30.611","Cyber-DC","Windows User Logoff","3","60137"
"Sep 14, 2026 @ 10:29:30.610","Cyber-DC","Windows Logon Success","3","60106"
"Sep 14, 2026 @ 10:29:12.497","Cyber-DC","Registry Key Integrity Checksum Changed","5","594"
"Sep 14, 2026 @ 10:29:00.650","Cyber-DC","Windows User Logoff","3","60137"
"Sep 14, 2026 @ 10:28:55.155","Cyber-DC","Windows User Logoff","3","60137"
"Sep 14, 2026 @ 10:28:45.868","Cyber-DC","Windows User Logoff","3","60137"
"Sep 14, 2026 @ 10:28:45.825","Cyber-DC","Windows User Logoff","3","60137"
"Sep 14, 2026 @ 10:28:45.812","Cyber-DC","Windows Logon Success","3","60106"
"Sep 14, 2026 @ 10:28:45.809","Cyber-DC","Windows User Logoff","3","60137"
"Sep 14, 2026 @ 10:28:45.793","Cyber-DC","Windows User Logoff","3","60137"
"Sep 14, 2026 @ 10:28:45.789","Cyber-DC","Windows Logon Success","3","60106"
"Sep 14, 2026 @ 10:28:45.786","Cyber-DC","Windows Logon Success","3","60106"
"Sep 14, 2026 @ 10:28:45.782","Cyber-DC","Windows Logon Success","3","60106"
"Sep 14, 2026 @ 10:28:44.332","Cyber-DC","Windows Logon Success","3","60106"
"Sep 14, 2026 @ 10:28:42.736","Cyber-DC","Windows User Logoff","3","60137"
"Sep 14, 2026 @ 10:28:33.478","Cyber-DC","Windows User Logoff","3","60137"
"Sep 14, 2026 @ 10:28:33.477","Cyber-DC","Windows Logon Success","3","60106"
"Sep 14, 2026 @ 10:28:33.470","Cyber-DC","Windows Logon Success","3","60106"
"Sep 14, 2026 @ 10:28:33.470","Cyber-DC","Windows User Logoff","3","60137"
"Sep 14, 2026 @ 10:28:31.631","Cyber-DC","Windows Logon Success","3","60106"
"Sep 14, 2026 @ 10:28:31.631","Cyber-DC","Windows User Logoff","3","60137"
"Sep 14, 2026 @ 10:28:26.588","Cyber-Window-cilent","Registry Value Integrity Checksum Changed","5","750"
"Sep 14, 2026 @ 10:28:26.587","Cyber-Window-cilent","Registry Key Integrity Checksum Changed","5","594"
"Sep 14, 2026 @ 10:28:26.586","Cyber-Window-cilent","Registry Value Integrity Checksum Changed","5","750"
"Sep 14, 2026 @ 10:28:26.577","Cyber-Window-cilent","Registry Key Integrity Checksum Changed","5","594"
"Sep 14, 2026 @ 10:27:31.619","Cyber-DC","Windows User Logoff","3","60137"
"Sep 14, 2026 @ 10:27:31.615","Cyber-DC","Windows Logon Success","3","60106"
"Sep 14, 2026 @ 10:27:26.833","Cyber-DC","Windows User Logoff","3","60137"
"Sep 14, 2026 @ 10:27:08.426","Cyber-Window-cilent","Registry Value Integrity Checksum Changed","5","750"
"Sep 14, 2026 @ 10:27:08.426","Cyber-Window-cilent","Registry Value Integrity Checksum Changed","5","750"
"Sep 14, 2026 @ 10:27:08.383","Cyber-Window-cilent","Registry Key Integrity Checksum Changed","5","594"
"Sep 14, 2026 @ 10:26:31.540","Cyber-DC","Windows User Logoff","3","60137"
"Sep 14, 2026 @ 10:26:31.537","Cyber-DC","Windows Logon Success","3","60106"
"Sep 14, 2026 @ 10:26:08.734","Cyber-DC","Windows User Logoff","3","60137"
"Sep 14, 2026 @ 10:25:48.383","Cyber-Window-cilent","Registry Value Integrity Checksum Changed","5","750"
"Sep 14, 2026 @ 10:25:48.340","Cyber-Window-cilent","Registry Key Integrity Checksum Changed","5","594"
"Sep 14, 2026 @ 10:25:36.638","Cyber-DC","Windows Logon Success","3","60106"
"Sep 14, 2026 @ 10:25:31.581","Cyber-DC","Windows User Logoff","3","60137"
"Sep 14, 2026 @ 10:25:31.581","Cyber-DC","Windows Logon Success","3","60106"
"Sep 14, 2026 @ 10:24:52.729","Cyber-DC","Windows User Logoff","3","60137"
"Sep 14, 2026 @ 10:24:39.447","Cyber-Window-cilent","Registry Value Integrity Checksum Changed","5","750"
"Sep 14, 2026 @ 10:24:39.401","Cyber-Window-cilent","Registry Value Integrity Checksum Changed","5","750"
"Sep 14, 2026 @ 10:24:39.386","Cyber-Window-cilent","Registry Value Integrity Checksum Changed","5","750"
"Sep 14, 2026 @ 10:24:39.386","Cyber-Window-cilent","Registry Key Integrity Checksum Changed","5","594"
"Sep 14, 2026 @ 10:24:39.385","Cyber-Window-cilent","Registry Value Integrity Checksum Changed","5","750"
"Sep 14, 2026 @ 10:24:39.356","Cyber-Window-cilent","Registry Key Integrity Checksum Changed","5","594"
"Sep 14, 2026 @ 10:24:31.530","Cyber-DC","Windows User Logoff","3","60137"
"Sep 14, 2026 @ 10:24:31.527","Cyber-DC","Windows Logon Success","3","60106"
"Sep 14, 2026 @ 10:24:18.980","Cyber-DC","Registry Key Integrity Checksum Changed","5","594"
"Sep 14, 2026 @ 10:23:56.408","Cyber-DC","Windows User Logoff","3","60137"
"Sep 14, 2026 @ 10:23:45.752","Cyber-DC","Windows User Logoff","3","60137"
"Sep 14, 2026 @ 10:23:45.711","Cyber-DC","Windows User Logoff","3","60137"
"Sep 14, 2026 @ 10:23:45.710","Cyber-DC","Windows Logon Success","3","60106"
"Sep 14, 2026 @ 10:23:45.705","Cyber-DC","Windows User Logoff","3","60137"
"Sep 14, 2026 @ 10:23:45.702","Cyber-DC","Windows User Logoff","3","60137"
"Sep 14, 2026 @ 10:23:45.698","Cyber-DC","Windows Logon Success","3","60106"
"Sep 14, 2026 @ 10:23:45.693","Cyber-DC","Windows Logon Success","3","60106"
"Sep 14, 2026 @ 10:23:45.689","Cyber-DC","Windows Logon Success","3","60106"
"Sep 14, 2026 @ 10:23:36.946","Cyber-DC","Windows User Logoff","3","60137"
"Sep 14, 2026 @ 10:23:33.171","Cyber-DC","Windows User Logoff","3","60137"
"Sep 14, 2026 @ 10:23:33.168","Cyber-DC","Windows Logon Success","3","60106"
"Sep 14, 2026 @ 10:23:33.166","Cyber-DC","Windows User Logoff","3","60137"
"Sep 14, 2026 @ 10:23:33.162","Cyber-DC","Windows Logon Success","3","60106"
"Sep 14, 2026 @ 10:23:31.678","Cyber-DC","Windows User Logoff","3","60137"
"Sep 14, 2026 @ 10:23:31.662","Cyber-DC","Windows Logon Success","3","60106"
"Sep 14, 2026 @ 10:23:14.586","Cyber-Window-cilent","Registry Value Integrity Checksum Changed","5","750"
"Sep 14, 2026 @ 10:23:14.543","Cyber-Window-cilent","Registry Key Integrity Checksum Changed","5","594"
"Sep 14, 2026 @ 10:22:42.434","Cyber-DC","Windows User Logoff","3","60137"
"Sep 14, 2026 @ 10:22:37.492","Cyber-DC","Windows User Logoff","3","60137"
"Sep 14, 2026 @ 10:22:37.489","Cyber-DC","Windows User Logoff","3","60137"
"Sep 14, 2026 @ 10:22:31.516","Cyber-DC","Windows User Logoff","3","60137"
"Sep 14, 2026 @ 10:22:31.512","Cyber-DC","Windows Logon Success","3","60106"
"Sep 14, 2026 @ 10:22:20.922","Cyber-DC","Windows User Logoff","3","60137"
"Sep 14, 2026 @ 10:21:31.510","Cyber-DC","Windows User Logoff","3","60137"
"Sep 14, 2026 @ 10:21:31.510","Cyber-DC","Windows Logon Success","3","60106"
"Sep 14, 2026 @ 10:21:04.734","Cyber-DC","Windows User Logoff","3","60137"
"Sep 14, 2026 @ 10:21:04.731","Cyber-DC","Windows User Logoff","3","60137"
"Sep 14, 2026 @ 10:21:01.859","Cyber-Window-cilent","Windows Logon Success","3","60106"
"Sep 14, 2026 @ 10:20:31.667","Cyber-DC","Windows User Logoff","3","60137"
"Sep 14, 2026 @ 10:20:31.666","Cyber-DC","Windows Logon Success","3","60106"
"Sep 14, 2026 @ 10:19:48.773","Cyber-DC","Windows User Logoff","3","60137"
"Sep 14, 2026 @ 10:19:33.585","Cyber-DC","Windows Logon Success","3","60106"
"Sep 14, 2026 @ 10:19:33.059","Cyber-Window-cilent","Registry Value Integrity Checksum Changed","5","750"
"Sep 14, 2026 @ 10:19:33.044","Cyber-Window-cilent","Registry Value Integrity Checksum Changed","5","750"
"Sep 14, 2026 @ 10:19:33.028","Cyber-Window-cilent","Registry Value Integrity Checksum Changed","5","750"
"Sep 14, 2026 @ 10:19:33.011","Cyber-Window-cilent","Registry Key Integrity Checksum Changed","5","594"
"Sep 14, 2026 @ 10:19:32.996","Cyber-Window-cilent","Registry Value Integrity Checksum Changed","5","750"
"Sep 14, 2026 @ 10:19:32.995","Cyber-Window-cilent","Registry Key Integrity Checksum Changed","5","594"
"Sep 14, 2026 @ 10:19:32.174","Cyber-Window-cilent","Registry Value Entry Added to the System","5","752"
"Sep 14, 2026 @ 10:19:32.132","Cyber-Window-cilent","Registry Key Integrity Checksum Changed","5","594"
"Sep 14, 2026 @ 10:19:31.480","Cyber-DC","Windows User Logoff","3","60137"
"Sep 14, 2026 @ 10:19:31.479","Cyber-DC","Windows User Logoff","3","60137"
"Sep 14, 2026 @ 10:19:31.478","Cyber-DC","Windows Logon Success","3","60106"
"Sep 14, 2026 @ 10:19:23.378","Cyber-DC","Registry Key Integrity Checksum Changed","5","594"
"Sep 14, 2026 @ 10:19:12.575","Cyber-Window-cilent","Software protection service scheduled successfully.","3","60642"
"Sep 14, 2026 @ 10:19:00.376","Cyber-DC","Windows User Logoff","3","60137"
"Sep 14, 2026 @ 10:18:55.193","Cyber-DC","Windows User Logoff","3","60137"
"Sep 14, 2026 @ 10:18:52.903","Cyber-DC","Windows User Logoff","3","60137"
"Sep 14, 2026 @ 10:18:45.834","Cyber-DC","Windows User Logoff","3","60137"
"Sep 14, 2026 @ 10:18:45.792","Cyber-DC","Windows User Logoff","3","60137"
"Sep 14, 2026 @ 10:18:45.776","Cyber-DC","Windows Logon Success","3","60106"
"Sep 14, 2026 @ 10:18:45.761","Cyber-DC","Windows User Logoff","3","60137"
"Sep 14, 2026 @ 10:18:45.729","Cyber-DC","Windows User Logoff","3","60137"
"Sep 14, 2026 @ 10:18:45.680","Cyber-DC","Windows Logon Success","3","60106"
"Sep 14, 2026 @ 10:18:45.656","Cyber-DC","Windows Logon Success","3","60106"
"Sep 14, 2026 @ 10:18:45.653","Cyber-DC","Windows Logon Success","3","60106"
"Sep 14, 2026 @ 10:18:44.166","Cyber-DC","Windows Logon Success","3","60106"
"Sep 14, 2026 @ 10:18:33.764","Cyber-DC","Registry Value Integrity Checksum Changed","5","750"
"Sep 14, 2026 @ 10:18:33.763","Cyber-DC","Registry Key Integrity Checksum Changed","5","594"
"Sep 14, 2026 @ 10:18:32.697","Cyber-DC","Windows User Logoff","3","60137"
"Sep 14, 2026 @ 10:18:31.595","Cyber-DC","Windows User Logoff","3","60137"
"Sep 14, 2026 @ 10:18:31.579","Cyber-DC","Windows Logon Success","3","60106"
"Sep 14, 2026 @ 10:18:31.562","Cyber-DC","Windows Logon Success","3","60106"
"Sep 14, 2026 @ 10:18:31.562","Cyber-DC","Windows User Logoff","3","60137"
"Sep 14, 2026 @ 10:18:31.553","Cyber-DC","Windows User Logoff","3","60137"
"Sep 14, 2026 @ 10:18:31.551","Cyber-DC","Windows Logon Success","3","60106"
"Sep 14, 2026 @ 10:18:10.571","Cyber-Window-cilent","Registry Value Integrity Checksum Changed","5","750"
"Sep 14, 2026 @ 10:18:10.571","Cyber-Window-cilent","Registry Value Integrity Checksum Changed","5","750"
"Sep 14, 2026 @ 10:18:10.525","Cyber-Window-cilent","Registry Key Integrity Checksum Changed","5","594"
"Sep 14, 2026 @ 10:17:59.563","Cyber-Window-cilent","Windows Logon Success","3","60106"
"Sep 14, 2026 @ 10:17:59.562","Cyber-Window-cilent","Windows Logon Success","3","60106"
"Sep 14, 2026 @ 10:17:59.557","Cyber-Window-cilent","Windows Logon Success","3","60106"
"Sep 14, 2026 @ 10:17:31.489","Cyber-DC","Windows User Logoff","3","60137"
"Sep 14, 2026 @ 10:17:31.488","Cyber-DC","Windows Logon Success","3","60106"
"Sep 14, 2026 @ 10:17:16.678","Cyber-DC","Windows User Logoff","3","60137"
"Sep 14, 2026 @ 10:16:31.469","Cyber-DC","Windows User Logoff","3","60137"
"Sep 14, 2026 @ 10:16:31.467","Cyber-DC","Windows Logon Success","3","60106"
"Sep 14, 2026 @ 10:16:14.388","Cyber-Window-cilent","Software protection service scheduled successfully.","3","60642"
"Sep 14, 2026 @ 10:16:00.687","Cyber-DC","Windows User Logoff","3","60137"
"Sep 14, 2026 @ 10:15:43.804","Cyber-DC","Windows User Logoff","3","60137"
"Sep 14, 2026 @ 10:15:43.804","Cyber-DC","Windows User Logoff","3","60137"
"Sep 14, 2026 @ 10:15:43.800","Cyber-DC","Windows User Logoff","3","60137"
"Sep 14, 2026 @ 10:15:37.496","Cyber-DC","Registry Key Integrity Checksum Changed","5","594"
"Sep 14, 2026 @ 10:15:37.496","Cyber-DC","Registry Value Integrity Checksum Changed","5","750"
"Sep 14, 2026 @ 10:15:36.673","Cyber-DC","Windows Logon Success","3","60106"
"Sep 14, 2026 @ 10:15:31.496","Cyber-DC","Windows User Logoff","3","60137"
"Sep 14, 2026 @ 10:15:31.494","Cyber-DC","Windows Logon Success","3","60106"
"Sep 14, 2026 @ 10:15:30.468","Cyber-DC","Windows User Logoff","3","60137"
"Sep 14, 2026 @ 10:14:28.403","Cyber-Window-cilent","Registry Value Integrity Checksum Changed","5","750"
"Sep 14, 2026 @ 10:14:28.354","Cyber-Window-cilent","Registry Value Integrity Checksum Changed","5","750"
"Sep 14, 2026 @ 10:14:28.341","Cyber-Window-cilent","Registry Value Integrity Checksum Changed","5","750"
"Sep 14, 2026 @ 10:14:28.338","Cyber-Window-cilent","Registry Key Integrity Checksum Changed","5","594"
"Sep 14, 2026 @ 10:14:28.338","Cyber-Window-cilent","Registry Value Integrity Checksum Changed","5","750"
"Sep 14, 2026 @ 10:14:28.306","Cyber-Window-cilent","Registry Key Integrity Checksum Changed","5","594"
"Sep 14, 2026 @ 10:13:56.425","Cyber-DC","Windows User Logoff","3","60137"
"Sep 14, 2026 @ 10:13:51.851","Cyber-DC","Windows User Logoff","3","60137"
"Sep 14, 2026 @ 10:13:51.841","Cyber-DC","Windows Logon Success","3","60106"
"Sep 14, 2026 @ 10:13:48.026","Cyber-DC","Windows User Logoff","3","60137"
"Sep 14, 2026 @ 10:13:48.024","Cyber-DC","Windows User Logoff","3","60137"
"Sep 14, 2026 @ 10:13:45.655","Cyber-DC","Windows User Logoff","3","60137"
"Sep 14, 2026 @ 10:13:45.613","Cyber-DC","Windows User Logoff","3","60137"
"Sep 14, 2026 @ 10:13:45.601","Cyber-DC","Windows Logon Success","3","60106"
"Sep 14, 2026 @ 10:13:45.584","Cyber-DC","Windows User Logoff","3","60137"
"Sep 14, 2026 @ 10:13:45.569","Cyber-DC","Windows User Logoff","3","60137"
"Sep 14, 2026 @ 10:13:45.560","Cyber-DC","Windows Logon Success","3","60106"
"Sep 14, 2026 @ 10:13:45.557","Cyber-DC","Windows Logon Success","3","60106"
"Sep 14, 2026 @ 10:13:45.552","Cyber-DC","Windows Logon Success","3","60106"
"Sep 14, 2026 @ 10:13:42.955","Cyber-DC","Registry Key Integrity Checksum Changed","5","594"
"Sep 14, 2026 @ 10:13:32.125","Cyber-DC","Windows User Logoff","3","60137"
"Sep 14, 2026 @ 10:13:32.123","Cyber-DC","Windows Logon Success","3","60106"
"Sep 14, 2026 @ 10:13:32.115","Cyber-DC","Windows User Logoff","3","60137"
"Sep 14, 2026 @ 10:13:32.114","Cyber-DC","Windows Logon Success","3","60106"
"Sep 14, 2026 @ 10:13:06.208","Cyber-Window-cilent","Registry Value Integrity Checksum Changed","5","750"
"Sep 14, 2026 @ 10:13:06.160","Cyber-Window-cilent","Registry Value Integrity Checksum Changed","5","750"
"Sep 14, 2026 @ 10:13:06.151","Cyber-Window-cilent","Registry Value Integrity Checksum Changed","5","750"
"Sep 14, 2026 @ 10:13:06.146","Cyber-Window-cilent","Registry Key Integrity Checksum Changed","5","594"
"Sep 14, 2026 @ 10:13:06.145","Cyber-Window-cilent","Registry Value Integrity Checksum Changed","5","750"
"Sep 14, 2026 @ 10:13:06.112","Cyber-Window-cilent","Registry Key Integrity Checksum Changed","5","594"
"Sep 14, 2026 @ 10:12:59.708","Cyber-Window-cilent","Registry Value Integrity Checksum Changed","5","750"
"Sep 14, 2026 @ 10:12:59.708","Cyber-Window-cilent","Registry Key Integrity Checksum Changed","5","594"
"Sep 14, 2026 @ 10:12:57.031","Cyber-Window-cilent","Windows Logon Success","3","60106"
"Sep 14, 2026 @ 10:12:55.710","Cyber-Window-cilent","Windows Logon Success","3","60106"
"Sep 14, 2026 @ 10:12:55.629","Cyber-DC","Windows User Logoff","3","60137"
"Sep 14, 2026 @ 10:12:55.624","Cyber-DC","Windows User Logoff","3","60137"
"Sep 14, 2026 @ 10:12:55.618","Cyber-Window-cilent","Windows Logon Success","3","60106"
"Sep 14, 2026 @ 10:12:55.601","Cyber-Window-cilent","Windows audit failure event","5","60104"
"Sep 14, 2026 @ 10:12:55.601","Cyber-Window-cilent","Non service account logged off.","3","67023"
"Sep 14, 2026 @ 10:12:55.569","Cyber-Window-cilent","Non service account logged off.","3","67023"
"Sep 14, 2026 @ 10:12:55.567","Cyber-Window-cilent","Non network or service local logon.","3","67022"
"Sep 14, 2026 @ 10:12:55.562","Cyber-Window-cilent","Non network or service local logon.","3","67022"
"Sep 14, 2026 @ 10:12:51.708","Cyber-DC","Windows User Logoff","3","60137"
"Sep 14, 2026 @ 10:12:51.704","Cyber-DC","Windows Logon Success","3","60106"
"Sep 14, 2026 @ 10:12:47.970","Cyber-Window-cilent","Windows Logon Success","3","60106"
"Sep 14, 2026 @ 10:12:47.964","Cyber-Window-cilent","Windows Logon Success","3","60106"
"Sep 14, 2026 @ 10:12:47.959","Cyber-Window-cilent","Windows Logon Success","3","60106"
"Sep 14, 2026 @ 10:12:10.689","Cyber-DC","Windows User Logoff","3","60137"
"Sep 14, 2026 @ 10:11:51.691","Cyber-DC","Windows User Logoff","3","60137"
"Sep 14, 2026 @ 10:11:51.690","Cyber-DC","Windows Logon Success","3","60106"
"Sep 14, 2026 @ 10:10:51.586","Cyber-DC","Windows User Logoff","3","60137"
"Sep 14, 2026 @ 10:10:51.584","Cyber-DC","Windows Logon Success","3","60106"
"Sep 14, 2026 @ 10:10:48.079","Cyber-DC","Windows User Logoff","3","60137"
"Sep 14, 2026 @ 10:10:33.914","Cyber-Window-cilent","Registry Value Integrity Checksum Changed","5","750"
"Sep 14, 2026 @ 10:10:32.953","Cyber-Window-cilent","Registry Key Integrity Checksum Changed","5","594"
"Sep 14, 2026 @ 10:10:32.953","Cyber-Window-cilent","Registry Value Integrity Checksum Changed","5","750"
"Sep 14, 2026 @ 10:10:32.909","Cyber-Window-cilent","Registry Key Integrity Checksum Changed","5","594"
"Sep 14, 2026 @ 10:09:51.553","Cyber-DC","Windows User Logoff","3","60137"
"Sep 14, 2026 @ 10:09:51.552","Cyber-DC","Windows Logon Success","3","60106"
"Sep 14, 2026 @ 10:09:47.428","Cyber-DC","Windows Logon Success","3","60106"
"Sep 14, 2026 @ 10:09:47.423","Cyber-DC","Windows Logon Success","3","60106"
"Sep 14, 2026 @ 10:09:26.890","Cyber-DC","Windows User Logoff","3","60137"
"Sep 14, 2026 @ 10:09:11.197","Cyber-Window-cilent","Registry Value Integrity Checksum Changed","5","750"
"Sep 14, 2026 @ 10:09:11.153","Cyber-Window-cilent","Registry Value Integrity Checksum Changed","5","750"
"Sep 14, 2026 @ 10:09:11.151","Cyber-Window-cilent","Registry Key Integrity Checksum Changed","5","594"
"Sep 14, 2026 @ 10:09:11.151","Cyber-Window-cilent","Registry Value Integrity Checksum Changed","5","750"
"Sep 14, 2026 @ 10:09:11.151","Cyber-Window-cilent","Registry Value Integrity Checksum Changed","5","750"
"Sep 14, 2026 @ 10:09:11.144","Cyber-Window-cilent","Registry Key Integrity Checksum Changed","5","594"
"Sep 14, 2026 @ 10:09:00.278","Cyber-DC","Windows User Logoff","3","60137"
"Sep 14, 2026 @ 10:08:54.915","Cyber-DC","Windows User Logoff","3","60137"
"Sep 14, 2026 @ 10:08:52.097","Cyber-DC","Registry Key Integrity Checksum Changed","5","594"
"Sep 14, 2026 @ 10:08:51.713","Cyber-DC","Windows User Logoff","3","60137"
"Sep 14, 2026 @ 10:08:51.712","Cyber-DC","Windows Logon Success","3","60106"
"Sep 14, 2026 @ 10:08:45.551","Cyber-DC","Windows User Logoff","3","60137"
"Sep 14, 2026 @ 10:08:45.509","Cyber-DC","Windows User Logoff","3","60137"
"Sep 14, 2026 @ 10:08:45.509","Cyber-DC","Windows Logon Success","3","60106"
"Sep 14, 2026 @ 10:08:45.506","Cyber-DC","Windows User Logoff","3","60137"
"Sep 14, 2026 @ 10:08:45.502","Cyber-DC","Windows User Logoff","3","60137"
"Sep 14, 2026 @ 10:08:45.500","Cyber-DC","Windows Logon Success","3","60106"
"Sep 14, 2026 @ 10:08:45.492","Cyber-DC","Windows Logon Success","3","60106"
"Sep 14, 2026 @ 10:08:45.488","Cyber-DC","Windows Logon Success","3","60106"
"Sep 14, 2026 @ 10:08:44.156","Cyber-DC","Windows Logon Success","3","60106"
"Sep 14, 2026 @ 10:08:31.218","Cyber-DC","Windows User Logoff","3","60137"
"Sep 14, 2026 @ 10:08:31.215","Cyber-DC","Windows Logon Success","3","60106"
"Sep 14, 2026 @ 10:08:31.212","Cyber-DC","Windows User Logoff","3","60137"
"Sep 14, 2026 @ 10:08:31.210","Cyber-DC","Windows Logon Success","3","60106"
"Sep 14, 2026 @ 10:08:05.075","Cyber-DC","Windows User Logoff","3","60137"
"Sep 14, 2026 @ 10:07:51.553","Cyber-DC","Windows User Logoff","3","60137"
"Sep 14, 2026 @ 10:07:51.551","Cyber-DC","Windows Logon Success","3","60106"
"Sep 14, 2026 @ 10:06:51.533","Cyber-DC","Windows User Logoff","3","60137"
"Sep 14, 2026 @ 10:06:51.533","Cyber-DC","Windows Logon Success","3","60106"
"Sep 14, 2026 @ 10:06:45.107","Cyber-DC","Windows User Logoff","3","60137"
"Sep 14, 2026 @ 10:06:41.847","Cyber-DC","Windows User Logoff","3","60137"
"Sep 14, 2026 @ 10:06:01.754","Cyber-Window-cilent","Windows Logon Success","3","60106"
"Sep 14, 2026 @ 10:05:51.576","Cyber-DC","Windows User Logoff","3","60137"
"Sep 14, 2026 @ 10:05:51.575","Cyber-DC","Windows Logon Success","3","60106"
"Sep 14, 2026 @ 10:05:25.107","Cyber-DC","Windows User Logoff","3","60137"
"Sep 14, 2026 @ 10:05:24.242","Cyber-DC","Registry Value Integrity Checksum Changed","5","750"
"Sep 14, 2026 @ 10:05:24.239","Cyber-DC","Registry Value Integrity Checksum Changed","5","750"
"Sep 14, 2026 @ 10:05:24.235","Cyber-DC","Registry Value Integrity Checksum Changed","5","750"
"Sep 14, 2026 @ 10:05:24.233","Cyber-DC","Registry Key Integrity Checksum Changed","5","594"
"Sep 14, 2026 @ 10:05:24.225","Cyber-DC","Registry Value Integrity Checksum Changed","5","750"
"Sep 14, 2026 @ 10:05:23.224","Cyber-DC","Registry Key Integrity Checksum Changed","5","594"
"Sep 14, 2026 @ 10:05:17.648","Cyber-DC","Windows Logon Success","3","60106"
"Sep 14, 2026 @ 10:05:15.575","Cyber-DC","Windows User Logoff","3","60137"
"Sep 14, 2026 @ 10:05:10.047","Cyber-Window-cilent","Registry Value Integrity Checksum Changed","5","750"
"Sep 14, 2026 @ 10:05:10.003","Cyber-Window-cilent","Registry Value Integrity Checksum Changed","5","750"
"Sep 14, 2026 @ 10:05:09.988","Cyber-Window-cilent","Registry Key Integrity Checksum Changed","5","594"
"Sep 14, 2026 @ 10:05:09.988","Cyber-Window-cilent","Registry Value Integrity Checksum Changed","5","750"
"Sep 14, 2026 @ 10:05:09.987","Cyber-Window-cilent","Registry Value Integrity Checksum Changed","5","750"
"Sep 14, 2026 @ 10:05:09.960","Cyber-Window-cilent","Registry Key Integrity Checksum Changed","5","594"
"Sep 14, 2026 @ 10:04:51.514","Cyber-DC","Windows User Logoff","3","60137"
"Sep 14, 2026 @ 10:04:51.510","Cyber-DC","Windows Logon Success","3","60106"
"Sep 14, 2026 @ 10:04:05.074","Cyber-DC","Windows User Logoff","3","60137"
"Sep 14, 2026 @ 10:03:56.184","Cyber-DC","Windows User Logoff","3","60137"
"Sep 14, 2026 @ 10:03:53.078","Cyber-DC","Windows User Logoff","3","60137"
"Sep 14, 2026 @ 10:03:51.531","Cyber-DC","Windows User Logoff","3","60137"
"Sep 14, 2026 @ 10:03:51.529","Cyber-DC","Windows Logon Success","3","60106"
"Sep 14, 2026 @ 10:03:46.574","Cyber-DC","Registry Value Integrity Checksum Changed","5","750"
"Sep 14, 2026 @ 10:03:46.560","Cyber-DC","Registry Value Integrity Checksum Changed","5","750"
"Sep 14, 2026 @ 10:03:46.557","Cyber-DC","Registry Value Integrity Checksum Changed","5","750"
"Sep 14, 2026 @ 10:03:46.555","Cyber-DC","Registry Key Integrity Checksum Changed","5","594"
"Sep 14, 2026 @ 10:03:46.074","Cyber-DC","Registry Key Integrity Checksum Changed","5","594"
"Sep 14, 2026 @ 10:03:46.074","Cyber-DC","Registry Value Integrity Checksum Changed","5","750"
"Sep 14, 2026 @ 10:03:45.554","Cyber-DC","Windows User Logoff","3","60137"
"Sep 14, 2026 @ 10:03:45.552","Cyber-DC","Windows User Logoff","3","60137"
"Sep 14, 2026 @ 10:03:45.550","Cyber-DC","Windows Logon Success","3","60106"
"Sep 14, 2026 @ 10:03:45.531","Cyber-DC","Windows User Logoff","3","60137"
"Sep 14, 2026 @ 10:03:45.522","Cyber-DC","Windows User Logoff","3","60137"
"Sep 14, 2026 @ 10:03:45.481","Cyber-DC","Windows Logon Success","3","60106"
"Sep 14, 2026 @ 10:03:45.448","Cyber-DC","Windows Logon Success","3","60106"
"Sep 14, 2026 @ 10:03:45.413","Cyber-DC","Windows Logon Success","3","60106"
"Sep 14, 2026 @ 10:03:45.403","Cyber-DC","Windows Logon Success","3","60106"
"Sep 14, 2026 @ 10:03:42.385","Cyber-DC","Registry Key Integrity Checksum Changed","5","594"
"Sep 14, 2026 @ 10:03:30.407","Cyber-DC","Windows User Logoff","3","60137"
"Sep 14, 2026 @ 10:03:30.399","Cyber-DC","Windows Logon Success","3","60106"
"Sep 14, 2026 @ 10:03:30.391","Cyber-DC","Windows User Logoff","3","60137"
"Sep 14, 2026 @ 10:03:30.390","Cyber-DC","Windows Logon Success","3","60106"
"Sep 14, 2026 @ 10:03:11.343","Cyber-DC","Windows Logon Success","3","60106"
"Sep 14, 2026 @ 10:03:11.341","Cyber-DC","Special privileges assigned to new logon.","3","67028"
"Sep 14, 2026 @ 10:03:11.338","Cyber-DC","Windows Logon Success","3","60106"
"Sep 14, 2026 @ 10:03:11.337","Cyber-DC","Windows Logon Success","3","60106"
"Sep 14, 2026 @ 10:02:51.507","Cyber-DC","Windows User Logoff","3","60137"
"Sep 14, 2026 @ 10:02:51.506","Cyber-DC","Windows Logon Success","3","60106"
"Sep 14, 2026 @ 10:02:45.086","Cyber-DC","Windows User Logoff","3","60137"
"Sep 14, 2026 @ 10:02:25.992","Cyber-Window-cilent","Registry Value Integrity Checksum Changed","5","750"
"Sep 14, 2026 @ 10:02:25.992","Cyber-Window-cilent","Registry Value Integrity Checksum Changed","5","750"
"Sep 14, 2026 @ 10:02:25.937","Cyber-Window-cilent","Registry Key Integrity Checksum Changed","5","594"
"Sep 14, 2026 @ 10:01:51.507","Cyber-DC","Windows User Logoff","3","60137"
"Sep 14, 2026 @ 10:01:51.500","Cyber-DC","Windows Logon Success","3","60106"
"Sep 14, 2026 @ 10:01:01.791","Cyber-Window-cilent","Windows Logon Success","3","60106"
"Sep 14, 2026 @ 10:00:53.313","Cyber-Window-cilent","Windows Logon Success","3","60106"
"Sep 14, 2026 @ 10:00:51.719","Cyber-DC","Windows User Logoff","3","60137"
"Sep 14, 2026 @ 10:00:51.711","Cyber-DC","Windows Logon Success","3","60106"
"Sep 14, 2026 @ 10:00:13.079","Cyber-DC","Windows User Logoff","3","60137"
"Sep 14, 2026 @ 09:59:56.730","Cyber-Window-cilent","Registry Value Integrity Checksum Changed","5","750"
"Sep 14, 2026 @ 09:59:56.688","Cyber-Window-cilent","Registry Value Integrity Checksum Changed","5","750"
"Sep 14, 2026 @ 09:59:56.688","Cyber-Window-cilent","Registry Value Integrity Checksum Changed","5","750"
"Sep 14, 2026 @ 09:59:56.687","Cyber-Window-cilent","Registry Key Integrity Checksum Changed","5","594"
"Sep 14, 2026 @ 09:59:56.687","Cyber-Window-cilent","Registry Value Integrity Checksum Changed","5","750"
"Sep 14, 2026 @ 09:59:56.663","Cyber-Window-cilent","Registry Key Integrity Checksum Changed","5","594"
"Sep 14, 2026 @ 09:59:51.491","Cyber-DC","Windows User Logoff","3","60137"
"Sep 14, 2026 @ 09:59:51.490","Cyber-DC","Windows Logon Success","3","60106"
"Sep 14, 2026 @ 09:59:01.786","Cyber-DC","Windows User Logoff","3","60137"
"Sep 14, 2026 @ 09:59:01.770","Cyber-DC","Windows User Logoff","3","60137"
"Sep 14, 2026 @ 09:59:01.758","Cyber-DC","Windows User Logoff","3","60137"
"Sep 14, 2026 @ 09:59:01.747","Cyber-DC","Windows Logon Success","3","60106"
"Sep 14, 2026 @ 09:59:00.556","Cyber-DC","Windows User Logoff","3","60137"
"Sep 14, 2026 @ 09:58:55.250","Cyber-DC","Windows User Logoff","3","60137"
"Sep 14, 2026 @ 09:58:53.117","Cyber-DC","Windows User Logoff","3","60137"
"Sep 14, 2026 @ 09:58:52.319","Cyber-DC","Registry Key Integrity Checksum Changed","5","594"
"Sep 14, 2026 @ 09:58:51.525","Cyber-DC","Windows User Logoff","3","60137"
"Sep 14, 2026 @ 09:58:51.524","Cyber-DC","Windows Logon Success","3","60106"
"Sep 14, 2026 @ 09:58:45.558","Cyber-DC","Windows User Logoff","3","60137"
"Sep 14, 2026 @ 09:58:45.519","Cyber-DC","Windows Logon Success","3","60106"
"Sep 14, 2026 @ 09:58:45.519","Cyber-DC","Windows User Logoff","3","60137"
"Sep 14, 2026 @ 09:58:45.498","Cyber-DC","Windows User Logoff","3","60137"
"Sep 14, 2026 @ 09:58:45.463","Cyber-DC","Windows User Logoff","3","60137"
"Sep 14, 2026 @ 09:58:45.420","Cyber-DC","Windows Logon Success","3","60106"
"Sep 14, 2026 @ 09:58:45.400","Cyber-DC","Windows Logon Success","3","60106"
"Sep 14, 2026 @ 09:58:45.383","Cyber-DC","Windows Logon Success","3","60106"
"Sep 14, 2026 @ 09:58:44.163","Cyber-DC","Windows Logon Success","3","60106"
"Sep 14, 2026 @ 09:58:30.140","Cyber-DC","Windows User Logoff","3","60137"
"Sep 14, 2026 @ 09:58:30.139","Cyber-DC","Windows Logon Success","3","60106"
"Sep 14, 2026 @ 09:58:30.135","Cyber-DC","Windows User Logoff","3","60137"
"Sep 14, 2026 @ 09:58:30.132","Cyber-DC","Windows Logon Success","3","60106"
"Sep 14, 2026 @ 09:57:51.450","Cyber-DC","Windows User Logoff","3","60137"
"Sep 14, 2026 @ 09:57:51.449","Cyber-DC","Windows Logon Success","3","60106"
"Sep 14, 2026 @ 09:57:42.243","Cyber-Linux-cilent","PAM: Login session opened.","3","5501"
"Sep 14, 2026 @ 09:57:42.242","Cyber-Linux-cilent","sshd: authentication success.","3","5715"
"Sep 14, 2026 @ 09:57:41.467","Cyber-Linux-cilent","PAM: Login session opened.","3","5501"
"Sep 14, 2026 @ 09:57:41.424","Cyber-Linux-cilent","sshd: authentication success.","3","5715"
"Sep 14, 2026 @ 09:57:38.132","Cyber-Linux-cilent","Systemd: Service exited due to a failure.","5","40704"
"Sep 14, 2026 @ 09:57:31.913","Cyber-DC","Windows User Logoff","3","60137"
"Sep 14, 2026 @ 09:57:28.018","Cyber-Linux-cilent","PAM: Login session closed.","3","5502"
"Sep 14, 2026 @ 09:57:28.017","Cyber-Linux-cilent","PAM: Login session closed.","3","5502"
"Sep 14, 2026 @ 09:57:08.100","Cyber-Linux-cilent","PAM: Login session opened.","3","5501"
"Sep 14, 2026 @ 09:57:08.084","Cyber-Linux-cilent","sshd: authentication success.","3","5715"
"Sep 14, 2026 @ 09:57:08.084","Cyber-Linux-cilent","PAM: Login session opened.","3","5501"
"Sep 14, 2026 @ 09:57:07.376","Cyber-Linux-cilent","PAM: Login session opened.","3","5501"
"Sep 14, 2026 @ 09:57:07.376","Cyber-Linux-cilent","PAM: Login session opened.","3","5501"
"Sep 14, 2026 @ 09:57:07.334","Cyber-Linux-cilent","sshd: authentication success.","3","5715"
"Sep 14, 2026 @ 09:56:51.462","Cyber-DC","Windows User Logoff","3","60137"
"Sep 14, 2026 @ 09:56:51.461","Cyber-DC","Windows Logon Success","3","60106"
"Sep 14, 2026 @ 09:56:11.083","Cyber-DC","Windows User Logoff","3","60137"
"Sep 14, 2026 @ 09:55:51.654","Cyber-DC","Windows Logon Success","3","60106"
"Sep 14, 2026 @ 09:55:51.653","Cyber-DC","Windows User Logoff","3","60137"
"Sep 14, 2026 @ 09:55:36.617","Cyber-DC","Windows Logon Success","3","60106"
"Sep 14, 2026 @ 09:54:51.422","Cyber-DC","Windows User Logoff","3","60137"
"Sep 14, 2026 @ 09:54:51.418","Cyber-DC","Windows Logon Success","3","60106"
"Sep 14, 2026 @ 09:54:49.416","Cyber-DC","Windows User Logoff","3","60137"
"Sep 14, 2026 @ 09:54:34.508","Cyber-Window-cilent","Registry Value Integrity Checksum Changed","5","750"
"Sep 14, 2026 @ 09:54:34.506","Cyber-Window-cilent","Registry Value Integrity Checksum Changed","5","750"
"Sep 14, 2026 @ 09:54:34.505","Cyber-Window-cilent","Registry Value Integrity Checksum Changed","5","750"
"Sep 14, 2026 @ 09:54:34.501","Cyber-Window-cilent","Registry Key Integrity Checksum Changed","5","594"
"Sep 14, 2026 @ 09:54:33.539","Cyber-Window-cilent","Registry Value Integrity Checksum Changed","5","750"
"Sep 14, 2026 @ 09:54:33.495","Cyber-Window-cilent","Registry Key Integrity Checksum Changed","5","594"
"Sep 14, 2026 @ 09:53:56.096","Cyber-DC","Windows User Logoff","3","60137"
"Sep 14, 2026 @ 09:53:51.401","Cyber-DC","Windows User Logoff","3","60137"
"Sep 14, 2026 @ 09:53:51.400","Cyber-DC","Windows Logon Success","3","60106"
"Sep 14, 2026 @ 09:53:45.402","Cyber-DC","Windows User Logoff","3","60137"
"Sep 14, 2026 @ 09:53:45.383","Cyber-DC","Windows User Logoff","3","60137"
"Sep 14, 2026 @ 09:53:45.368","Cyber-DC","Windows Logon Success","3","60106"
"Sep 14, 2026 @ 09:53:45.338","Cyber-DC","Windows User Logoff","3","60137"
"Sep 14, 2026 @ 09:53:45.332","Cyber-DC","Windows User Logoff","3","60137"
"Sep 14, 2026 @ 09:53:45.326","Cyber-DC","Windows Logon Success","3","60106"
"Sep 14, 2026 @ 09:53:45.321","Cyber-DC","Windows Logon Success","3","60106"
"Sep 14, 2026 @ 09:53:45.319","Cyber-DC","Windows Logon Success","3","60106"
"Sep 14, 2026 @ 09:53:37.007","Cyber-DC","Registry Key Integrity Checksum Changed","5","594"
"Sep 14, 2026 @ 09:53:29.073","Cyber-DC","Windows User Logoff","3","60137"
"Sep 14, 2026 @ 09:53:29.072","Cyber-DC","Windows Logon Success","3","60106"
"Sep 14, 2026 @ 09:53:29.057","Cyber-DC","Windows User Logoff","3","60137"
"Sep 14, 2026 @ 09:53:29.055","Cyber-DC","Windows Logon Success","3","60106"
"Sep 14, 2026 @ 09:53:29.050","Cyber-DC","Windows User Logoff","3","60137"
"Sep 14, 2026 @ 09:53:13.706","Cyber-Window-cilent","Registry Value Integrity Checksum Changed","5","750"
"Sep 14, 2026 @ 09:53:13.706","Cyber-Window-cilent","Registry Key Integrity Checksum Changed","5","594"
"Sep 14, 2026 @ 09:53:13.705","Cyber-Window-cilent","Registry Value Integrity Checksum Changed","5","750"
"Sep 14, 2026 @ 09:53:13.689","Cyber-Window-cilent","Registry Key Integrity Checksum Changed","5","594"
"Sep 14, 2026 @ 09:52:51.413","Cyber-DC","Windows User Logoff","3","60137"
"Sep 14, 2026 @ 09:52:51.411","Cyber-DC","Windows Logon Success","3","60106"
"Sep 14, 2026 @ 09:52:33.498","Cyber-DC","Registry Value Integrity Checksum Changed","5","750"
"Sep 14, 2026 @ 09:52:33.456","Cyber-DC","Registry Key Integrity Checksum Changed","5","594"
"Sep 14, 2026 @ 09:52:17.339","Cyber-Window-cilent","The VSS service is shutting down due to idle timeout.","5","60702"
"Sep 14, 2026 @ 09:52:09.020","Cyber-DC","Windows User Logoff","3","60137"
"Sep 14, 2026 @ 09:51:51.505","Cyber-DC","Windows User Logoff","3","60137"
"Sep 14, 2026 @ 09:51:51.502","Cyber-DC","Windows Logon Success","3","60106"
"Sep 14, 2026 @ 09:51:44.693","Cyber-Window-cilent","Registry Value Integrity Checksum Changed","5","750"
"Sep 14, 2026 @ 09:51:44.654","Cyber-Window-cilent","Registry Key Integrity Checksum Changed","5","594"
"Sep 14, 2026 @ 09:51:27.465","Cyber-DC","Registry Value Integrity Checksum Changed","5","750"
"Sep 14, 2026 @ 09:51:27.462","Cyber-DC","Registry Key Integrity Checksum Changed","5","594"
"Sep 14, 2026 @ 09:51:01.685","Cyber-Window-cilent","Windows Logon Success","3","60106"
"Sep 14, 2026 @ 09:50:51.369","Cyber-DC","Windows User Logoff","3","60137"
"Sep 14, 2026 @ 09:50:51.367","Cyber-DC","Windows Logon Success","3","60106"
"Sep 14, 2026 @ 09:50:49.227","Cyber-DC","Windows User Logoff","3","60137"
"Sep 14, 2026 @ 09:50:32.735","Cyber-Window-cilent","Registry Key Integrity Checksum Changed","5","594"
"Sep 14, 2026 @ 09:50:32.720","Cyber-Window-cilent","Registry Key Entry Added to the System","5","598"
"Sep 14, 2026 @ 09:50:32.703","Cyber-Window-cilent","Registry Key Entry Added to the System","5","598"
"Sep 14, 2026 @ 09:50:32.688","Cyber-Window-cilent","Registry Key Entry Added to the System","5","598"
"Sep 14, 2026 @ 09:50:32.670","Cyber-Window-cilent","Registry Key Entry Added to the System","5","598"
"Sep 14, 2026 @ 09:50:32.655","Cyber-Window-cilent","Registry Key Entry Added to the System","5","598"
"Sep 14, 2026 @ 09:50:32.638","Cyber-Window-cilent","Registry Key Entry Added to the System","5","598"
"Sep 14, 2026 @ 09:50:32.623","Cyber-Window-cilent","Registry Value Integrity Checksum Changed","5","750"
"Sep 14, 2026 @ 09:50:32.608","Cyber-Window-cilent","Registry Value Integrity Checksum Changed","5","750"
"Sep 14, 2026 @ 09:50:32.602","Cyber-Window-cilent","Registry Value Integrity Checksum Changed","5","750"
"Sep 14, 2026 @ 09:50:32.600","Cyber-Window-cilent","Registry Value Integrity Checksum Changed","5","750"
"Sep 14, 2026 @ 09:50:32.599","Cyber-Window-cilent","Registry Key Integrity Checksum Changed","5","594"
"Sep 14, 2026 @ 09:50:24.443","Cyber-Window-cilent","Registry Value Integrity Checksum Changed","5","750"
"Sep 14, 2026 @ 09:50:24.401","Cyber-Window-cilent","Registry Key Integrity Checksum Changed","5","594"
"Sep 14, 2026 @ 09:49:51.372","Cyber-DC","Windows User Logoff","3","60137"
"Sep 14, 2026 @ 09:49:51.371","Cyber-DC","Windows Logon Success","3","60106"
"Sep 14, 2026 @ 09:49:28.208","Cyber-Linux-cilent","Apparmor DENIED","3","52002"
"Sep 14, 2026 @ 09:49:27.031","Cyber-DC","Windows User Logoff","3","60137"
"Sep 14, 2026 @ 09:49:18.167","Cyber-Window-cilent","Windows Logon Success","3","60106"
"Sep 14, 2026 @ 09:49:18.162","Cyber-Window-cilent","Windows Logon Success","3","60106"
"Sep 14, 2026 @ 09:49:12.270","Cyber-Window-cilent","Software protection service scheduled successfully.","3","60642"
"Sep 14, 2026 @ 09:49:11.941","Cyber-Window-cilent","Registry Value Integrity Checksum Changed","5","750"
"Sep 14, 2026 @ 09:49:11.899","Cyber-Window-cilent","Registry Value Integrity Checksum Changed","5","750"
"Sep 14, 2026 @ 09:49:11.898","Cyber-Window-cilent","Registry Value Integrity Checksum Changed","5","750"
"Sep 14, 2026 @ 09:49:11.897","Cyber-Window-cilent","Registry Key Integrity Checksum Changed","5","594"
"Sep 14, 2026 @ 09:49:11.897","Cyber-Window-cilent","Registry Value Integrity Checksum Changed","5","750"
"Sep 14, 2026 @ 09:49:11.863","Cyber-Window-cilent","Registry Key Integrity Checksum Changed","5","594"
"Sep 14, 2026 @ 09:49:03.741","Cyber-DC","Windows User Logoff","3","60137"
"Sep 14, 2026 @ 09:49:00.899","Cyber-DC","Windows User Logoff","3","60137"
"Sep 14, 2026 @ 09:48:59.114","Cyber-DC","Registry Value Integrity Checksum Changed","5","750"
"Sep 14, 2026 @ 09:48:59.113","Cyber-DC","Registry Key Integrity Checksum Changed","5","594"
"Sep 14, 2026 @ 09:48:56.648","Cyber-DC","Windows User Logoff","3","60137"
"Sep 14, 2026 @ 09:48:55.837","Cyber-DC","Registry Key Integrity Checksum Changed","5","594"
"Sep 14, 2026 @ 09:48:54.930","Cyber-DC","Windows User Logoff","3","60137"
"Sep 14, 2026 @ 09:48:54.918","Cyber-DC","Windows User Logoff","3","60137"
"Sep 14, 2026 @ 09:48:54.917","Cyber-DC","Windows User Logoff","3","60137"
"Sep 14, 2026 @ 09:48:52.837","Cyber-DC","Windows User Logoff","3","60137"
"Sep 14, 2026 @ 09:48:51.350","Cyber-DC","Windows User Logoff","3","60137"
"Sep 14, 2026 @ 09:48:51.348","Cyber-DC","Windows Logon Success","3","60106"
"Sep 14, 2026 @ 09:48:45.355","Cyber-DC","Windows User Logoff","3","60137"
"Sep 14, 2026 @ 09:48:45.313","Cyber-DC","Windows User Logoff","3","60137"
"Sep 14, 2026 @ 09:48:45.297","Cyber-DC","Windows Logon Success","3","60106"
"Sep 14, 2026 @ 09:48:45.282","Cyber-DC","Windows User Logoff","3","60137"
"Sep 14, 2026 @ 09:48:45.267","Cyber-DC","Windows User Logoff","3","60137"
"Sep 14, 2026 @ 09:48:45.233","Cyber-DC","Windows Logon Success","3","60106"
"Sep 14, 2026 @ 09:48:45.223","Cyber-DC","Windows Logon Success","3","60106"
"Sep 14, 2026 @ 09:48:45.218","Cyber-DC","Windows Logon Success","3","60106"
"Sep 14, 2026 @ 09:48:44.129","Cyber-DC","Windows Logon Success","3","60106"
"Sep 14, 2026 @ 09:48:27.102","Cyber-DC","Windows User Logoff","3","60137"
"Sep 14, 2026 @ 09:48:27.100","Cyber-DC","Windows Logon Success","3","60106"
"Sep 14, 2026 @ 09:48:27.095","Cyber-DC","Windows User Logoff","3","60137"
"Sep 14, 2026 @ 09:48:27.093","Cyber-DC","Windows Logon Success","3","60106"
"Sep 14, 2026 @ 09:47:59.058","Cyber-DC","Windows User Logoff","3","60137"
"Sep 14, 2026 @ 09:47:54.773","Cyber-DC","Windows User Logoff","3","60137"
"Sep 14, 2026 @ 09:47:54.773","Cyber-DC","Windows Logon Success","3","60106"
"Sep 14, 2026 @ 09:47:47.188","Cyber-Window-cilent","Software protection service scheduled successfully.","3","60642"
"Sep 14, 2026 @ 09:47:41.683","Cyber-Window-cilent","Registry Key Integrity Checksum Changed","5","594"
"Sep 14, 2026 @ 09:47:41.679","Cyber-Window-cilent","Registry Key Integrity Checksum Changed","5","594"
"Sep 14, 2026 @ 09:47:41.678","Cyber-Window-cilent","Registry Key Integrity Checksum Changed","5","594"
"Sep 14, 2026 @ 09:47:41.673","Cyber-Window-cilent","Registry Key Integrity Checksum Changed","5","594"
"Sep 14, 2026 @ 09:47:41.668","Cyber-Window-cilent","Registry Key Integrity Checksum Changed","5","594"
"Sep 14, 2026 @ 09:47:41.664","Cyber-Window-cilent","Registry Key Integrity Checksum Changed","5","594"
"Sep 14, 2026 @ 09:47:41.661","Cyber-Window-cilent","Registry Key Integrity Checksum Changed","5","594"
"Sep 14, 2026 @ 09:47:41.656","Cyber-Window-cilent","Registry Key Integrity Checksum Changed","5","594"
"Sep 14, 2026 @ 09:47:41.652","Cyber-Window-cilent","Registry Key Integrity Checksum Changed","5","594"
"Sep 14, 2026 @ 09:47:41.647","Cyber-Window-cilent","Registry Key Integrity Checksum Changed","5","594"
"Sep 14, 2026 @ 09:47:41.637","Cyber-Window-cilent","Registry Key Integrity Checksum Changed","5","594"
"Sep 14, 2026 @ 09:47:41.629","Cyber-Window-cilent","Registry Key Integrity Checksum Changed","5","594"
"Sep 14, 2026 @ 09:47:40.651","Cyber-Window-cilent","Registry Key Integrity Checksum Changed","5","594"
"Sep 14, 2026 @ 09:47:40.610","Cyber-Window-cilent","Registry Key Integrity Checksum Changed","5","594"
"Sep 14, 2026 @ 09:47:18.822","Cyber-Window-cilent","Windows Logon Success","3","60106"
"Sep 14, 2026 @ 09:47:18.817","Cyber-Window-cilent","Windows Logon Success","3","60106"
"Sep 14, 2026 @ 09:47:18.807","Cyber-Window-cilent","Windows Logon Success","3","60106"
"Sep 14, 2026 @ 09:47:10.188","Cyber-Window-cilent","Windows Logon Success","3","60106"
"Sep 14, 2026 @ 09:47:06.932","Cyber-Window-cilent","Windows Logon Success","3","60106"
"Sep 14, 2026 @ 09:47:06.897","Cyber-Window-cilent","Windows Logon Success","3","60106"
"Sep 14, 2026 @ 09:47:06.864","Cyber-Window-cilent","Windows Logon Success","3","60106"
"Sep 14, 2026 @ 09:47:06.847","Cyber-Window-cilent","Windows Logon Success","3","60106"
"Sep 14, 2026 @ 09:47:06.844","Cyber-Window-cilent","Windows Logon Success","3","60106"
"Sep 14, 2026 @ 09:47:06.840","Cyber-Window-cilent","Windows Logon Success","3","60106"
"Sep 14, 2026 @ 09:47:06.836","Cyber-Window-cilent","Windows Logon Success","3","60106"
"Sep 14, 2026 @ 09:46:56.527","Cyber-DC","Windows User Logoff","3","60137"
"Sep 14, 2026 @ 09:46:56.527","Cyber-DC","Windows User Logoff","3","60137"
"Sep 14, 2026 @ 09:46:56.523","Cyber-DC","Windows User Logoff","3","60137"
"Sep 14, 2026 @ 09:46:51.328","Cyber-DC","Windows User Logoff","3","60137"
"Sep 14, 2026 @ 09:46:51.327","Cyber-DC","Windows Logon Success","3","60106"
"Sep 14, 2026 @ 09:46:34.973","Cyber-DC","Windows User Logoff","3","60137"
"Sep 14, 2026 @ 09:46:21.355","Cyber-DC","Windows User Logoff","3","60137"
"Sep 14, 2026 @ 09:45:51.324","Cyber-DC","Windows User Logoff","3","60137"
"Sep 14, 2026 @ 09:45:51.322","Cyber-DC","Windows Logon Success","3","60106"
"Sep 14, 2026 @ 09:45:36.671","Cyber-DC","Windows Logon Success","3","60106"
"Sep 14, 2026 @ 09:45:02.828","Cyber-DC","Windows User Logoff","3","60137"
"Sep 14, 2026 @ 09:44:51.296","Cyber-DC","Windows User Logoff","3","60137"
"Sep 14, 2026 @ 09:44:51.295","Cyber-DC","Windows Logon Success","3","60106"
"Sep 14, 2026 @ 09:44:48.394","Cyber-Window-cilent","Registry Value Integrity Checksum Changed","5","750"
"Sep 14, 2026 @ 09:44:48.350","Cyber-Window-cilent","Registry Value Integrity Checksum Changed","5","750"
"Sep 14, 2026 @ 09:44:48.335","Cyber-Window-cilent","Registry Value Integrity Checksum Changed","5","750"
"Sep 14, 2026 @ 09:44:48.335","Cyber-Window-cilent","Registry Key Integrity Checksum Changed","5","594"
"Sep 14, 2026 @ 09:44:48.335","Cyber-Window-cilent","Registry Value Integrity Checksum Changed","5","750"
"Sep 14, 2026 @ 09:44:48.314","Cyber-Window-cilent","Registry Key Integrity Checksum Changed","5","594"
"Sep 14, 2026 @ 09:44:07.795","Cyber-Svr","PAM: Login session opened.","3","5501"
"Sep 14, 2026 @ 09:44:07.779","Cyber-Svr","PAM: Login session opened.","3","5501"
"Sep 14, 2026 @ 09:44:07.778","Cyber-Svr","sshd: authentication success.","3","5715"
"Sep 14, 2026 @ 09:44:06.982","Cyber-Svr","PAM: Login session opened.","3","5501"
"Sep 14, 2026 @ 09:44:06.982","Cyber-Svr","PAM: Login session opened.","3","5501"
"Sep 14, 2026 @ 09:44:06.941","Cyber-Svr","sshd: authentication success.","3","5715"
"Sep 14, 2026 @ 09:43:56.227","Cyber-DC","Windows User Logoff","3","60137"
"Sep 14, 2026 @ 09:43:52.224","Cyber-DC","Registry Key Integrity Checksum Changed","5","594"
"Sep 14, 2026 @ 09:43:51.282","Cyber-DC","Windows User Logoff","3","60137"
"Sep 14, 2026 @ 09:43:51.281","Cyber-DC","Windows Logon Success","3","60106"
"Sep 14, 2026 @ 09:43:45.203","Cyber-DC","Windows User Logoff","3","60137"
"Sep 14, 2026 @ 09:43:45.161","Cyber-DC","Windows User Logoff","3","60137"
"Sep 14, 2026 @ 09:43:45.161","Cyber-DC","Windows Logon Success","3","60106"
"Sep 14, 2026 @ 09:43:45.158","Cyber-DC","Windows User Logoff","3","60137"
"Sep 14, 2026 @ 09:43:45.156","Cyber-DC","Windows User Logoff","3","60137"
"Sep 14, 2026 @ 09:43:45.150","Cyber-DC","Windows Logon Success","3","60106"
"Sep 14, 2026 @ 09:43:45.147","Cyber-DC","Windows Logon Success","3","60106"
"Sep 14, 2026 @ 09:43:45.144","Cyber-DC","Windows Logon Success","3","60106"
"Sep 14, 2026 @ 09:43:34.822","Cyber-DC","Windows User Logoff","3","60137"
"Sep 14, 2026 @ 09:43:26.492","Cyber-DC","Windows User Logoff","3","60137"
"Sep 14, 2026 @ 09:43:26.490","Cyber-DC","Windows Logon Success","3","60106"
"Sep 14, 2026 @ 09:43:26.486","Cyber-DC","Windows User Logoff","3","60137"
"Sep 14, 2026 @ 09:43:26.484","Cyber-DC","Windows Logon Success","3","60106"
"Sep 14, 2026 @ 09:43:16.512","Cyber-Window-cilent","Registry Value Integrity Checksum Changed","5","750"
"Sep 14, 2026 @ 09:43:16.511","Cyber-Window-cilent","Registry Value Integrity Checksum Changed","5","750"
"Sep 14, 2026 @ 09:43:16.469","Cyber-Window-cilent","Registry Key Integrity Checksum Changed","5","594"
"Sep 14, 2026 @ 09:42:55.283","Cyber-DC","Windows User Logoff","3","60137"
"Sep 14, 2026 @ 09:42:55.282","Cyber-DC","Windows Logon Success","3","60106"
"Sep 14, 2026 @ 09:42:55.277","Cyber-DC","Windows User Logoff","3","60137"
"Sep 14, 2026 @ 09:42:53.568","Cyber-Svr","sshd: authentication failed.","5","5760"
"Sep 14, 2026 @ 09:42:52.103","Cyber-Svr","sshd: authentication failed.","5","5760"
"Sep 14, 2026 @ 09:42:52.092","Cyber-Svr","PAM: User login failed.","5","5503"
"Sep 14, 2026 @ 09:42:51.460","Cyber-Svr","PAM: User login failed.","5","5503"
"Sep 14, 2026 @ 09:41:53.109","Cyber-Window-cilent","Registry Value Entry Deleted.","5","751"
"Sep 14, 2026 @ 09:41:53.089","Cyber-Window-cilent","Registry Value Entry Deleted.","5","751"
"Sep 14, 2026 @ 09:41:53.073","Cyber-Window-cilent","Registry Value Entry Deleted.","5","751"
"Sep 14, 2026 @ 09:41:53.055","Cyber-Window-cilent","Registry Value Entry Deleted.","5","751"
"Sep 14, 2026 @ 09:41:53.040","Cyber-Window-cilent","Registry Value Entry Deleted.","5","751"
"Sep 14, 2026 @ 09:41:53.024","Cyber-Window-cilent","Registry Value Entry Deleted.","5","751"
"Sep 14, 2026 @ 09:41:53.007","Cyber-Window-cilent","Registry Value Entry Deleted.","5","751"
"Sep 14, 2026 @ 09:41:53.001","Cyber-Window-cilent","Registry Value Entry Deleted.","5","751"
"Sep 14, 2026 @ 09:41:53.001","Cyber-Window-cilent","Registry Value Entry Deleted.","5","751"
"Sep 14, 2026 @ 09:41:48.441","Cyber-Window-cilent","Registry Value Entry Added to the System","5","752"
"Sep 14, 2026 @ 09:41:48.424","Cyber-Window-cilent","Registry Value Entry Added to the System","5","752"
"Sep 14, 2026 @ 09:41:48.408","Cyber-Window-cilent","Registry Value Entry Added to the System","5","752"
"Sep 14, 2026 @ 09:41:48.392","Cyber-Window-cilent","Registry Value Entry Added to the System","5","752"
"Sep 14, 2026 @ 09:41:48.383","Cyber-Window-cilent","Registry Value Entry Added to the System","5","752"
"Sep 14, 2026 @ 09:41:48.382","Cyber-Window-cilent","Registry Value Entry Added to the System","5","752"
"Sep 14, 2026 @ 09:41:48.380","Cyber-Window-cilent","Registry Value Entry Added to the System","5","752"
"Sep 14, 2026 @ 09:41:48.350","Cyber-Window-cilent","Registry Key Integrity Checksum Changed","5","594"
"Sep 14, 2026 @ 09:41:48.311","Cyber-Window-cilent","Registry Value Entry Added to the System","5","752"
"Sep 14, 2026 @ 09:41:48.309","Cyber-Window-cilent","Registry Value Entry Added to the System","5","752"
"Sep 14, 2026 @ 09:41:48.287","Cyber-Window-cilent","Registry Key Integrity Checksum Changed","5","594"
"Sep 14, 2026 @ 09:41:48.286","Cyber-Window-cilent","Registry Value Integrity Checksum Changed","5","750"
"Sep 14, 2026 @ 09:41:48.243","Cyber-Window-cilent","Registry Key Integrity Checksum Changed","5","594"
"Sep 14, 2026 @ 09:41:39.959","Cyber-Window-cilent","Registry Value Integrity Checksum Changed","5","750"
"Sep 14, 2026 @ 09:41:39.916","Cyber-Window-cilent","Registry Key Integrity Checksum Changed","5","594"
"Sep 14, 2026 @ 09:41:16.545","Cyber-DC","Windows User Logoff","3","60137"
"Sep 14, 2026 @ 09:41:06.660","Cyber-Window-cilent","Windows Logon Success","3","60106"
"Sep 14, 2026 @ 09:40:54.923","Cyber-Window-cilent","Windows Logon Success","3","60106"
"Sep 14, 2026 @ 09:40:48.230","Cyber-DC","Windows User Logoff","3","60137"
"Sep 14, 2026 @ 09:40:48.229","Cyber-DC","Windows Logon Success","3","60106"
"Sep 14, 2026 @ 09:40:34.244","Cyber-DC","Windows User Logoff","3","60137"
"Sep 14, 2026 @ 09:40:34.203","Cyber-DC","Windows User Logoff","3","60137"
"Sep 14, 2026 @ 09:40:17.494","Cyber-Window-cilent","Registry Value Integrity Checksum Changed","5","750"
"Sep 14, 2026 @ 09:40:17.486","Cyber-Window-cilent","Registry Value Integrity Checksum Changed","5","750"
"Sep 14, 2026 @ 09:40:17.486","Cyber-Window-cilent","Registry Key Integrity Checksum Changed","5","594"
"Sep 14, 2026 @ 09:40:17.486","Cyber-Window-cilent","Registry Value Integrity Checksum Changed","5","750"
"Sep 14, 2026 @ 09:40:17.461","Cyber-Window-cilent","Registry Value Integrity Checksum Changed","5","750"
"Sep 14, 2026 @ 09:40:16.487","Cyber-Window-cilent","Registry Value Integrity Checksum Changed","5","750"
"Sep 14, 2026 @ 09:40:16.446","Cyber-Window-cilent","Registry Key Integrity Checksum Changed","5","594"
"Sep 14, 2026 @ 09:39:43.169","Cyber-DC","Windows User Logoff","3","60137"
"Sep 14, 2026 @ 09:39:43.169","Cyber-DC","Windows Logon Success","3","60106"
"Sep 14, 2026 @ 09:39:43.166","Cyber-DC","Windows Logon Success","3","60106"
"Sep 14, 2026 @ 09:39:37.068","Cyber-Window-cilent","Registry Value Integrity Checksum Changed","5","750"
"Sep 14, 2026 @ 09:39:37.057","Cyber-Window-cilent","Registry Key Integrity Checksum Changed","5","594"
"Sep 14, 2026 @ 09:39:37.057","Cyber-Window-cilent","Registry Value Integrity Checksum Changed","5","750"
"Sep 14, 2026 @ 09:39:06.521","Cyber-Window-cilent","Windows Logon Success","3","60106"
"Sep 14, 2026 @ 09:39:05.793","Cyber-DC","Registry Value Integrity Checksum Changed","5","750"
"Sep 14, 2026 @ 09:39:05.792","Cyber-DC","Registry Key Integrity Checksum Changed","5","594"
"Sep 14, 2026 @ 09:39:02.405","Cyber-DC","Registry Key Integrity Checksum Changed","5","594"
"Sep 14, 2026 @ 09:38:58.020","Cyber-DC","Registry Key Integrity Checksum Changed","5","594"
"Sep 14, 2026 @ 09:38:57.983","Cyber-DC","Registry Key Integrity Checksum Changed","5","594"
"Sep 14, 2026 @ 09:38:57.965","Cyber-DC","Registry Value Entry Added to the System","5","752"
"Sep 14, 2026 @ 09:38:57.952","Cyber-DC","Registry Key Entry Added to the System","5","598"
"Sep 14, 2026 @ 09:38:57.951","Cyber-DC","Registry Value Entry Added to the System","5","752"
"Sep 14, 2026 @ 09:38:57.948","Cyber-DC","Registry Key Entry Added to the System","5","598"
"Sep 14, 2026 @ 09:38:57.944","Cyber-DC","Registry Value Entry Added to the System","5","752"
"Sep 14, 2026 @ 09:38:57.943","Cyber-DC","Registry Key Entry Added to the System","5","598"
"Sep 14, 2026 @ 09:38:57.942","Cyber-DC","Registry Value Entry Added to the System","5","752"
"Sep 14, 2026 @ 09:38:57.937","Cyber-DC","Registry Key Entry Added to the System","5","598"
"Sep 14, 2026 @ 09:38:57.932","Cyber-DC","Registry Value Entry Added to the System","5","752"
"Sep 14, 2026 @ 09:38:57.931","Cyber-DC","Registry Key Entry Added to the System","5","598"
"Sep 14, 2026 @ 09:38:54.900","Cyber-DC","Windows User Logoff","3","60137"
"Sep 14, 2026 @ 09:38:54.898","Cyber-DC","Windows User Logoff","3","60137"
"Sep 14, 2026 @ 09:38:45.422","Cyber-DC","Windows User Logoff","3","60137"
"Sep 14, 2026 @ 09:38:45.410","Cyber-DC","Windows User Logoff","3","60137"
"Sep 14, 2026 @ 09:38:45.408","Cyber-DC","Windows User Logoff","3","60137"
"Sep 14, 2026 @ 09:38:45.407","Cyber-DC","Windows Logon Success","3","60106"
"Sep 14, 2026 @ 09:38:45.377","Cyber-DC","Windows Logon Success","3","60106"
"Sep 14, 2026 @ 09:38:45.330","Cyber-DC","Windows User Logoff","3","60137"
"Sep 14, 2026 @ 09:38:45.329","Cyber-DC","Windows User Logoff","3","60137"
"Sep 14, 2026 @ 09:38:45.314","Cyber-DC","Windows Logon Success","3","60106"
"Sep 14, 2026 @ 09:38:45.300","Cyber-DC","Windows Logon Success","3","60106"
"Sep 14, 2026 @ 09:38:45.268","Cyber-DC","Windows Logon Success","3","60106"
"Sep 14, 2026 @ 09:38:45.235","Cyber-DC","Windows Logon Success","3","60106"
"Sep 14, 2026 @ 09:38:45.218","Cyber-DC","Windows Logon Success","3","60106"
"Sep 14, 2026 @ 09:38:45.188","Cyber-DC","Windows Logon Success","3","60106"
"Sep 14, 2026 @ 09:38:45.174","Cyber-DC","Windows Logon Success","3","60106"
"Sep 14, 2026 @ 09:38:45.171","Cyber-DC","Windows User Logoff","3","60137"
"Sep 14, 2026 @ 09:38:44.184","Cyber-DC","Windows User Logoff","3","60137"
"Sep 14, 2026 @ 09:38:44.183","Cyber-DC","Windows Logon Success","3","60106"
"Sep 14, 2026 @ 09:38:44.164","Cyber-DC","Windows User Logoff","3","60137"
"Sep 14, 2026 @ 09:38:44.152","Cyber-DC","Windows User Logoff","3","60137"
"Sep 14, 2026 @ 09:38:44.132","Cyber-DC","Windows Logon Success","3","60106"
"Sep 14, 2026 @ 09:38:44.117","Cyber-DC","Windows Logon Success","3","60106"
"Sep 14, 2026 @ 09:38:44.101","Cyber-DC","Windows Logon Success","3","60106"
"Sep 14, 2026 @ 09:38:44.070","Cyber-DC","Windows User Logoff","3","60137"
"Sep 14, 2026 @ 09:38:44.038","Cyber-DC","Windows Logon Success","3","60106"
"Sep 14, 2026 @ 09:38:44.006","Cyber-DC","Special privileges assigned to new logon.","3","67028"
"Sep 14, 2026 @ 09:38:43.989","Cyber-DC","Service logon event registered from non standard service account.","3","67024"
"Sep 14, 2026 @ 09:38:43.977","Cyber-DC","Windows Logon Success","3","60106"
"Sep 14, 2026 @ 09:38:43.010","Cyber-DC","Windows System error event","5","61102"
"Sep 14, 2026 @ 09:38:26.184","Cyber-DC","Windows User Logoff","3","60137"
"Sep 14, 2026 @ 09:38:26.183","Cyber-DC","Windows Logon Success","3","60106"
"Sep 14, 2026 @ 09:38:26.180","Cyber-DC","Windows User Logoff","3","60137"
"Sep 14, 2026 @ 09:38:26.179","Cyber-DC","Windows Logon Success","3","60106"
"Sep 14, 2026 @ 09:38:18.390","Cyber-DC","Windows Logon Success","3","60106"
"Sep 14, 2026 @ 09:38:18.389","Cyber-DC","Windows User Logoff","3","60137"
"Sep 14, 2026 @ 09:37:58.133","Cyber-DC","Windows User Logoff","3","60137"
"Sep 14, 2026 @ 09:37:57.442","Cyber-Svr","PAM: Login session opened.","3","5501"
"Sep 14, 2026 @ 09:37:56.024","Cyber-Svr","PAM: Login session opened.","3","5501"
"Sep 14, 2026 @ 09:37:40.279","Cyber-Window-cilent","Software protection service scheduled successfully.","3","60642"
"Sep 14, 2026 @ 09:37:37.409","Cyber-Window-cilent","Registry Value Integrity Checksum Changed","5","750"
"Sep 14, 2026 @ 09:37:37.407","Cyber-Window-cilent","Registry Key Integrity Checksum Changed","5","594"
"Sep 14, 2026 @ 09:37:37.384","Cyber-Window-cilent","Registry Value Integrity Checksum Changed","5","750"
"Sep 14, 2026 @ 09:37:37.379","Cyber-Window-cilent","Registry Key Integrity Checksum Changed","5","594"
"Sep 14, 2026 @ 09:37:34.108","Cyber-Window-cilent","Registry Key Integrity Checksum Changed","5","594"
"Sep 14, 2026 @ 09:37:34.075","Cyber-Window-cilent","Registry Key Integrity Checksum Changed","5","594"
"Sep 14, 2026 @ 09:37:34.044","Cyber-Window-cilent","Registry Key Integrity Checksum Changed","5","594"
"Sep 14, 2026 @ 09:37:34.024","Cyber-Window-cilent","Registry Key Integrity Checksum Changed","5","594"
"Sep 14, 2026 @ 09:37:34.015","Cyber-Window-cilent","Registry Key Integrity Checksum Changed","5","594"
"Sep 14, 2026 @ 09:37:34.013","Cyber-Window-cilent","Registry Key Integrity Checksum Changed","5","594"
"Sep 14, 2026 @ 09:37:34.000","Cyber-Window-cilent","Registry Key Integrity Checksum Changed","5","594"
"Sep 14, 2026 @ 09:37:33.997","Cyber-Window-cilent","Registry Key Integrity Checksum Changed","5","594"
"Sep 14, 2026 @ 09:37:33.982","Cyber-Window-cilent","Registry Key Integrity Checksum Changed","5","594"
"Sep 14, 2026 @ 09:37:33.962","Cyber-Window-cilent","Registry Key Integrity Checksum Changed","5","594"
"Sep 14, 2026 @ 09:37:33.958","Cyber-Window-cilent","Registry Key Integrity Checksum Changed","5","594"
"Sep 14, 2026 @ 09:37:33.950","Cyber-Window-cilent","Registry Key Integrity Checksum Changed","5","594"
"Sep 14, 2026 @ 09:37:33.937","Cyber-Window-cilent","Registry Key Integrity Checksum Changed","5","594"
"Sep 14, 2026 @ 09:37:33.928","Cyber-Window-cilent","Registry Key Integrity Checksum Changed","5","594"
"Sep 14, 2026 @ 09:37:24.731","Cyber-Window-cilent","Registry Value Entry Added to the System","5","752"
"Sep 14, 2026 @ 09:37:24.731","Cyber-Window-cilent","Registry Value Entry Added to the System","5","752"
"Sep 14, 2026 @ 09:37:24.689","Cyber-Window-cilent","Registry Key Integrity Checksum Changed","5","594"
"Sep 14, 2026 @ 09:37:18.177","Cyber-DC","Windows User Logoff","3","60137"
"Sep 14, 2026 @ 09:37:18.175","Cyber-DC","Windows Logon Success","3","60106"
"Sep 14, 2026 @ 09:36:18.150","Cyber-DC","Windows User Logoff","3","60137"
"Sep 14, 2026 @ 09:36:18.149","Cyber-DC","Windows Logon Success","3","60106"
"Sep 14, 2026 @ 09:36:14.398","Cyber-Window-cilent","Windows Logon Success","3","60106"
"Sep 14, 2026 @ 09:36:13.515","Cyber-Window-cilent","The database engine is starting a new instance.","3","60805"
"Sep 14, 2026 @ 09:36:12.540","Cyber-Window-cilent","Windows Logon Success","3","60106"
"Sep 14, 2026 @ 09:35:56.918","Cyber-Window-cilent","Windows Logon Success","3","60106"
"Sep 14, 2026 @ 09:35:56.868","Cyber-Window-cilent","Name resolution for the name settings-win.data.microsoft.com timed out","5","61109"
"Sep 14, 2026 @ 09:35:45.511","Cyber-DC","Windows User Logoff","3","60137"
"Sep 14, 2026 @ 09:35:39.538","Cyber-Window-cilent","Windows Logon Success","3","60106"
"Sep 14, 2026 @ 09:35:38.131","Cyber-DC","Windows User Logoff","3","60137"
"Sep 14, 2026 @ 09:35:36.669","Cyber-DC","Windows User Logoff","3","60137"
"Sep 14, 2026 @ 09:35:36.655","Cyber-DC","Windows User Logoff","3","60137"
"Sep 14, 2026 @ 09:35:36.608","Cyber-DC","Windows Logon Success","3","60106"
"Sep 14, 2026 @ 09:35:35.422","Cyber-DC","Windows User Logoff","3","60137"
"Sep 14, 2026 @ 09:35:35.417","Cyber-DC","Windows Logon Success","3","60106"
"Sep 14, 2026 @ 09:35:35.400","Cyber-DC","Windows User Logoff","3","60137"
"Sep 14, 2026 @ 09:35:23.011","Cyber-Window-cilent","Registry Value Entry Added to the System","5","752"
"Sep 14, 2026 @ 09:35:23.009","Cyber-Window-cilent","Registry Value Integrity Checksum Changed","5","750"
"Sep 14, 2026 @ 09:35:23.008","Cyber-Window-cilent","Registry Value Integrity Checksum Changed","5","750"
"Sep 14, 2026 @ 09:35:22.988","Cyber-Window-cilent","Registry Key Integrity Checksum Changed","5","594"
"Sep 14, 2026 @ 09:35:15.741","Cyber-Window-cilent","Registry Value Entry Added to the System","5","752"
"Sep 14, 2026 @ 09:35:15.700","Cyber-Window-cilent","Registry Key Integrity Checksum Changed","5","594"
"Sep 14, 2026 @ 09:34:57.480","Cyber-DC","Registry Value Integrity Checksum Changed","5","750"
"Sep 14, 2026 @ 09:34:57.463","Cyber-DC","Registry Value Integrity Checksum Changed","5","750"
"Sep 14, 2026 @ 09:34:57.458","Cyber-DC","Registry Value Integrity Checksum Changed","5","750"
"Sep 14, 2026 @ 09:34:57.456","Cyber-DC","Registry Key Integrity Checksum Changed","5","594"
"Sep 14, 2026 @ 09:34:57.449","Cyber-DC","Registry Value Integrity Checksum Changed","5","750"
"Sep 14, 2026 @ 09:34:57.449","Cyber-DC","Registry Key Integrity Checksum Changed","5","594"
"Sep 14, 2026 @ 09:34:52.469","Cyber-DC","Registry Value Integrity Checksum Changed","5","750"
"Sep 14, 2026 @ 09:34:52.468","Cyber-DC","Registry Key Integrity Checksum Changed","5","594"
"Sep 14, 2026 @ 09:34:48.309","Cyber-Window-cilent","Windows Logon Success","3","60106"
"Sep 14, 2026 @ 09:34:43.147","Cyber-Window-cilent","Windows Logon Success","3","60106"
"Sep 14, 2026 @ 09:34:43.144","Cyber-Window-cilent","Windows Logon Success","3","60106"
"Sep 14, 2026 @ 09:34:41.545","Cyber-Window-cilent","Service startup type was changed","3","61104"
"Sep 14, 2026 @ 09:34:17.482","Cyber-DC","Windows User Logoff","3","60137"
"Sep 14, 2026 @ 09:34:17.479","Cyber-DC","Windows Logon Success","3","60106"
"Sep 14, 2026 @ 09:34:14.120","Cyber-DC","Windows User Logoff","3","60137"
"Sep 14, 2026 @ 09:34:00.501","Cyber-Window-cilent","Registry Value Integrity Checksum Changed","5","750"
"Sep 14, 2026 @ 09:34:00.460","Cyber-Window-cilent","Registry Value Integrity Checksum Changed","5","750"
"Sep 14, 2026 @ 09:34:00.444","Cyber-Window-cilent","Registry Value Integrity Checksum Changed","5","750"
"Sep 14, 2026 @ 09:34:00.444","Cyber-Window-cilent","Registry Value Integrity Checksum Changed","5","750"
"Sep 14, 2026 @ 09:34:00.444","Cyber-Window-cilent","Registry Key Integrity Checksum Changed","5","594"
"Sep 14, 2026 @ 09:34:00.420","Cyber-Window-cilent","Registry Key Integrity Checksum Changed","5","594"
"Sep 14, 2026 @ 09:33:55.128","Cyber-DC","Windows User Logoff","3","60137"
"Sep 14, 2026 @ 09:33:52.770","Cyber-DC","Windows User Logoff","3","60137"
"Sep 14, 2026 @ 09:33:52.520","Cyber-Window-cilent","Registry Value Integrity Checksum Changed","5","750"
"Sep 14, 2026 @ 09:33:52.479","Cyber-Window-cilent","Registry Value Integrity Checksum Changed","5","750"
"Sep 14, 2026 @ 09:33:52.466","Cyber-Window-cilent","Registry Value Integrity Checksum Changed","5","750"
"Sep 14, 2026 @ 09:33:52.465","Cyber-Window-cilent","Registry Value Integrity Checksum Changed","5","750"
"Sep 14, 2026 @ 09:33:52.465","Cyber-Window-cilent","Registry Key Integrity Checksum Changed","5","594"
"Sep 14, 2026 @ 09:33:52.439","Cyber-Window-cilent","Registry Value Integrity Checksum Changed","5","750"
"Sep 14, 2026 @ 09:33:51.437","Cyber-Window-cilent","Registry Key Integrity Checksum Changed","5","594"
"Sep 14, 2026 @ 09:33:46.047","Cyber-DC","Windows User Logoff","3","60137"
"Sep 14, 2026 @ 09:33:46.046","Cyber-DC","Windows User Logoff","3","60137"
"Sep 14, 2026 @ 09:33:46.045","Cyber-DC","Windows User Logoff","3","60137"
"Sep 14, 2026 @ 09:33:44.466","Cyber-DC","Windows User Logoff","3","60137"
"Sep 14, 2026 @ 09:33:44.424","Cyber-DC","Windows User Logoff","3","60137"
"Sep 14, 2026 @ 09:33:44.407","Cyber-DC","Windows Logon Success","3","60106"
"Sep 14, 2026 @ 09:33:44.393","Cyber-DC","Windows User Logoff","3","60137"
"Sep 14, 2026 @ 09:33:44.361","Cyber-DC","Windows User Logoff","3","60137"
"Sep 14, 2026 @ 09:33:44.345","Cyber-DC","Windows Logon Success","3","60106"
"Sep 14, 2026 @ 09:33:44.343","Cyber-DC","Windows Logon Success","3","60106"
"Sep 14, 2026 @ 09:33:44.339","Cyber-DC","Windows Logon Success","3","60106"
"Sep 14, 2026 @ 09:33:44.337","Cyber-DC","Windows Logon Success","3","60106"
"Sep 14, 2026 @ 09:33:41.967","Cyber-Window-cilent","Windows Logon Success","3","60106"
"Sep 14, 2026 @ 09:33:41.460","Cyber-Window-cilent","Windows Logon Success","3","60106"
"Sep 14, 2026 @ 09:33:40.087","Cyber-Window-cilent","Windows Logon Success","3","60106"
"Sep 14, 2026 @ 09:33:39.906","Cyber-DC","Windows User Logoff","3","60137"
"Sep 14, 2026 @ 09:33:39.890","Cyber-DC","Windows User Logoff","3","60137"
"Sep 14, 2026 @ 09:33:39.884","Cyber-DC","Windows User Logoff","3","60137"
"Sep 14, 2026 @ 09:33:29.401","Cyber-DC","Registry Key Integrity Checksum Changed","5","594"
"Sep 14, 2026 @ 09:33:29.401","Cyber-DC","Registry Value Integrity Checksum Changed","5","750"
"Sep 14, 2026 @ 09:33:26.129","Cyber-DC","Windows User Logoff","3","60137"
"Sep 14, 2026 @ 09:33:26.128","Cyber-DC","Windows Logon Success","3","60106"
"Sep 14, 2026 @ 09:33:26.126","Cyber-DC","Windows User Logoff","3","60137"
"Sep 14, 2026 @ 09:33:26.126","Cyber-DC","Windows Logon Success","3","60106"
"Sep 14, 2026 @ 09:33:25.873","Cyber-DC","Registry Key Integrity Checksum Changed","5","594"
"Sep 14, 2026 @ 09:33:25.139","Cyber-DC","Registry Value Integrity Checksum Changed","5","750"
"Sep 14, 2026 @ 09:33:25.138","Cyber-DC","Registry Key Integrity Checksum Changed","5","594"
"Sep 14, 2026 @ 09:33:23.505","Cyber-DC","Summary event of the report's signatures.","4","60608"
"Sep 14, 2026 @ 09:33:20.482","Cyber-DC","Windows Logon Success","3","60106"
"Sep 14, 2026 @ 09:33:20.459","Cyber-DC","Summary event of the report's signatures.","4","60608"
"Sep 14, 2026 @ 09:33:20.456","Cyber-DC","Summary event of the report's signatures.","4","60608"
"Sep 14, 2026 @ 09:33:20.454","Cyber-DC","Windows application error event.","9","60602"
"Sep 14, 2026 @ 09:33:17.475","Cyber-DC","Windows User Logoff","3","60137"
"Sep 14, 2026 @ 09:33:17.472","Cyber-DC","Windows Logon Success","3","60106"
"Sep 14, 2026 @ 09:33:12.373","Cyber-DC","Windows User Logoff","3","60137"
"Sep 14, 2026 @ 09:33:01.460","Cyber-DC","Windows Logon Success","3","60106"
"Sep 14, 2026 @ 09:32:47.425","Cyber-DC","Windows User Logoff","3","60137"
"Sep 14, 2026 @ 09:32:41.531","Cyber-Window-cilent","Windows Logon Success","3","60106"
"Sep 14, 2026 @ 09:32:17.467","Cyber-DC","Windows User Logoff","3","60137"
"Sep 14, 2026 @ 09:32:17.463","Cyber-DC","Windows Logon Success","3","60106"
"Sep 14, 2026 @ 09:31:44.973","Cyber-Window-cilent","Software protection service scheduled successfully.","3","60642"
"Sep 14, 2026 @ 09:31:21.083","Cyber-DC","Windows User Logoff","3","60137"
"Sep 14, 2026 @ 09:31:17.459","Cyber-DC","Windows User Logoff","3","60137"
"Sep 14, 2026 @ 09:31:17.458","Cyber-DC","Windows Logon Success","3","60106"
"Sep 14, 2026 @ 09:31:12.366","Cyber-DC","Windows User Logoff","3","60137"
"Sep 14, 2026 @ 09:31:12.344","Cyber-DC","Windows User Logoff","3","60137"
"Sep 14, 2026 @ 09:31:12.334","Cyber-DC","Windows User Logoff","3","60137"
"Sep 14, 2026 @ 09:31:07.478","Cyber-Window-cilent","Registry Key Entry Added to the System","5","598"
"Sep 14, 2026 @ 09:31:07.477","Cyber-Window-cilent","Registry Key Entry Added to the System","5","598"
"Sep 14, 2026 @ 09:31:07.462","Cyber-Window-cilent","Registry Key Entry Added to the System","5","598"
"Sep 14, 2026 @ 09:31:07.462","Cyber-Window-cilent","Registry Value Entry Added to the System","5","752"
"Sep 14, 2026 @ 09:31:06.704","Cyber-Window-cilent","Registry Key Integrity Checksum Changed","5","594"
"Sep 14, 2026 @ 09:31:06.096","Cyber-Window-cilent","Registry Key Integrity Checksum Changed","5","594"
"Sep 14, 2026 @ 09:31:01.097","Cyber-Window-cilent","Registry Value Integrity Checksum Changed","5","750"
"Sep 14, 2026 @ 09:31:01.091","Cyber-Window-cilent","Registry Value Integrity Checksum Changed","5","750"
"Sep 14, 2026 @ 09:31:01.090","Cyber-Window-cilent","Registry Key Integrity Checksum Changed","5","594"
"Sep 14, 2026 @ 09:30:49.359","Cyber-Window-cilent","Registry Key Integrity Checksum Changed","5","594"
"Sep 14, 2026 @ 09:30:49.124","Cyber-Window-cilent","Registry Key Integrity Checksum Changed","5","594"
"Sep 14, 2026 @ 09:30:17.431","Cyber-DC","Windows User Logoff","3","60137"
"Sep 14, 2026 @ 09:30:17.430","Cyber-DC","Windows Logon Success","3","60106"
"Sep 14, 2026 @ 09:29:58.781","Cyber-DC","Windows User Logoff","3","60137"
"Sep 14, 2026 @ 09:29:53.505","Cyber-DC","Windows User Logoff","3","60137"
"Sep 14, 2026 @ 09:29:46.035","Cyber-Window-cilent","Registry Key Entry Deleted.","5","597"
"Sep 14, 2026 @ 09:29:46.019","Cyber-Window-cilent","Registry Key Entry Deleted.","5","597"
"Sep 14, 2026 @ 09:29:46.003","Cyber-Window-cilent","Registry Key Entry Deleted.","5","597"
"Sep 14, 2026 @ 09:29:45.991","Cyber-Window-cilent","Registry Value Entry Deleted.","5","751"
"Sep 14, 2026 @ 09:29:45.989","Cyber-Window-cilent","Registry Value Entry Deleted.","5","751"
"Sep 14, 2026 @ 09:29:45.972","Cyber-Window-cilent","Registry Value Entry Deleted.","5","751"
"Sep 14, 2026 @ 09:29:45.956","Cyber-Window-cilent","Registry Value Entry Deleted.","5","751"
"Sep 14, 2026 @ 09:29:45.949","Cyber-Window-cilent","Registry Value Entry Deleted.","5","751"
"Sep 14, 2026 @ 09:29:45.949","Cyber-Window-cilent","Registry Value Entry Deleted.","5","751"
"Sep 14, 2026 @ 09:29:45.260","Cyber-Window-cilent","Registry Key Integrity Checksum Changed","5","594"
"Sep 14, 2026 @ 09:29:44.552","Cyber-Window-cilent","Registry Value Integrity Checksum Changed","5","750"
"Sep 14, 2026 @ 09:29:44.536","Cyber-Window-cilent","Registry Value Integrity Checksum Changed","5","750"
"Sep 14, 2026 @ 09:29:44.523","Cyber-Window-cilent","Registry Key Integrity Checksum Changed","5","594"
"Sep 14, 2026 @ 09:29:44.523","Cyber-Window-cilent","Registry Value Integrity Checksum Changed","5","750"
"Sep 14, 2026 @ 09:29:44.520","Cyber-Window-cilent","Registry Key Integrity Checksum Changed","5","594"
"Sep 14, 2026 @ 09:29:44.475","Cyber-Window-cilent","Registry Value Integrity Checksum Changed","5","750"
"Sep 14, 2026 @ 09:29:44.460","Cyber-Window-cilent","Registry Value Integrity Checksum Changed","5","750"
"Sep 14, 2026 @ 09:29:44.454","Cyber-Window-cilent","Registry Value Integrity Checksum Changed","5","750"
"Sep 14, 2026 @ 09:29:44.454","Cyber-Window-cilent","Registry Key Integrity Checksum Changed","5","594"
"Sep 14, 2026 @ 09:29:44.413","Cyber-Window-cilent","Registry Key Integrity Checksum Changed","5","594"
"Sep 14, 2026 @ 09:29:44.398","Cyber-Window-cilent","Registry Value Integrity Checksum Changed","5","750"
"Sep 14, 2026 @ 09:29:44.397","Cyber-Window-cilent","Registry Value Integrity Checksum Changed","5","750"
"Sep 14, 2026 @ 09:29:44.397","Cyber-Window-cilent","Registry Value Integrity Checksum Changed","5","750"
"Sep 14, 2026 @ 09:29:44.373","Cyber-Window-cilent","Registry Key Integrity Checksum Changed","5","594"
"Sep 14, 2026 @ 09:29:44.372","Cyber-Window-cilent","Registry Value Integrity Checksum Changed","5","750"
"Sep 14, 2026 @ 09:29:44.370","Cyber-Window-cilent","Registry Value Integrity Checksum Changed","5","750"
"Sep 14, 2026 @ 09:29:44.370","Cyber-Window-cilent","Registry Key Integrity Checksum Changed","5","594"
"Sep 14, 2026 @ 09:29:44.347","Cyber-Window-cilent","Registry Value Integrity Checksum Changed","5","750"
"Sep 14, 2026 @ 09:29:44.346","Cyber-Window-cilent","Registry Key Integrity Checksum Changed","5","594"
"Sep 14, 2026 @ 09:29:44.345","Cyber-Window-cilent","Registry Value Integrity Checksum Changed","5","750"
"Sep 14, 2026 @ 09:29:44.345","Cyber-Window-cilent","Registry Key Integrity Checksum Changed","5","594"
"Sep 14, 2026 @ 09:29:44.318","Cyber-Window-cilent","Registry Value Integrity Checksum Changed","5","750"
"Sep 14, 2026 @ 09:29:43.465","Cyber-Window-cilent","Registry Value Integrity Checksum Changed","5","750"
"Sep 14, 2026 @ 09:29:43.448","Cyber-Window-cilent","Registry Key Integrity Checksum Changed","5","594"
"Sep 14, 2026 @ 09:29:43.430","Cyber-Window-cilent","Registry Key Integrity Checksum Changed","5","594"
"Sep 14, 2026 @ 09:29:43.415","Cyber-Window-cilent","Registry Value Entry Added to the System","5","752"
"Sep 14, 2026 @ 09:29:43.399","Cyber-Window-cilent","Registry Value Entry Added to the System","5","752"
"Sep 14, 2026 @ 09:29:43.383","Cyber-Window-cilent","Registry Value Entry Added to the System","5","752"
"Sep 14, 2026 @ 09:29:43.365","Cyber-Window-cilent","Registry Value Entry Added to the System","5","752"
"Sep 14, 2026 @ 09:29:43.350","Cyber-Window-cilent","Registry Value Entry Added to the System","5","752"
"Sep 14, 2026 @ 09:29:43.333","Cyber-Window-cilent","Registry Value Entry Added to the System","5","752"
"Sep 14, 2026 @ 09:29:43.318","Cyber-Window-cilent","Registry Key Entry Added to the System","5","598"
"Sep 14, 2026 @ 09:29:43.306","Cyber-Window-cilent","Registry Value Entry Added to the System","5","752"
"Sep 14, 2026 @ 09:29:43.306","Cyber-Window-cilent","Registry Key Entry Added to the System","5","598"
"Sep 14, 2026 @ 09:29:43.186","Cyber-Window-cilent","Registry Value Integrity Checksum Changed","5","750"
"Sep 14, 2026 @ 09:29:43.145","Cyber-Window-cilent","Registry Value Integrity Checksum Changed","5","750"
"Sep 14, 2026 @ 09:29:43.130","Cyber-Window-cilent","Registry Value Integrity Checksum Changed","5","750"
"Sep 14, 2026 @ 09:29:43.129","Cyber-Window-cilent","Registry Value Integrity Checksum Changed","5","750"
"Sep 14, 2026 @ 09:29:43.129","Cyber-Window-cilent","Registry Key Integrity Checksum Changed","5","594"
"Sep 14, 2026 @ 09:29:43.100","Cyber-Window-cilent","Registry Key Integrity Checksum Changed","5","594"
"Sep 14, 2026 @ 09:29:41.254","Cyber-Window-cilent","Registry Value Entry Added to the System","5","752"
"Sep 14, 2026 @ 09:29:41.254","Cyber-Window-cilent","Registry Value Entry Added to the System","5","752"
"Sep 14, 2026 @ 09:29:41.215","Cyber-Window-cilent","Registry Key Integrity Checksum Changed","5","594"
"Sep 14, 2026 @ 09:29:41.215","Cyber-Window-cilent","Registry Value Entry Added to the System","5","752"
"Sep 14, 2026 @ 09:29:41.057","Cyber-Window-cilent","Registry Value Integrity Checksum Changed","5","750"
"Sep 14, 2026 @ 09:29:41.056","Cyber-Window-cilent","Registry Key Integrity Checksum Changed","5","594"
"Sep 14, 2026 @ 09:29:39.681","Cyber-Window-cilent","Service startup type was changed","3","61104"
"Sep 14, 2026 @ 09:29:39.639","Cyber-Window-cilent","New Windows Service Created","5","61138"
"Sep 14, 2026 @ 09:29:39.565","Cyber-DC","Windows User Logoff","3","60137"
"Sep 14, 2026 @ 09:29:38.937","Cyber-Window-cilent","Registry Value Integrity Checksum Changed","5","750"
"Sep 14, 2026 @ 09:29:38.937","Cyber-Window-cilent","Registry Value Integrity Checksum Changed","5","750"
"Sep 14, 2026 @ 09:29:38.937","Cyber-Window-cilent","Registry Key Integrity Checksum Changed","5","594"
"Sep 14, 2026 @ 09:29:38.928","Cyber-Window-cilent","Registry Key Integrity Checksum Changed","5","594"
"Sep 14, 2026 @ 09:29:37.795","Cyber-Window-cilent","Registry Value Integrity Checksum Changed","5","750"
"Sep 14, 2026 @ 09:29:37.771","Cyber-Window-cilent","Registry Key Integrity Checksum Changed","5","594"
"Sep 14, 2026 @ 09:29:37.770","Cyber-Window-cilent","Registry Key Integrity Checksum Changed","5","594"
"Sep 14, 2026 @ 09:29:37.770","Cyber-Window-cilent","Registry Key Integrity Checksum Changed","5","594"
"Sep 14, 2026 @ 09:29:37.763","Cyber-Window-cilent","Registry Key Integrity Checksum Changed","5","594"
"Sep 14, 2026 @ 09:29:33.499","Cyber-Window-cilent","Registry Value Integrity Checksum Changed","5","750"
"Sep 14, 2026 @ 09:29:33.499","Cyber-Window-cilent","Registry Value Integrity Checksum Changed","5","750"
"Sep 14, 2026 @ 09:29:33.458","Cyber-Window-cilent","Registry Key Integrity Checksum Changed","5","594"
"Sep 14, 2026 @ 09:29:32.570","Cyber-Window-cilent","New Windows Service Created","5","61138"
"Sep 14, 2026 @ 09:29:29.441","Cyber-Window-cilent","Windows Logon Success","3","60106"
"Sep 14, 2026 @ 09:29:29.405","Cyber-Window-cilent","Windows Logon Success","3","60106"
"Sep 14, 2026 @ 09:29:29.385","Cyber-Window-cilent","Windows Logon Success","3","60106"
"Sep 14, 2026 @ 09:29:22.777","Cyber-Window-cilent","Windows Logon Success","3","60106"
"Sep 14, 2026 @ 09:29:22.376","Cyber-Linux-cilent","PAM: Login session opened.","3","5501"
"Sep 14, 2026 @ 09:29:16.582","Cyber-DC","Windows User Logoff","3","60137"
"Sep 14, 2026 @ 09:29:16.567","Cyber-DC","Windows Logon Success","3","60106"
"Sep 14, 2026 @ 09:29:06.454","Cyber-DC","Windows User Logoff","3","60137"
"Sep 14, 2026 @ 09:29:00.520","Cyber-Linux-cilent","PAM: Login session opened.","3","5501"
"Sep 14, 2026 @ 09:28:58.467","Cyber-Window-cilent","Windows Logon Success","3","60106"
"Sep 14, 2026 @ 09:28:56.238","Cyber-Linux-cilent","Wazuh agent started.","3","503"
"Sep 14, 2026 @ 09:28:55.322","Cyber-DC","Windows User Logoff","3","60137"
"Sep 14, 2026 @ 09:28:53.260","Cyber-DC","Registry Key Integrity Checksum Changed","5","594"
"Sep 14, 2026 @ 09:28:44.386","Cyber-DC","Windows User Logoff","3","60137"
"Sep 14, 2026 @ 09:28:44.343","Cyber-DC","Windows User Logoff","3","60137"
"Sep 14, 2026 @ 09:28:44.330","Cyber-DC","Windows Logon Success","3","60106"
"Sep 14, 2026 @ 09:28:44.327","Cyber-DC","Windows User Logoff","3","60137"
"Sep 14, 2026 @ 09:28:44.296","Cyber-DC","Windows User Logoff","3","60137"
"Sep 14, 2026 @ 09:28:44.278","Cyber-DC","Windows Logon Success","3","60106"
"Sep 14, 2026 @ 09:28:44.275","Cyber-DC","Windows Logon Success","3","60106"
"Sep 14, 2026 @ 09:28:44.271","Cyber-DC","Windows Logon Success","3","60106"
"Sep 14, 2026 @ 09:28:25.994","Cyber-DC","Windows User Logoff","3","60137"
"Sep 14, 2026 @ 09:28:25.981","Cyber-DC","Windows User Logoff","3","60137"
"Sep 14, 2026 @ 09:28:25.967","Cyber-DC","Windows Logon Success","3","60106"
"Sep 14, 2026 @ 09:28:25.946","Cyber-DC","Windows User Logoff","3","60137"
"Sep 14, 2026 @ 09:28:25.945","Cyber-DC","Windows Logon Success","3","60106"
"Sep 14, 2026 @ 09:28:17.396","Cyber-DC","Windows User Logoff","3","60137"
"Sep 14, 2026 @ 09:28:17.394","Cyber-DC","Windows Logon Success","3","60106"
"Sep 14, 2026 @ 09:27:16.492","Cyber-DC","Windows User Logoff","3","60137"
"Sep 14, 2026 @ 09:27:16.490","Cyber-DC","Windows Logon Success","3","60106"
"Sep 14, 2026 @ 09:27:16.484","Cyber-DC","Windows User Logoff","3","60137"
"Sep 14, 2026 @ 09:27:02.819","Cyber-DC","Windows User Logoff","3","60137"
"Sep 14, 2026 @ 09:26:46.654","Cyber-Window-cilent","Registry Value Entry Added to the System","5","752"
"Sep 14, 2026 @ 09:26:46.642","Cyber-Window-cilent","Registry Value Entry Added to the System","5","752"
"Sep 14, 2026 @ 09:26:46.640","Cyber-Window-cilent","Registry Value Entry Added to the System","5","752"
"Sep 14, 2026 @ 09:26:46.604","Cyber-Window-cilent","Registry Key Integrity Checksum Changed","5","594"
"Sep 14, 2026 @ 09:26:46.560","Cyber-Window-cilent","Registry Value Entry Added to the System","5","752"
"Sep 14, 2026 @ 09:26:46.512","Cyber-Window-cilent","Registry Key Integrity Checksum Changed","5","594"
"Sep 14, 2026 @ 09:26:39.212","Cyber-Window-cilent","Registry Value Integrity Checksum Changed","5","750"
"Sep 14, 2026 @ 09:26:39.212","Cyber-Window-cilent","Registry Value Integrity Checksum Changed","5","750"
"Sep 14, 2026 @ 09:26:39.212","Cyber-Window-cilent","Registry Value Integrity Checksum Changed","5","750"
"Sep 14, 2026 @ 09:26:39.192","Cyber-Window-cilent","Registry Key Integrity Checksum Changed","5","594"
"Sep 14, 2026 @ 09:26:17.602","Cyber-DC","Windows User Logoff","3","60137"
"Sep 14, 2026 @ 09:26:17.601","Cyber-DC","Windows Logon Success","3","60106"
"Sep 14, 2026 @ 09:26:16.736","Cyber-Svr","SCA summary: CIS Ubuntu Linux 22.04 LTS Benchmark v1.0.0.: Score less than 50% (41)","7","19004"
"Sep 14, 2026 @ 09:26:08.591","Cyber-DC","Windows User Logoff","3","60137"
"Sep 14, 2026 @ 09:26:05.610","Cyber-Svr","SCA summary: CIS Ubuntu Linux 22.04 LTS Benchmark v1.0.0.: Score less than 50% (41)","7","19004"
"Sep 14, 2026 @ 09:26:02.512","Cyber-Svr","PAM: Login session closed.","3","5502"
"Sep 14, 2026 @ 09:26:02.511","Cyber-Svr","PAM: Login session opened.","3","5501"
"Sep 14, 2026 @ 09:26:02.510","Cyber-Svr","Successful sudo to ROOT executed.","3","5402"
"Sep 14, 2026 @ 09:26:00.545","Cyber-Svr","PAM: Login session closed.","3","5502"
"Sep 14, 2026 @ 09:26:00.518","Cyber-Svr","PAM: Login session opened.","3","5501"
"Sep 14, 2026 @ 09:26:00.517","Cyber-Svr","Successful sudo to ROOT executed.","3","5402"
"Sep 14, 2026 @ 09:25:58.578","Cyber-Svr","CIS Ubuntu Linux 22.04 LTS Benchmark v1.0.0.: Ensure root is the only UID 0 account.","3","19008"
"Sep 14, 2026 @ 09:25:58.576","Cyber-Svr","CIS Ubuntu Linux 22.04 LTS Benchmark v1.0.0.: Ensure all groups in /etc/passwd exist in /etc/group.","3","19008"
"Sep 14, 2026 @ 09:25:58.576","Cyber-Svr","CIS Ubuntu Linux 22.04 LTS Benchmark v1.0.0.: Ensure /etc/shadow password fields are not empty.","3","19008"
"Sep 14, 2026 @ 09:25:58.544","Cyber-Svr","CIS Ubuntu Linux 22.04 LTS Benchmark v1.0.0.: Ensure accounts in /etc/passwd use shadowed passwords.","3","19008"
"Sep 14, 2026 @ 09:25:58.543","Cyber-Svr","CIS Ubuntu Linux 22.04 LTS Benchmark v1.0.0.: Ensure permissions on /etc/gshadow- are configured.","3","19008"
"Sep 14, 2026 @ 09:25:58.531","Cyber-Svr","CIS Ubuntu Linux 22.04 LTS Benchmark v1.0.0.: Ensure permissions on /etc/shadow- are configured.","3","19008"
"Sep 14, 2026 @ 09:25:58.531","Cyber-Svr","CIS Ubuntu Linux 22.04 LTS Benchmark v1.0.0.: Ensure permissions on /etc/gshadow are configured.","3","19008"
"Sep 14, 2026 @ 09:25:58.531","Cyber-Svr","PAM: Login session closed.","3","5502"
"Sep 14, 2026 @ 09:25:58.522","Cyber-Svr","PAM: Login session opened.","3","5501"
"Sep 14, 2026 @ 09:25:58.522","Cyber-Svr","Successful sudo to ROOT executed.","3","5402"
"Sep 14, 2026 @ 09:25:58.522","Cyber-Svr","PAM: Login session opened.","3","5501"
"Sep 14, 2026 @ 09:25:58.522","Cyber-Svr","Successful sudo to ROOT executed.","3","5402"
"Sep 14, 2026 @ 09:25:58.522","Cyber-Svr","PAM: Login session closed.","3","5502"
"Sep 14, 2026 @ 09:25:58.500","Cyber-Svr","CIS Ubuntu Linux 22.04 LTS Benchmark v1.0.0.: Ensure permissions on /etc/shadow are configured.","3","19008"
"Sep 14, 2026 @ 09:25:58.499","Cyber-Svr","CIS Ubuntu Linux 22.04 LTS Benchmark v1.0.0.: Ensure permissions on /etc/group- are configured.","3","19008"
"Sep 14, 2026 @ 09:25:58.477","Cyber-Svr","CIS Ubuntu Linux 22.04 LTS Benchmark v1.0.0.: Ensure permissions on /etc/passwd- are configured.","3","19008"
"Sep 14, 2026 @ 09:25:58.477","Cyber-Svr","CIS Ubuntu Linux 22.04 LTS Benchmark v1.0.0.: Ensure permissions on /etc/group are configured.","3","19008"
"Sep 14, 2026 @ 09:25:58.456","Cyber-Svr","CIS Ubuntu Linux 22.04 LTS Benchmark v1.0.0.: Ensure permissions on /etc/passwd are configured.","3","19008"
"Sep 14, 2026 @ 09:25:58.455","Cyber-Svr","CIS Ubuntu Linux 22.04 LTS Benchmark v1.0.0.: Ensure default group for the root account is GID 0.","3","19008"
"Sep 14, 2026 @ 09:25:58.434","Cyber-Svr","CIS Ubuntu Linux 22.04 LTS Benchmark v1.0.0.: Ensure inactive password lock is 30 days or less.","7","19007"
"Sep 14, 2026 @ 09:25:58.434","Cyber-Svr","CIS Ubuntu Linux 22.04 LTS Benchmark v1.0.0.: Ensure password expiration warning days is 7 or more.","3","19008"
"Sep 14, 2026 @ 09:25:58.414","Cyber-Svr","CIS Ubuntu Linux 22.04 LTS Benchmark v1.0.0.: Ensure password expiration is 365 days or less.","7","19007"
"Sep 14, 2026 @ 09:25:58.413","Cyber-Svr","CIS Ubuntu Linux 22.04 LTS Benchmark v1.0.0.: Ensure minimum days between password changes is configured.","7","19007"
"Sep 14, 2026 @ 09:25:58.395","Cyber-Svr","CIS Ubuntu Linux 22.04 LTS Benchmark v1.0.0.: Ensure password reuse is limited.","7","19007"
"Sep 14, 2026 @ 09:25:58.395","Cyber-Svr","CIS Ubuntu Linux 22.04 LTS Benchmark v1.0.0.: Ensure password hashing algorithm is up to date with the latest standards.","7","19007"
"Sep 14, 2026 @ 09:25:58.372","Cyber-Svr","CIS Ubuntu Linux 22.04 LTS Benchmark v1.0.0.: Ensure lockout for failed password attempts is configured.","7","19007"
"Sep 14, 2026 @ 09:25:58.357","Cyber-Svr","CIS Ubuntu Linux 22.04 LTS Benchmark v1.0.0.: Ensure password creation requirements are configured.","7","19007"
"Sep 14, 2026 @ 09:25:58.357","Cyber-Svr","CIS Ubuntu Linux 22.04 LTS Benchmark v1.0.0.: Ensure access to the su command is restricted.","7","19007"
"Sep 14, 2026 @ 09:25:58.338","Cyber-Svr","CIS Ubuntu Linux 22.04 LTS Benchmark v1.0.0.: Ensure sudo authentication timeout is configured correctly.","3","19008"
"Sep 14, 2026 @ 09:25:58.337","Cyber-Svr","CIS Ubuntu Linux 22.04 LTS Benchmark v1.0.0.: Ensure re-authentication for privilege escalation is not disabled globally.","3","19008"
"Sep 14, 2026 @ 09:25:58.316","Cyber-Svr","CIS Ubuntu Linux 22.04 LTS Benchmark v1.0.0.: Ensure users must provide password for privilege escalation.","3","19008"
"Sep 14, 2026 @ 09:25:58.316","Cyber-Svr","CIS Ubuntu Linux 22.04 LTS Benchmark v1.0.0.: Ensure sudo log file exists.","7","19007"
"Sep 14, 2026 @ 09:25:58.294","Cyber-Svr","CIS Ubuntu Linux 22.04 LTS Benchmark v1.0.0.: Ensure sudo commands use pty.","3","19008"
"Sep 14, 2026 @ 09:25:58.294","Cyber-Svr","CIS Ubuntu Linux 22.04 LTS Benchmark v1.0.0.: Ensure sudo is installed.","3","19008"
"Sep 14, 2026 @ 09:25:58.274","Cyber-Svr","CIS Ubuntu Linux 22.04 LTS Benchmark v1.0.0.: Ensure SSH Idle Timeout Interval is configured.","7","19007"
"Sep 14, 2026 @ 09:25:58.264","Cyber-Svr","CIS Ubuntu Linux 22.04 LTS Benchmark v1.0.0.: Ensure SSH LoginGraceTime is set to one minute or less.","7","19007"
"Sep 14, 2026 @ 09:25:58.262","Cyber-Svr","CIS Ubuntu Linux 22.04 LTS Benchmark v1.0.0.: Ensure SSH MaxSessions is set to 10 or less.","3","19008"
"Sep 14, 2026 @ 09:25:58.242","Cyber-Svr","CIS Ubuntu Linux 22.04 LTS Benchmark v1.0.0.: Ensure SSH MaxStartups is configured.","7","19007"
"Sep 14, 2026 @ 09:25:58.242","Cyber-Svr","CIS Ubuntu Linux 22.04 LTS Benchmark v1.0.0.: Ensure SSH MaxAuthTries is set to 4 or less.","7","19007"
"Sep 14, 2026 @ 09:25:58.221","Cyber-Svr","CIS Ubuntu Linux 22.04 LTS Benchmark v1.0.0.: Ensure SSH warning banner is configured.","7","19007"
"Sep 14, 2026 @ 09:25:58.221","Cyber-Svr","CIS Ubuntu Linux 22.04 LTS Benchmark v1.0.0.: Ensure SSH AllowTcpForwarding is disabled.","7","19007"
"Sep 14, 2026 @ 09:25:58.200","Cyber-Svr","CIS Ubuntu Linux 22.04 LTS Benchmark v1.0.0.: Ensure only strong Key Exchange algorithms are used.","3","19008"
"Sep 14, 2026 @ 09:25:58.191","Cyber-Svr","CIS Ubuntu Linux 22.04 LTS Benchmark v1.0.0.: Ensure only strong MAC algorithms are used.","7","19007"
"Sep 14, 2026 @ 09:25:58.190","Cyber-Svr","CIS Ubuntu Linux 22.04 LTS Benchmark v1.0.0.: Ensure only strong Ciphers are used.","3","19008"
"Sep 14, 2026 @ 09:25:58.170","Cyber-Svr","CIS Ubuntu Linux 22.04 LTS Benchmark v1.0.0.: Ensure SSH X11 forwarding is disabled.","7","19007"
"Sep 14, 2026 @ 09:25:58.170","Cyber-Svr","CIS Ubuntu Linux 22.04 LTS Benchmark v1.0.0.: Ensure SSH IgnoreRhosts is enabled.","3","19008"
"Sep 14, 2026 @ 09:25:58.149","Cyber-Svr","CIS Ubuntu Linux 22.04 LTS Benchmark v1.0.0.: Ensure SSH PermitUserEnvironment is disabled.","3","19008"
"Sep 14, 2026 @ 09:25:58.148","Cyber-Svr","CIS Ubuntu Linux 22.04 LTS Benchmark v1.0.0.: Ensure SSH PermitEmptyPasswords is disabled.","3","19008"
"Sep 14, 2026 @ 09:25:58.128","Cyber-Svr","CIS Ubuntu Linux 22.04 LTS Benchmark v1.0.0.: Ensure SSH HostbasedAuthentication is disabled.","3","19008"
"Sep 14, 2026 @ 09:25:58.127","Cyber-Svr","CIS Ubuntu Linux 22.04 LTS Benchmark v1.0.0.: Ensure SSH root login is disabled.","7","19007"
"Sep 14, 2026 @ 09:25:58.107","Cyber-Svr","CIS Ubuntu Linux 22.04 LTS Benchmark v1.0.0.: Ensure SSH PAM is enabled.","3","19008"
"Sep 14, 2026 @ 09:25:58.107","Cyber-Svr","CIS Ubuntu Linux 22.04 LTS Benchmark v1.0.0.: Ensure SSH LogLevel is appropriate.","3","19008"
"Sep 14, 2026 @ 09:25:58.092","Cyber-Svr","CIS Ubuntu Linux 22.04 LTS Benchmark v1.0.0.: Ensure SSH access is limited.","7","19007"
"Sep 14, 2026 @ 09:25:58.076","Cyber-Svr","CIS Ubuntu Linux 22.04 LTS Benchmark v1.0.0.: Ensure at is restricted to authorized users.","7","19007"
"Sep 14, 2026 @ 09:25:58.076","Cyber-Svr","CIS Ubuntu Linux 22.04 LTS Benchmark v1.0.0.: Ensure permissions on /etc/ssh/sshd_config are configured.","7","19007"
"Sep 14, 2026 @ 09:25:58.053","Cyber-Svr","CIS Ubuntu Linux 22.04 LTS Benchmark v1.0.0.: Ensure cron is restricted to authorized users.","7","19007"
"Sep 14, 2026 @ 09:25:58.052","Cyber-Svr","CIS Ubuntu Linux 22.04 LTS Benchmark v1.0.0.: Ensure permissions on /etc/cron.d are configured.","7","19007"
"Sep 14, 2026 @ 09:25:58.033","Cyber-Svr","CIS Ubuntu Linux 22.04 LTS Benchmark v1.0.0.: Ensure permissions on /etc/cron.monthly are configured.","7","19007"
"Sep 14, 2026 @ 09:25:58.020","Cyber-Svr","CIS Ubuntu Linux 22.04 LTS Benchmark v1.0.0.: Ensure permissions on /etc/cron.weekly are configured.","7","19007"
"Sep 14, 2026 @ 09:25:58.019","Cyber-Svr","CIS Ubuntu Linux 22.04 LTS Benchmark v1.0.0.: Ensure permissions on /etc/cron.daily are configured.","7","19007"
"Sep 14, 2026 @ 09:25:57.996","Cyber-Svr","CIS Ubuntu Linux 22.04 LTS Benchmark v1.0.0.: Ensure permissions on /etc/cron.hourly are configured.","7","19007"
"Sep 14, 2026 @ 09:25:57.985","Cyber-Svr","CIS Ubuntu Linux 22.04 LTS Benchmark v1.0.0.: Ensure permissions on /etc/crontab are configured.","7","19007"
"Sep 14, 2026 @ 09:25:57.984","Cyber-Svr","CIS Ubuntu Linux 22.04 LTS Benchmark v1.0.0.: Ensure cron daemon is enabled and running.","3","19008"
"Sep 14, 2026 @ 09:25:57.959","Cyber-Svr","CIS Ubuntu Linux 22.04 LTS Benchmark v1.0.0.: Ensure rsyslog default file permissions are configured.","7","19007"
"Sep 14, 2026 @ 09:25:57.959","Cyber-Svr","CIS Ubuntu Linux 22.04 LTS Benchmark v1.0.0.: Ensure rsyslog is not configured to receive logs from a remote client.","3","19008"
"Sep 14, 2026 @ 09:25:57.934","Cyber-Svr","CIS Ubuntu Linux 22.04 LTS Benchmark v1.0.0.: Ensure journald is configured to send logs to rsyslog.","7","19007"
"Sep 14, 2026 @ 09:25:57.934","Cyber-Svr","CIS Ubuntu Linux 22.04 LTS Benchmark v1.0.0.: Ensure rsyslog service is enabled.","3","19008"
"Sep 14, 2026 @ 09:25:57.926","Cyber-Svr","CIS Ubuntu Linux 22.04 LTS Benchmark v1.0.0.: Ensure rsyslog is installed.","3","19008"
"Sep 14, 2026 @ 09:25:57.905","Cyber-Svr","CIS Ubuntu Linux 22.04 LTS Benchmark v1.0.0.: Ensure journald is not configured to send logs to rsyslog.","3","19008"
"Sep 14, 2026 @ 09:25:57.904","Cyber-Svr","CIS Ubuntu Linux 22.04 LTS Benchmark v1.0.0.: Ensure journald is configured to write logfiles to persistent disk.","7","19007"
"Sep 14, 2026 @ 09:25:57.881","Cyber-Svr","CIS Ubuntu Linux 22.04 LTS Benchmark v1.0.0.: Ensure journald is configured to compress large log files.","7","19007"
"Sep 14, 2026 @ 09:25:57.880","Cyber-Svr","CIS Ubuntu Linux 22.04 LTS Benchmark v1.0.0.: Ensure journald service is enabled.","3","19008"
"Sep 14, 2026 @ 09:25:57.861","Cyber-Svr","CIS Ubuntu Linux 22.04 LTS Benchmark v1.0.0.: Ensure journald is not configured to recieve logs from a remote client.","3","19008"
"Sep 14, 2026 @ 09:25:57.860","Cyber-Svr","CIS Ubuntu Linux 22.04 LTS Benchmark v1.0.0.: Ensure systemd-journal-remote is installed.","7","19007"
"Sep 14, 2026 @ 09:25:57.832","Cyber-Svr","CIS Ubuntu Linux 22.04 LTS Benchmark v1.0.0.: Ensure cryptographic mechanisms are used to protect the integrity of audit tools.","7","19007"
"Sep 14, 2026 @ 09:25:57.821","Cyber-Svr","CIS Ubuntu Linux 22.04 LTS Benchmark v1.0.0.: Ensure audit tools belong to group root.","3","19008"
"Sep 14, 2026 @ 09:25:57.819","Cyber-Svr","CIS Ubuntu Linux 22.04 LTS Benchmark v1.0.0.: Ensure audit tools are owned by root.","7","19007"
"Sep 14, 2026 @ 09:25:57.799","Cyber-Svr","CIS Ubuntu Linux 22.04 LTS Benchmark v1.0.0.: Ensure audit tools are 755 or more restrictive.","7","19007"
"Sep 14, 2026 @ 09:25:57.798","Cyber-Svr","CIS Ubuntu Linux 22.04 LTS Benchmark v1.0.0.: Ensure audit configuration files belong to group root.","3","19008"
"Sep 14, 2026 @ 09:25:57.776","Cyber-Svr","CIS Ubuntu Linux 22.04 LTS Benchmark v1.0.0.: Ensure audit configuration files are owned by root.","3","19008"
"Sep 14, 2026 @ 09:25:57.774","Cyber-Svr","CIS Ubuntu Linux 22.04 LTS Benchmark v1.0.0.: Ensure audit configuration files are 640 or more restrictive.","3","19008"
"Sep 14, 2026 @ 09:25:57.751","Cyber-Svr","CIS Ubuntu Linux 22.04 LTS Benchmark v1.0.0.: Ensure only authorized groups are assigned ownership of audit log files.","3","19009"
"Sep 14, 2026 @ 09:25:57.751","Cyber-Svr","CIS Ubuntu Linux 22.04 LTS Benchmark v1.0.0.: Ensure the audit configuration is immutable.","7","19007"
"Sep 14, 2026 @ 09:25:57.730","Cyber-Svr","CIS Ubuntu Linux 22.04 LTS Benchmark v1.0.0.: Ensure events that modify the system's Mandatory Access Controls are collected.","7","19007"
"Sep 14, 2026 @ 09:25:57.721","Cyber-Svr","CIS Ubuntu Linux 22.04 LTS Benchmark v1.0.0.: Ensure login and logout events are collected.","7","19007"
"Sep 14, 2026 @ 09:25:57.720","Cyber-Svr","CIS Ubuntu Linux 22.04 LTS Benchmark v1.0.0.: Ensure session initiation information is collected.","7","19007"
"Sep 14, 2026 @ 09:25:57.692","Cyber-Svr","CIS Ubuntu Linux 22.04 LTS Benchmark v1.0.0.: Ensure events that modify user/group information are collected.","7","19007"
"Sep 14, 2026 @ 09:25:57.682","Cyber-Svr","CIS Ubuntu Linux 22.04 LTS Benchmark v1.0.0.: Ensure events that modify date and time information are collected.","7","19007"
"Sep 14, 2026 @ 09:25:57.682","Cyber-Svr","CIS Ubuntu Linux 22.04 LTS Benchmark v1.0.0.: Ensure events that modify the system's network environment are collected.","7","19007"
"Sep 14, 2026 @ 09:25:57.661","Cyber-Svr","CIS Ubuntu Linux 22.04 LTS Benchmark v1.0.0.: Ensure actions as another user are always logged.","7","19007"
"Sep 14, 2026 @ 09:25:57.661","Cyber-Svr","CIS Ubuntu Linux 22.04 LTS Benchmark v1.0.0.: Ensure changes to system administration scope (sudoers) is collected.","7","19007"
"Sep 14, 2026 @ 09:25:57.639","Cyber-Svr","CIS Ubuntu Linux 22.04 LTS Benchmark v1.0.0.: Ensure system is disabled when audit logs are full.","7","19007"
"Sep 14, 2026 @ 09:25:57.638","Cyber-Svr","CIS Ubuntu Linux 22.04 LTS Benchmark v1.0.0.: Ensure audit logs are not automatically deleted.","7","19007"
"Sep 14, 2026 @ 09:25:57.616","Cyber-Svr","CIS Ubuntu Linux 22.04 LTS Benchmark v1.0.0.: Ensure audit log storage size is configured.","7","19007"
"Sep 14, 2026 @ 09:25:57.615","Cyber-Svr","CIS Ubuntu Linux 22.04 LTS Benchmark v1.0.0.: Ensure audit_backlog_limit is sufficient.","7","19007"
"Sep 14, 2026 @ 09:25:57.593","Cyber-Svr","CIS Ubuntu Linux 22.04 LTS Benchmark v1.0.0.: Ensure auditd service is enabled and active.","7","19007"
"Sep 14, 2026 @ 09:25:57.593","Cyber-Svr","CIS Ubuntu Linux 22.04 LTS Benchmark v1.0.0.: Ensure auditing for processes that start prior to auditd is enabled.","7","19007"
"Sep 14, 2026 @ 09:25:57.572","Cyber-Svr","CIS Ubuntu Linux 22.04 LTS Benchmark v1.0.0.: Ensure auditd is installed.","7","19007"
"Sep 14, 2026 @ 09:25:57.570","Cyber-Svr","CIS Ubuntu Linux 22.04 LTS Benchmark v1.0.0.: Ensure ip6tables loopback traffic is configured.","7","19007"
"Sep 14, 2026 @ 09:25:57.549","Cyber-Svr","CIS Ubuntu Linux 22.04 LTS Benchmark v1.0.0.: Ensure ip6tables default deny firewall policy.","7","19007"
"Sep 14, 2026 @ 09:25:57.549","Cyber-Svr","CIS Ubuntu Linux 22.04 LTS Benchmark v1.0.0.: Ensure iptables loopback traffic is configured.","7","19007"
"Sep 14, 2026 @ 09:25:57.530","Cyber-Svr","CIS Ubuntu Linux 22.04 LTS Benchmark v1.0.0.: Ensure iptables default deny firewall policy.","7","19007"
"Sep 14, 2026 @ 09:25:57.527","Cyber-Svr","CIS Ubuntu Linux 22.04 LTS Benchmark v1.0.0.: Ensure nftables is not installed with iptables.","7","19007"
"Sep 14, 2026 @ 09:25:57.527","Cyber-Svr","CIS Ubuntu Linux 22.04 LTS Benchmark v1.0.0.: Ensure ufw is uninstalled or disabled with iptables.","7","19007"
"Sep 14, 2026 @ 09:25:57.491","Cyber-Svr","CIS Ubuntu Linux 22.04 LTS Benchmark v1.0.0.: Ensure nftables service is enabled.","7","19007"
"Sep 14, 2026 @ 09:25:57.491","Cyber-Svr","CIS Ubuntu Linux 22.04 LTS Benchmark v1.0.0.: Ensure iptables packages are installed.","7","19007"
"Sep 14, 2026 @ 09:25:57.471","Cyber-Svr","CIS Ubuntu Linux 22.04 LTS Benchmark v1.0.0.: Ensure nftables default deny firewall policy.","3","19008"
"Sep 14, 2026 @ 09:25:57.469","Cyber-Svr","CIS Ubuntu Linux 22.04 LTS Benchmark v1.0.0.: Ensure nftables base chains exist.","7","19007"
"Sep 14, 2026 @ 09:25:57.447","Cyber-Svr","CIS Ubuntu Linux 22.04 LTS Benchmark v1.0.0.: Ensure a nftables table exists.","3","19008"
"Sep 14, 2026 @ 09:25:57.447","Cyber-Svr","CIS Ubuntu Linux 22.04 LTS Benchmark v1.0.0.: Ensure nftables is installed.","7","19007"
"Sep 14, 2026 @ 09:25:57.426","Cyber-Svr","CIS Ubuntu Linux 22.04 LTS Benchmark v1.0.0.: Ensure ufw default deny firewall policy.","7","19007"
"Sep 14, 2026 @ 09:25:57.426","Cyber-Svr","CIS Ubuntu Linux 22.04 LTS Benchmark v1.0.0.: Ensure ufw loopback traffic is configured.","7","19007"
"Sep 14, 2026 @ 09:25:57.404","Cyber-Svr","CIS Ubuntu Linux 22.04 LTS Benchmark v1.0.0.: Ensure ufw service is enabled.","3","19008"
"Sep 14, 2026 @ 09:25:57.403","Cyber-Svr","CIS Ubuntu Linux 22.04 LTS Benchmark v1.0.0.: Ensure iptables-persistent is not installed with ufw.","3","19008"
"Sep 14, 2026 @ 09:25:57.377","Cyber-Svr","CIS Ubuntu Linux 22.04 LTS Benchmark v1.0.0.: Ensure ufw is installed.","3","19008"
"Sep 14, 2026 @ 09:25:57.377","Cyber-Svr","CIS Ubuntu Linux 22.04 LTS Benchmark v1.0.0.: Ensure RPC is not installed.","3","19008"
"Sep 14, 2026 @ 09:25:57.353","Cyber-Svr","CIS Ubuntu Linux 22.04 LTS Benchmark v1.0.0.: Ensure LDAP client is not installed.","3","19008"
"Sep 14, 2026 @ 09:25:57.352","Cyber-Svr","CIS Ubuntu Linux 22.04 LTS Benchmark v1.0.0.: Ensure telnet client is not installed.","7","19007"
"Sep 14, 2026 @ 09:25:57.330","Cyber-Svr","CIS Ubuntu Linux 22.04 LTS Benchmark v1.0.0.: Ensure talk client is not installed.","3","19008"
"Sep 14, 2026 @ 09:25:57.329","Cyber-Svr","CIS Ubuntu Linux 22.04 LTS Benchmark v1.0.0.: Ensure rsh client is not installed.","3","19008"
"Sep 14, 2026 @ 09:25:57.309","Cyber-Svr","CIS Ubuntu Linux 22.04 LTS Benchmark v1.0.0.: Ensure NIS Client is not installed.","3","19008"
"Sep 14, 2026 @ 09:25:57.308","Cyber-Svr","CIS Ubuntu Linux 22.04 LTS Benchmark v1.0.0.: Ensure rsync service is either not installed or masked.","7","19007"
"Sep 14, 2026 @ 09:25:57.287","Cyber-Svr","CIS Ubuntu Linux 22.04 LTS Benchmark v1.0.0.: Ensure NIS Server is not installed.","3","19008"
"Sep 14, 2026 @ 09:25:57.287","Cyber-Svr","CIS Ubuntu Linux 22.04 LTS Benchmark v1.0.0.: Ensure mail transfer agent is configured for local-only mode.","3","19008"
"Sep 14, 2026 @ 09:25:57.273","Cyber-Svr","CIS Ubuntu Linux 22.04 LTS Benchmark v1.0.0.: Ensure SNMP Server is not installed.","3","19008"
"Sep 14, 2026 @ 09:25:57.257","Cyber-Svr","CIS Ubuntu Linux 22.04 LTS Benchmark v1.0.0.: Ensure Samba is not installed.","3","19008"
"Sep 14, 2026 @ 09:25:57.257","Cyber-Svr","CIS Ubuntu Linux 22.04 LTS Benchmark v1.0.0.: Ensure HTTP Proxy Server is not installed.","3","19008"
"Sep 14, 2026 @ 09:25:57.236","Cyber-Svr","CIS Ubuntu Linux 22.04 LTS Benchmark v1.0.0.: Ensure IMAP and POP3 server are not installed.","3","19008"
"Sep 14, 2026 @ 09:25:57.235","Cyber-Svr","CIS Ubuntu Linux 22.04 LTS Benchmark v1.0.0.: Ensure HTTP server is not installed.","3","19008"
"Sep 14, 2026 @ 09:25:57.215","Cyber-Svr","CIS Ubuntu Linux 22.04 LTS Benchmark v1.0.0.: Ensure DNS Server is not installed.","3","19008"
"Sep 14, 2026 @ 09:25:57.215","Cyber-Svr","CIS Ubuntu Linux 22.04 LTS Benchmark v1.0.0.: Ensure FTP Server is not installed.","3","19008"
"Sep 14, 2026 @ 09:25:57.192","Cyber-Svr","CIS Ubuntu Linux 22.04 LTS Benchmark v1.0.0.: Ensure NFS is not installed.","3","19008"
"Sep 14, 2026 @ 09:25:57.191","Cyber-Svr","CIS Ubuntu Linux 22.04 LTS Benchmark v1.0.0.: Ensure LDAP server is not installed.","3","19008"
"Sep 14, 2026 @ 09:25:57.166","Cyber-Svr","CIS Ubuntu Linux 22.04 LTS Benchmark v1.0.0.: Ensure DHCP Server is not installed.","3","19008"
"Sep 14, 2026 @ 09:25:57.166","Cyber-Svr","CIS Ubuntu Linux 22.04 LTS Benchmark v1.0.0.: Ensure CUPS is not installed.","7","19007"
"Sep 14, 2026 @ 09:25:57.146","Cyber-Svr","CIS Ubuntu Linux 22.04 LTS Benchmark v1.0.0.: Ensure Avahi Server is not installed.","7","19007"
"Sep 14, 2026 @ 09:25:57.145","Cyber-Svr","CIS Ubuntu Linux 22.04 LTS Benchmark v1.0.0.: Ensure X Window System is not installed.","7","19007"
"Sep 14, 2026 @ 09:25:57.121","Cyber-Svr","CIS Ubuntu Linux 22.04 LTS Benchmark v1.0.0.: Ensure ntp is enabled and running.","7","19007"
"Sep 14, 2026 @ 09:25:57.121","Cyber-Svr","CIS Ubuntu Linux 22.04 LTS Benchmark v1.0.0.: Ensure ntp is running as user ntp.","7","19007"
"Sep 14, 2026 @ 09:25:57.101","Cyber-Svr","CIS Ubuntu Linux 22.04 LTS Benchmark v1.0.0.: Ensure ntp access control is configured.","3","19009"
"Sep 14, 2026 @ 09:25:57.100","Cyber-Svr","CIS Ubuntu Linux 22.04 LTS Benchmark v1.0.0.: Ensure systemd-timesyncd is enabled and running.","3","19008"
"Sep 14, 2026 @ 09:25:57.079","Cyber-Svr","CIS Ubuntu Linux 22.04 LTS Benchmark v1.0.0.: Ensure chrony is enabled and running.","7","19007"
"Sep 14, 2026 @ 09:25:57.079","Cyber-Svr","CIS Ubuntu Linux 22.04 LTS Benchmark v1.0.0.: Ensure chrony is running as user _chrony.","3","19008"
"Sep 14, 2026 @ 09:25:57.055","Cyber-Svr","CIS Ubuntu Linux 22.04 LTS Benchmark v1.0.0.: Ensure XDCMP is not enabled.","3","19008"
"Sep 14, 2026 @ 09:25:57.055","Cyber-Svr","CIS Ubuntu Linux 22.04 LTS Benchmark v1.0.0.: Ensure GNOME Display Manager is removed.","7","19007"
"Sep 14, 2026 @ 09:25:57.033","Cyber-Svr","CIS Ubuntu Linux 22.04 LTS Benchmark v1.0.0.: Ensure permissions on /etc/issue.net are configured.","3","19008"
"Sep 14, 2026 @ 09:25:57.032","Cyber-Svr","CIS Ubuntu Linux 22.04 LTS Benchmark v1.0.0.: Ensure permissions on /etc/issue are configured.","3","19008"
"Sep 14, 2026 @ 09:25:57.012","Cyber-Svr","CIS Ubuntu Linux 22.04 LTS Benchmark v1.0.0.: Ensure permissions on /etc/motd are configured.","3","19008"
"Sep 14, 2026 @ 09:25:57.012","Cyber-Svr","CIS Ubuntu Linux 22.04 LTS Benchmark v1.0.0.: Ensure remote login warning banner is configured properly.","7","19007"
"Sep 14, 2026 @ 09:25:56.991","Cyber-Svr","CIS Ubuntu Linux 22.04 LTS Benchmark v1.0.0.: Ensure local login warning banner is configured properly.","7","19007"
"Sep 14, 2026 @ 09:25:56.990","Cyber-Svr","CIS Ubuntu Linux 22.04 LTS Benchmark v1.0.0.: Ensure message of the day is configured properly.","3","19008"
"Sep 14, 2026 @ 09:25:56.968","Cyber-Svr","CIS Ubuntu Linux 22.04 LTS Benchmark v1.0.0.: Ensure all AppArmor Profiles are in enforce or complain mode.","3","19008"
"Sep 14, 2026 @ 09:25:56.968","Cyber-Svr","CIS Ubuntu Linux 22.04 LTS Benchmark v1.0.0.: Ensure all AppArmor Profiles are enforcing.","7","19007"
"Sep 14, 2026 @ 09:25:56.945","Cyber-Svr","CIS Ubuntu Linux 22.04 LTS Benchmark v1.0.0.: Ensure AppArmor is installed.","3","19008"
"Sep 14, 2026 @ 09:25:56.945","Cyber-Svr","CIS Ubuntu Linux 22.04 LTS Benchmark v1.0.0.: Ensure AppArmor is enabled in the bootloader configuration.","7","19007"
"Sep 14, 2026 @ 09:25:56.932","Cyber-Svr","CIS Ubuntu Linux 22.04 LTS Benchmark v1.0.0.: Ensure core dumps are restricted.","7","19007"
"Sep 14, 2026 @ 09:25:56.931","Cyber-Svr","CIS Ubuntu Linux 22.04 LTS Benchmark v1.0.0.: Ensure Automatic Error Reporting is not enabled.","7","19007"
"Sep 14, 2026 @ 09:25:56.907","Cyber-Svr","CIS Ubuntu Linux 22.04 LTS Benchmark v1.0.0.: Ensure prelink is not installed.","3","19008"
"Sep 14, 2026 @ 09:25:56.895","Cyber-Svr","CIS Ubuntu Linux 22.04 LTS Benchmark v1.0.0.: Ensure authentication required for single user mode.","7","19007"
"Sep 14, 2026 @ 09:25:56.894","Cyber-Svr","CIS Ubuntu Linux 22.04 LTS Benchmark v1.0.0.: Ensure permissions on bootloader config are configured.","7","19007"
"Sep 14, 2026 @ 09:25:56.873","Cyber-Svr","CIS Ubuntu Linux 22.04 LTS Benchmark v1.0.0.: Ensure bootloader password is set.","7","19007"
"Sep 14, 2026 @ 09:25:56.873","Cyber-Svr","CIS Ubuntu Linux 22.04 LTS Benchmark v1.0.0.: Ensure AIDE is installed.","7","19007"
"Sep 14, 2026 @ 09:25:56.852","Cyber-Svr","CIS Ubuntu Linux 22.04 LTS Benchmark v1.0.0.: Disable Automounting.","3","19008"
"Sep 14, 2026 @ 09:25:56.852","Cyber-Svr","CIS Ubuntu Linux 22.04 LTS Benchmark v1.0.0.: Ensure nosuid option set on /dev/shm partition.","3","19008"
"Sep 14, 2026 @ 09:25:56.830","Cyber-Svr","CIS Ubuntu Linux 22.04 LTS Benchmark v1.0.0.: Ensure noexec option set on /dev/shm partition.","7","19007"
"Sep 14, 2026 @ 09:25:56.830","Cyber-Svr","CIS Ubuntu Linux 22.04 LTS Benchmark v1.0.0.: Ensure nodev option set on /dev/shm partition.","3","19008"
"Sep 14, 2026 @ 09:25:56.808","Cyber-Svr","CIS Ubuntu Linux 22.04 LTS Benchmark v1.0.0.: Ensure nosuid option set on /home partition.","7","19007"
"Sep 14, 2026 @ 09:25:56.808","Cyber-Svr","CIS Ubuntu Linux 22.04 LTS Benchmark v1.0.0.: Ensure nodev option set on /home partition.","7","19007"
"Sep 14, 2026 @ 09:25:56.787","Cyber-Svr","CIS Ubuntu Linux 22.04 LTS Benchmark v1.0.0.: Ensure separate partition exists for /home.","7","19007"
"Sep 14, 2026 @ 09:25:56.787","Cyber-Svr","CIS Ubuntu Linux 22.04 LTS Benchmark v1.0.0.: Ensure nosuid option set on /var/log/audit partition.","7","19007"
"Sep 14, 2026 @ 09:25:56.766","Cyber-Svr","CIS Ubuntu Linux 22.04 LTS Benchmark v1.0.0.: Ensure nodev option set on /var/log/audit partition.","7","19007"
"Sep 14, 2026 @ 09:25:56.766","Cyber-Svr","CIS Ubuntu Linux 22.04 LTS Benchmark v1.0.0.: Ensure noexec option set on /var/log/audit partition.","7","19007"
"Sep 14, 2026 @ 09:25:56.746","Cyber-Svr","CIS Ubuntu Linux 22.04 LTS Benchmark v1.0.0.: Ensure separate partition exists for /var/log/audit.","7","19007"
"Sep 14, 2026 @ 09:25:56.735","Cyber-Svr","CIS Ubuntu Linux 22.04 LTS Benchmark v1.0.0.: Ensure nosuid option set on /var/log partition.","7","19007"
"Sep 14, 2026 @ 09:25:56.735","Cyber-Svr","CIS Ubuntu Linux 22.04 LTS Benchmark v1.0.0.: Ensure noexec option set on /var/log partition.","7","19007"
"Sep 14, 2026 @ 09:25:56.714","Cyber-Svr","CIS Ubuntu Linux 22.04 LTS Benchmark v1.0.0.: Ensure separate partition exists for /var/log.","7","19007"
"Sep 14, 2026 @ 09:25:56.714","Cyber-Svr","CIS Ubuntu Linux 22.04 LTS Benchmark v1.0.0.: Ensure nodev option set on /var/log partition.","7","19007"
"Sep 14, 2026 @ 09:25:56.693","Cyber-Svr","CIS Ubuntu Linux 22.04 LTS Benchmark v1.0.0.: Ensure nodev option set on /var/tmp partition.","7","19007"
"Sep 14, 2026 @ 09:25:56.693","Cyber-Svr","CIS Ubuntu Linux 22.04 LTS Benchmark v1.0.0.: Ensure nosuid option set on /var/tmp partition.","7","19007"
"Sep 14, 2026 @ 09:25:56.672","Cyber-Svr","CIS Ubuntu Linux 22.04 LTS Benchmark v1.0.0.: Ensure noexec option set on /var/tmp partition.","7","19007"
"Sep 14, 2026 @ 09:25:56.672","Cyber-Svr","CIS Ubuntu Linux 22.04 LTS Benchmark v1.0.0.: Ensure separate partition exists for /var/tmp.","7","19007"
"Sep 14, 2026 @ 09:25:56.652","Cyber-Svr","CIS Ubuntu Linux 22.04 LTS Benchmark v1.0.0.: Ensure nosuid option set on /var partition.","7","19007"
"Sep 14, 2026 @ 09:25:56.652","Cyber-Svr","CIS Ubuntu Linux 22.04 LTS Benchmark v1.0.0.: Ensure nodev option set on /var partition.","7","19007"
"Sep 14, 2026 @ 09:25:56.632","Cyber-Svr","CIS Ubuntu Linux 22.04 LTS Benchmark v1.0.0.: Ensure separate partition exists for /var.","7","19007"
"Sep 14, 2026 @ 09:25:56.631","Cyber-Svr","CIS Ubuntu Linux 22.04 LTS Benchmark v1.0.0.: Ensure nosuid option set on /tmp partition.","7","19007"
"Sep 14, 2026 @ 09:25:56.610","Cyber-Svr","CIS Ubuntu Linux 22.04 LTS Benchmark v1.0.0.: Ensure noexec option set on /tmp partition.","7","19007"
"Sep 14, 2026 @ 09:25:56.610","Cyber-Svr","CIS Ubuntu Linux 22.04 LTS Benchmark v1.0.0.: Ensure nodev option set on /tmp partition.","7","19007"
"Sep 14, 2026 @ 09:25:56.589","Cyber-Svr","CIS Ubuntu Linux 22.04 LTS Benchmark v1.0.0.: Ensure /tmp is a separate partition.","7","19007"
"Sep 14, 2026 @ 09:25:54.510","Cyber-Svr","PAM: Login session closed.","3","5502"
"Sep 14, 2026 @ 09:25:54.506","Cyber-Svr","PAM: Login session closed.","3","5502"
"Sep 14, 2026 @ 09:25:54.499","Cyber-Svr","First time user executed sudo.","4","5403"
"Sep 14, 2026 @ 09:25:54.499","Cyber-Svr","PAM: Login session opened.","3","5501"
"Sep 14, 2026 @ 09:25:52.537","Cyber-Svr","PAM: Login session opened.","3","5501"
"Sep 14, 2026 @ 09:25:52.531","Cyber-Svr","First time user executed sudo.","4","5403"
"Sep 14, 2026 @ 09:25:48.416","Cyber-DC","Windows User Logoff","3","60137"
"Sep 14, 2026 @ 09:25:48.410","Cyber-DC","Windows User Logoff","3","60137"
"Sep 14, 2026 @ 09:25:47.424","Cyber-Svr","Wazuh agent started.","3","503"
"Sep 14, 2026 @ 09:25:45.447","Cyber-DC","Windows User Logoff","3","60137"
"Sep 14, 2026 @ 09:25:45.447","Cyber-DC","Windows User Logoff","3","60137"
"Sep 14, 2026 @ 09:25:45.441","Cyber-DC","Windows User Logoff","3","60137"
"Sep 14, 2026 @ 09:25:45.144","Cyber-Svr","Wazuh agent stopped.","3","506"
"Sep 14, 2026 @ 09:25:42.143","Cyber-Svr","New wazuh agent connected.","3","501"
"Sep 14, 2026 @ 09:25:32.633","Cyber-DC","Windows Logon Success","3","60106"
"Sep 14, 2026 @ 09:25:24.205","Cyber-Window-cilent","Registry Key Integrity Checksum Changed","5","594"
"Sep 14, 2026 @ 09:25:24.187","Cyber-Window-cilent","Registry Key Integrity Checksum Changed","5","594"
"Sep 14, 2026 @ 09:25:24.174","Cyber-Window-cilent","Registry Key Integrity Checksum Changed","5","594"
"Sep 14, 2026 @ 09:25:24.156","Cyber-Window-cilent","Registry Key Integrity Checksum Changed","5","594"
"Sep 14, 2026 @ 09:25:24.139","Cyber-Window-cilent","Registry Key Integrity Checksum Changed","5","594"
"Sep 14, 2026 @ 09:25:24.124","Cyber-Window-cilent","Registry Key Integrity Checksum Changed","5","594"
"Sep 14, 2026 @ 09:25:24.109","Cyber-Window-cilent","Registry Key Integrity Checksum Changed","5","594"
"Sep 14, 2026 @ 09:25:24.102","Cyber-Window-cilent","Registry Key Integrity Checksum Changed","5","594"
"Sep 14, 2026 @ 09:25:24.102","Cyber-Window-cilent","Registry Key Integrity Checksum Changed","5","594"
"Sep 14, 2026 @ 09:25:24.061","Cyber-Window-cilent","Registry Key Integrity Checksum Changed","5","594"
"Sep 14, 2026 @ 09:25:24.050","Cyber-Window-cilent","Registry Key Integrity Checksum Changed","5","594"
"Sep 14, 2026 @ 09:25:24.049","Cyber-Window-cilent","Registry Key Integrity Checksum Changed","5","594"
"Sep 14, 2026 @ 09:25:24.049","Cyber-Window-cilent","Registry Key Integrity Checksum Changed","5","594"
"Sep 14, 2026 @ 09:25:24.042","Cyber-Window-cilent","Registry Key Integrity Checksum Changed","5","594"
"Sep 14, 2026 @ 09:25:21.700","Cyber-Window-cilent","Registry Key Integrity Checksum Changed","5","594"
"Sep 14, 2026 @ 09:25:21.696","Cyber-Window-cilent","Registry Key Integrity Checksum Changed","5","594"
"Sep 14, 2026 @ 09:25:21.634","Cyber-Window-cilent","Registry Key Integrity Checksum Changed","5","594"
"Sep 14, 2026 @ 09:25:21.623","Cyber-Window-cilent","Registry Key Integrity Checksum Changed","5","594"
"Sep 14, 2026 @ 09:25:21.440","Cyber-Window-cilent","Registry Key Integrity Checksum Changed","5","594"
"Sep 14, 2026 @ 09:25:20.530","Cyber-Window-cilent","Registry Key Integrity Checksum Changed","5","594"
"Sep 14, 2026 @ 09:25:20.489","Cyber-Window-cilent","Registry Key Integrity Checksum Changed","5","594"
"Sep 14, 2026 @ 09:25:17.367","Cyber-DC","Windows User Logoff","3","60137"
"Sep 14, 2026 @ 09:25:17.365","Cyber-DC","Windows Logon Success","3","60106"
"Sep 14, 2026 @ 09:25:14.383","Cyber-Window-cilent","Registry Value Integrity Checksum Changed","5","750"
"Sep 14, 2026 @ 09:25:14.366","Cyber-Window-cilent","Registry Value Integrity Checksum Changed","5","750"
"Sep 14, 2026 @ 09:25:14.351","Cyber-Window-cilent","Registry Value Integrity Checksum Changed","5","750"
"Sep 14, 2026 @ 09:25:14.334","Cyber-Window-cilent","Registry Value Integrity Checksum Changed","5","750"
"Sep 14, 2026 @ 09:25:14.317","Cyber-Window-cilent","Registry Value Integrity Checksum Changed","5","750"
"Sep 14, 2026 @ 09:25:14.317","Cyber-Window-cilent","Registry Key Integrity Checksum Changed","5","594"
"Sep 14, 2026 @ 09:25:03.984","Cyber-Window-cilent","Software protection service scheduled successfully.","3","60642"
"Sep 14, 2026 @ 09:24:38.567","Cyber-DC","Windows User Logoff","3","60137"
"Sep 14, 2026 @ 09:24:35.305","Cyber-Window-cilent","Windows Logon Success","3","60106"
"Sep 14, 2026 @ 09:24:35.294","Cyber-Window-cilent","Windows Logon Success","3","60106"
"Sep 14, 2026 @ 09:24:24.015","Cyber-Window-cilent","Windows Logon Success","3","60106"
"Sep 14, 2026 @ 09:24:23.207","Cyber-DC","Windows User Logoff","3","60137"
"Sep 14, 2026 @ 09:24:23.204","Cyber-DC","Windows User Logoff","3","60137"
"Sep 14, 2026 @ 09:24:17.355","Cyber-DC","Windows User Logoff","3","60137"
"Sep 14, 2026 @ 09:24:17.354","Cyber-DC","Windows Logon Success","3","60106"
"Sep 14, 2026 @ 09:23:59.091","Cyber-Window-cilent","Registry Value Entry Added to the System","5","752"
"Sep 14, 2026 @ 09:23:59.051","Cyber-Window-cilent","Registry Value Integrity Checksum Changed","5","750"
"Sep 14, 2026 @ 09:23:59.035","Cyber-Window-cilent","Registry Value Integrity Checksum Changed","5","750"
"Sep 14, 2026 @ 09:23:59.034","Cyber-Window-cilent","Registry Value Integrity Checksum Changed","5","750"
"Sep 14, 2026 @ 09:23:59.034","Cyber-Window-cilent","Registry Value Integrity Checksum Changed","5","750"
"Sep 14, 2026 @ 09:23:59.028","Cyber-Window-cilent","Registry Key Integrity Checksum Changed","5","594"
"Sep 14, 2026 @ 09:23:58.117","Cyber-Window-cilent","Registry Value Integrity Checksum Changed","5","750"
"Sep 14, 2026 @ 09:23:58.076","Cyber-Window-cilent","Registry Value Integrity Checksum Changed","5","750"
"Sep 14, 2026 @ 09:23:58.075","Cyber-Window-cilent","Registry Key Integrity Checksum Changed","5","594"
"Sep 14, 2026 @ 09:23:58.074","Cyber-Window-cilent","Registry Value Integrity Checksum Changed","5","750"
"Sep 14, 2026 @ 09:23:58.074","Cyber-Window-cilent","Registry Value Integrity Checksum Changed","5","750"
"Sep 14, 2026 @ 09:23:58.047","Cyber-Window-cilent","Registry Key Integrity Checksum Changed","5","594"
"Sep 14, 2026 @ 09:23:56.240","Cyber-Window-cilent","Registry Value Entry Added to the System","5","752"
"Sep 14, 2026 @ 09:23:56.237","Cyber-Window-cilent","Registry Value Entry Added to the System","5","752"
"Sep 14, 2026 @ 09:23:56.237","Cyber-Window-cilent","Registry Value Entry Added to the System","5","752"
"Sep 14, 2026 @ 09:23:56.202","Cyber-Window-cilent","Registry Key Integrity Checksum Changed","5","594"
"Sep 14, 2026 @ 09:23:56.068","Cyber-Window-cilent","Registry Value Entry Added to the System","5","752"
"Sep 14, 2026 @ 09:23:56.022","Cyber-Window-cilent","Registry Key Integrity Checksum Changed","5","594"
"Sep 14, 2026 @ 09:23:54.908","Cyber-DC","Windows User Logoff","3","60137"
"Sep 14, 2026 @ 09:23:47.273","Cyber-Window-cilent","Registry Value Entry Added to the System","5","752"
"Sep 14, 2026 @ 09:23:46.476","Cyber-Window-cilent","Windows Logon Success","3","60106"
"Sep 14, 2026 @ 09:23:46.191","Cyber-Window-cilent","Registry Value Integrity Checksum Changed","5","750"
"Sep 14, 2026 @ 09:23:46.150","Cyber-Window-cilent","Registry Value Integrity Checksum Changed","5","750"
"Sep 14, 2026 @ 09:23:46.135","Cyber-Window-cilent","Registry Value Integrity Checksum Changed","5","750"
"Sep 14, 2026 @ 09:23:46.135","Cyber-Window-cilent","Registry Value Integrity Checksum Changed","5","750"
"Sep 14, 2026 @ 09:23:46.134","Cyber-Window-cilent","Registry Value Integrity Checksum Changed","5","750"
"Sep 14, 2026 @ 09:23:46.129","Cyber-Window-cilent","Registry Key Integrity Checksum Changed","5","594"
"Sep 14, 2026 @ 09:23:44.280","Cyber-DC","Windows User Logoff","3","60137"
"Sep 14, 2026 @ 09:23:44.265","Cyber-DC","Windows User Logoff","3","60137"
"Sep 14, 2026 @ 09:23:44.250","Cyber-DC","Windows Logon Success","3","60106"
"Sep 14, 2026 @ 09:23:44.217","Cyber-DC","Windows User Logoff","3","60137"
"Sep 14, 2026 @ 09:23:44.203","Cyber-DC","Windows User Logoff","3","60137"
"Sep 14, 2026 @ 09:23:43.188","Cyber-DC","Windows Logon Success","3","60106"
"Sep 14, 2026 @ 09:23:43.185","Cyber-DC","Windows Logon Success","3","60106"
"Sep 14, 2026 @ 09:23:43.179","Cyber-DC","Windows Logon Success","3","60106"
"Sep 14, 2026 @ 09:23:43.172","Cyber-DC","Windows User Logoff","3","60137"
"Sep 14, 2026 @ 09:23:42.167","Cyber-DC","Windows User Logoff","3","60137"
"Sep 14, 2026 @ 09:23:42.124","Cyber-DC","Windows User Logoff","3","60137"
"Sep 14, 2026 @ 09:23:39.164","Cyber-Window-cilent","Registry Value Integrity Checksum Changed","5","750"
"Sep 14, 2026 @ 09:23:39.122","Cyber-Window-cilent","Registry Key Integrity Checksum Changed","5","594"
"Sep 14, 2026 @ 09:23:35.280","Cyber-DC","Registry Key Integrity Checksum Changed","5","594"
"Sep 14, 2026 @ 09:23:25.650","Cyber-DC","Windows User Logoff","3","60137"
"Sep 14, 2026 @ 09:23:25.649","Cyber-DC","Windows Logon Success","3","60106"
"Sep 14, 2026 @ 09:23:25.644","Cyber-DC","Windows User Logoff","3","60137"
"Sep 14, 2026 @ 09:23:25.642","Cyber-DC","Windows Logon Success","3","60106"
"Sep 14, 2026 @ 09:23:17.303","Cyber-DC","Windows User Logoff","3","60137"
"Sep 14, 2026 @ 09:23:17.302","Cyber-DC","Windows Logon Success","3","60106"
"Sep 14, 2026 @ 09:23:12.332","Cyber-DC","Windows User Logoff","3","60137"
"Sep 14, 2026 @ 09:23:08.535","Cyber-DC","Windows User Logoff","3","60137"
"Sep 14, 2026 @ 09:23:08.533","Cyber-DC","Windows User Logoff","3","60137"
"Sep 14, 2026 @ 09:23:08.533","Cyber-DC","Windows User Logoff","3","60137"
"Sep 14, 2026 @ 09:23:08.528","Cyber-DC","Windows User Logoff","3","60137"
"Sep 14, 2026 @ 09:23:01.418","Cyber-DC","Windows Logon Success","3","60106"
"Sep 14, 2026 @ 09:22:36.867","Cyber-DC","Windows User Logoff","3","60137"
"Sep 14, 2026 @ 09:22:36.866","Cyber-DC","Windows User Logoff","3","60137"
"Sep 14, 2026 @ 09:22:36.864","Cyber-DC","Windows User Logoff","3","60137"
"Sep 14, 2026 @ 09:22:33.217","Cyber-Window-cilent","Registry Value Entry Deleted.","5","751"
"Sep 14, 2026 @ 09:22:33.199","Cyber-Window-cilent","Registry Value Entry Deleted.","5","751"
"Sep 14, 2026 @ 09:22:33.182","Cyber-Window-cilent","Registry Value Entry Deleted.","5","751"
"Sep 14, 2026 @ 09:22:33.165","Cyber-Window-cilent","Registry Value Entry Deleted.","5","751"
"Sep 14, 2026 @ 09:22:33.148","Cyber-Window-cilent","Registry Value Entry Deleted.","5","751"
"Sep 14, 2026 @ 09:22:33.147","Cyber-Window-cilent","Registry Value Entry Deleted.","5","751"
"Sep 14, 2026 @ 09:22:33.117","Cyber-Window-cilent","Registry Value Integrity Checksum Changed","5","750"
"Sep 14, 2026 @ 09:22:33.074","Cyber-Window-cilent","Registry Key Integrity Checksum Changed","5","594"
"Sep 14, 2026 @ 09:22:32.880","Cyber-Window-cilent","Registry Key Integrity Checksum Changed","5","594"
"Sep 14, 2026 @ 09:22:32.878","Cyber-Window-cilent","Registry Key Entry Added to the System","5","598"
"Sep 14, 2026 @ 09:22:32.877","Cyber-Window-cilent","Registry Value Entry Added to the System","5","752"
"Sep 14, 2026 @ 09:22:32.849","Cyber-Window-cilent","Registry Key Entry Added to the System","5","598"
"Sep 14, 2026 @ 09:22:32.117","Cyber-Window-cilent","Registry Key Integrity Checksum Changed","5","594"
"Sep 14, 2026 @ 09:22:32.017","Cyber-Window-cilent","Registry Key Integrity Checksum Changed","5","594"
"Sep 14, 2026 @ 09:22:32.005","Cyber-Window-cilent","Registry Key Integrity Checksum Changed","5","594"
"Sep 14, 2026 @ 09:22:32.003","Cyber-Window-cilent","Registry Key Integrity Checksum Changed","5","594"
"Sep 14, 2026 @ 09:22:32.002","Cyber-Window-cilent","Registry Value Entry Added to the System","5","752"
"Sep 14, 2026 @ 09:22:31.985","Cyber-Window-cilent","Registry Value Entry Added to the System","5","752"
"Sep 14, 2026 @ 09:22:31.969","Cyber-Window-cilent","Registry Value Entry Added to the System","5","752"
"Sep 14, 2026 @ 09:22:31.953","Cyber-Window-cilent","Registry Value Entry Added to the System","5","752"
"Sep 14, 2026 @ 09:22:31.937","Cyber-Window-cilent","Registry Value Entry Added to the System","5","752"
"Sep 14, 2026 @ 09:22:31.921","Cyber-Window-cilent","Registry Value Entry Added to the System","5","752"
"Sep 14, 2026 @ 09:22:31.905","Cyber-Window-cilent","Registry Value Entry Added to the System","5","752"
"Sep 14, 2026 @ 09:22:31.890","Cyber-Window-cilent","Registry Key Entry Added to the System","5","598"
"Sep 14, 2026 @ 09:22:31.879","Cyber-Window-cilent","Registry Key Entry Added to the System","5","598"
"Sep 14, 2026 @ 09:22:31.879","Cyber-Window-cilent","Registry Value Entry Added to the System","5","752"
"Sep 14, 2026 @ 09:22:31.319","Cyber-Window-cilent","Registry Value Entry Added to the System","5","752"
"Sep 14, 2026 @ 09:22:31.303","Cyber-Window-cilent","Registry Value Entry Added to the System","5","752"
"Sep 14, 2026 @ 09:22:31.286","Cyber-Window-cilent","Registry Value Entry Added to the System","5","752"
"Sep 14, 2026 @ 09:22:31.280","Cyber-Window-cilent","Registry Value Entry Added to the System","5","752"
"Sep 14, 2026 @ 09:22:31.280","Cyber-Window-cilent","Registry Value Entry Added to the System","5","752"
"Sep 14, 2026 @ 09:22:31.237","Cyber-Window-cilent","Registry Value Entry Added to the System","5","752"
"Sep 14, 2026 @ 09:22:31.231","Cyber-Window-cilent","Registry Key Entry Added to the System","5","598"
"Sep 14, 2026 @ 09:22:31.222","Cyber-Window-cilent","Registry Value Entry Added to the System","5","752"
"Sep 14, 2026 @ 09:22:31.222","Cyber-Window-cilent","Registry Value Entry Added to the System","5","752"
"Sep 14, 2026 @ 09:22:31.203","Cyber-Window-cilent","Registry Key Entry Added to the System","5","598"
"Sep 14, 2026 @ 09:22:30.556","Cyber-Window-cilent","Registry Key Integrity Checksum Changed","5","594"
"Sep 14, 2026 @ 09:22:30.547","Cyber-Window-cilent","Registry Key Entry Added to the System","5","598"
"Sep 14, 2026 @ 09:22:30.544","Cyber-Window-cilent","Registry Key Entry Added to the System","5","598"
"Sep 14, 2026 @ 09:22:30.272","Cyber-Window-cilent","Registry Value Entry Added to the System","5","752"
"Sep 14, 2026 @ 09:22:29.430","Cyber-Window-cilent","Registry Value Entry Added to the System","5","752"
"Sep 14, 2026 @ 09:22:29.416","Cyber-Window-cilent","Registry Value Entry Added to the System","5","752"
"Sep 14, 2026 @ 09:22:29.398","Cyber-Window-cilent","Registry Value Entry Added to the System","5","752"
"Sep 14, 2026 @ 09:22:29.382","Cyber-Window-cilent","Registry Value Entry Added to the System","5","752"
"Sep 14, 2026 @ 09:22:29.366","Cyber-Window-cilent","Registry Value Entry Added to the System","5","752"
"Sep 14, 2026 @ 09:22:29.350","Cyber-Window-cilent","Registry Value Entry Added to the System","5","752"
"Sep 14, 2026 @ 09:22:29.334","Cyber-Window-cilent","Registry Key Entry Added to the System","5","598"
"Sep 14, 2026 @ 09:22:29.319","Cyber-Window-cilent","Registry Value Entry Added to the System","5","752"
"Sep 14, 2026 @ 09:22:29.304","Cyber-Window-cilent","Registry Key Entry Added to the System","5","598"
"Sep 14, 2026 @ 09:22:29.288","Cyber-Window-cilent","Registry Value Entry Added to the System","5","752"
"Sep 14, 2026 @ 09:22:29.274","Cyber-Window-cilent","Registry Value Entry Added to the System","5","752"
"Sep 14, 2026 @ 09:22:29.274","Cyber-Window-cilent","Registry Value Entry Added to the System","5","752"
"Sep 14, 2026 @ 09:22:29.255","Cyber-Window-cilent","Registry Value Entry Added to the System","5","752"
"Sep 14, 2026 @ 09:22:29.240","Cyber-Window-cilent","Registry Value Entry Added to the System","5","752"
"Sep 14, 2026 @ 09:22:29.224","Cyber-Window-cilent","Registry Value Entry Added to the System","5","752"
"Sep 14, 2026 @ 09:22:29.209","Cyber-Window-cilent","Registry Value Entry Added to the System","5","752"
"Sep 14, 2026 @ 09:22:29.193","Cyber-Window-cilent","Registry Key Entry Added to the System","5","598"
"Sep 14, 2026 @ 09:22:29.177","Cyber-Window-cilent","Registry Value Entry Added to the System","5","752"
"Sep 14, 2026 @ 09:22:29.162","Cyber-Window-cilent","Registry Key Entry Added to the System","5","598"
"Sep 14, 2026 @ 09:22:29.148","Cyber-Window-cilent","Registry Value Entry Added to the System","5","752"
"Sep 14, 2026 @ 09:22:29.130","Cyber-Window-cilent","Registry Value Entry Added to the System","5","752"
"Sep 14, 2026 @ 09:22:29.114","Cyber-Window-cilent","Registry Value Entry Added to the System","5","752"
"Sep 14, 2026 @ 09:22:29.098","Cyber-Window-cilent","Registry Value Entry Added to the System","5","752"
"Sep 14, 2026 @ 09:22:29.083","Cyber-Window-cilent","Registry Value Entry Added to the System","5","752"
"Sep 14, 2026 @ 09:22:29.067","Cyber-Window-cilent","Registry Value Entry Added to the System","5","752"
"Sep 14, 2026 @ 09:22:29.051","Cyber-Window-cilent","Registry Value Entry Added to the System","5","752"
"Sep 14, 2026 @ 09:22:29.035","Cyber-Window-cilent","Registry Key Entry Added to the System","5","598"
"Sep 14, 2026 @ 09:22:29.027","Cyber-Window-cilent","Registry Value Entry Added to the System","5","752"
"Sep 14, 2026 @ 09:22:29.027","Cyber-Window-cilent","Registry Key Entry Added to the System","5","598"
"Sep 14, 2026 @ 09:22:28.907","Cyber-Window-cilent","Registry Key Integrity Checksum Changed","5","594"
"Sep 14, 2026 @ 09:22:27.727","Cyber-Window-cilent","Registry Value Entry Added to the System","5","752"
"Sep 14, 2026 @ 09:22:27.685","Cyber-Window-cilent","Registry Value Entry Added to the System","5","752"
"Sep 14, 2026 @ 09:22:27.673","Cyber-Window-cilent","Registry Value Entry Added to the System","5","752"
"Sep 14, 2026 @ 09:22:27.670","Cyber-Window-cilent","Registry Value Entry Added to the System","5","752"
"Sep 14, 2026 @ 09:22:27.669","Cyber-Window-cilent","Registry Value Entry Added to the System","5","752"
"Sep 14, 2026 @ 09:22:27.633","Cyber-Window-cilent","Registry Key Integrity Checksum Changed","5","594"
"Sep 14, 2026 @ 09:22:27.586","Cyber-Window-cilent","Registry Value Entry Added to the System","5","752"
"Sep 14, 2026 @ 09:22:27.543","Cyber-Window-cilent","Registry Key Integrity Checksum Changed","5","594"
"Sep 14, 2026 @ 09:22:27.519","Cyber-Window-cilent","Registry Key Integrity Checksum Changed","5","594"
"Sep 14, 2026 @ 09:22:27.519","Cyber-Window-cilent","Registry Value Integrity Checksum Changed","5","750"
"Sep 14, 2026 @ 09:22:27.364","Cyber-Window-cilent","Registry Key Integrity Checksum Changed","5","594"
"Sep 14, 2026 @ 09:22:27.322","Cyber-Window-cilent","Registry Key Integrity Checksum Changed","5","594"
"Sep 14, 2026 @ 09:22:25.924","Cyber-Window-cilent","Registry Value Entry Added to the System","5","752"
"Sep 14, 2026 @ 09:22:25.908","Cyber-Window-cilent","Registry Value Entry Added to the System","5","752"
"Sep 14, 2026 @ 09:22:25.893","Cyber-Window-cilent","Registry Value Entry Added to the System","5","752"
"Sep 14, 2026 @ 09:22:25.876","Cyber-Window-cilent","Registry Value Entry Added to the System","5","752"
"Sep 14, 2026 @ 09:22:25.859","Cyber-Window-cilent","Registry Value Entry Added to the System","5","752"
"Sep 14, 2026 @ 09:22:25.843","Cyber-Window-cilent","Registry Value Entry Added to the System","5","752"
"Sep 14, 2026 @ 09:22:25.833","Cyber-Window-cilent","Registry Key Entry Added to the System","5","598"
"Sep 14, 2026 @ 09:22:25.833","Cyber-Window-cilent","Registry Value Entry Added to the System","5","752"
"Sep 14, 2026 @ 09:22:24.892","Cyber-Window-cilent","Registry Key Entry Added to the System","5","598"
"Sep 14, 2026 @ 09:22:24.876","Cyber-Window-cilent","Registry Value Entry Added to the System","5","752"
"Sep 14, 2026 @ 09:22:24.860","Cyber-Window-cilent","Registry Value Entry Added to the System","5","752"
"Sep 14, 2026 @ 09:22:24.843","Cyber-Window-cilent","Registry Value Entry Added to the System","5","752"
"Sep 14, 2026 @ 09:22:24.827","Cyber-Window-cilent","Registry Value Entry Added to the System","5","752"
"Sep 14, 2026 @ 09:22:24.820","Cyber-Window-cilent","Registry Value Entry Added to the System","5","752"
"Sep 14, 2026 @ 09:22:24.820","Cyber-Window-cilent","Registry Key Entry Added to the System","5","598"
"Sep 14, 2026 @ 09:22:24.814","Cyber-Window-cilent","Registry Value Entry Added to the System","5","752"
"Sep 14, 2026 @ 09:22:24.813","Cyber-Window-cilent","Registry Key Entry Added to the System","5","598"
"Sep 14, 2026 @ 09:22:24.574","Cyber-Window-cilent","Registry Value Entry Added to the System","5","752"
"Sep 14, 2026 @ 09:22:24.559","Cyber-Window-cilent","Registry Value Entry Added to the System","5","752"
"Sep 14, 2026 @ 09:22:24.556","Cyber-Window-cilent","Registry Value Entry Added to the System","5","752"
"Sep 14, 2026 @ 09:22:24.555","Cyber-Window-cilent","Registry Value Entry Added to the System","5","752"
"Sep 14, 2026 @ 09:22:24.555","Cyber-Window-cilent","Registry Value Entry Added to the System","5","752"
"Sep 14, 2026 @ 09:22:24.513","Cyber-Window-cilent","Registry Value Entry Added to the System","5","752"
"Sep 14, 2026 @ 09:22:24.507","Cyber-Window-cilent","Registry Key Entry Added to the System","5","598"
"Sep 14, 2026 @ 09:22:24.507","Cyber-Window-cilent","Registry Value Entry Added to the System","5","752"
"Sep 14, 2026 @ 09:22:24.506","Cyber-Window-cilent","Registry Value Entry Added to the System","5","752"
"Sep 14, 2026 @ 09:22:24.499","Cyber-Window-cilent","Registry Key Entry Added to the System","5","598"
"Sep 14, 2026 @ 09:22:23.093","Cyber-Window-cilent","Registry Value Entry Added to the System","5","752"
"Sep 14, 2026 @ 09:22:23.086","Cyber-Window-cilent","Registry Value Entry Added to the System","5","752"
"Sep 14, 2026 @ 09:22:23.078","Cyber-Window-cilent","Registry Value Entry Added to the System","5","752"
"Sep 14, 2026 @ 09:22:23.037","Cyber-Window-cilent","Registry Value Entry Added to the System","5","752"
"Sep 14, 2026 @ 09:22:23.037","Cyber-Window-cilent","Registry Value Entry Added to the System","5","752"
"Sep 14, 2026 @ 09:22:23.023","Cyber-Window-cilent","Registry Value Entry Added to the System","5","752"
"Sep 14, 2026 @ 09:22:23.022","Cyber-Window-cilent","Registry Value Entry Added to the System","5","752"
"Sep 14, 2026 @ 09:22:23.011","Cyber-Window-cilent","Registry Key Entry Added to the System","5","598"
"Sep 14, 2026 @ 09:22:22.998","Cyber-Window-cilent","Registry Value Entry Added to the System","5","752"
"Sep 14, 2026 @ 09:22:22.998","Cyber-Window-cilent","Registry Key Entry Added to the System","5","598"
"Sep 14, 2026 @ 09:22:22.993","Cyber-Window-cilent","Registry Value Entry Added to the System","5","752"
"Sep 14, 2026 @ 09:22:22.976","Cyber-Window-cilent","Registry Value Entry Added to the System","5","752"
"Sep 14, 2026 @ 09:22:22.957","Cyber-Window-cilent","Registry Value Entry Added to the System","5","752"
"Sep 14, 2026 @ 09:22:22.942","Cyber-Window-cilent","Registry Value Entry Added to the System","5","752"
"Sep 14, 2026 @ 09:22:22.940","Cyber-Window-cilent","Registry Value Entry Added to the System","5","752"
"Sep 14, 2026 @ 09:22:22.922","Cyber-Window-cilent","Registry Value Entry Added to the System","5","752"
"Sep 14, 2026 @ 09:22:22.906","Cyber-Window-cilent","Registry Value Entry Added to the System","5","752"
"Sep 14, 2026 @ 09:22:22.890","Cyber-Window-cilent","Registry Value Entry Added to the System","5","752"
"Sep 14, 2026 @ 09:22:22.873","Cyber-Window-cilent","Registry Value Entry Added to the System","5","752"
"Sep 14, 2026 @ 09:22:22.871","Cyber-Window-cilent","Registry Value Entry Added to the System","5","752"
"Sep 14, 2026 @ 09:22:22.870","Cyber-Window-cilent","Registry Key Entry Added to the System","5","598"
"Sep 14, 2026 @ 09:22:22.865","Cyber-Window-cilent","Registry Value Entry Added to the System","5","752"
"Sep 14, 2026 @ 09:22:22.864","Cyber-Window-cilent","Registry Key Entry Added to the System","5","598"
"Sep 14, 2026 @ 09:22:22.811","Cyber-Window-cilent","Registry Value Entry Added to the System","5","752"
"Sep 14, 2026 @ 09:22:22.796","Cyber-Window-cilent","Registry Value Entry Added to the System","5","752"
"Sep 14, 2026 @ 09:22:22.779","Cyber-Window-cilent","Registry Value Entry Added to the System","5","752"
"Sep 14, 2026 @ 09:22:22.763","Cyber-Window-cilent","Registry Value Entry Added to the System","5","752"
"Sep 14, 2026 @ 09:22:22.746","Cyber-Window-cilent","Registry Value Entry Added to the System","5","752"
"Sep 14, 2026 @ 09:22:22.730","Cyber-Window-cilent","Registry Value Entry Added to the System","5","752"
"Sep 14, 2026 @ 09:22:22.726","Cyber-Window-cilent","Registry Value Entry Added to the System","5","752"
"Sep 14, 2026 @ 09:22:22.726","Cyber-Window-cilent","Registry Key Entry Added to the System","5","598"
"Sep 14, 2026 @ 09:22:22.543","Cyber-Window-cilent","Service startup type was changed","3","61104"
"Sep 14, 2026 @ 09:22:21.548","Cyber-Window-cilent","Registry Key Entry Added to the System","5","598"
"Sep 14, 2026 @ 09:22:21.530","Cyber-Window-cilent","Registry Value Entry Added to the System","5","752"
"Sep 14, 2026 @ 09:22:21.514","Cyber-Window-cilent","Registry Value Entry Added to the System","5","752"
"Sep 14, 2026 @ 09:22:21.501","Cyber-Window-cilent","Registry Value Entry Added to the System","5","752"
"Sep 14, 2026 @ 09:22:21.499","Cyber-Window-cilent","Registry Value Entry Added to the System","5","752"
"Sep 14, 2026 @ 09:22:21.498","Cyber-Window-cilent","Registry Value Entry Added to the System","5","752"
"Sep 14, 2026 @ 09:22:21.480","Cyber-Window-cilent","Registry Key Entry Added to the System","5","598"
"Sep 14, 2026 @ 09:22:21.458","Cyber-Window-cilent","Registry Value Entry Added to the System","5","752"
"Sep 14, 2026 @ 09:22:21.442","Cyber-Window-cilent","Registry Key Entry Added to the System","5","598"
"Sep 14, 2026 @ 09:22:21.426","Cyber-Window-cilent","Registry Value Entry Added to the System","5","752"
"Sep 14, 2026 @ 09:22:21.409","Cyber-Window-cilent","Registry Value Entry Added to the System","5","752"
"Sep 14, 2026 @ 09:22:21.394","Cyber-Window-cilent","Registry Value Entry Added to the System","5","752"
"Sep 14, 2026 @ 09:22:21.388","Cyber-Window-cilent","Registry Value Entry Added to the System","5","752"
"Sep 14, 2026 @ 09:22:21.388","Cyber-Window-cilent","Registry Value Entry Added to the System","5","752"
"Sep 14, 2026 @ 09:22:21.346","Cyber-Window-cilent","Registry Value Entry Added to the System","5","752"
"Sep 14, 2026 @ 09:22:21.332","Cyber-Window-cilent","Registry Value Entry Added to the System","5","752"
"Sep 14, 2026 @ 09:22:21.331","Cyber-Window-cilent","Registry Value Entry Added to the System","5","752"
"Sep 14, 2026 @ 09:22:21.330","Cyber-Window-cilent","Registry Key Entry Added to the System","5","598"
"Sep 14, 2026 @ 09:22:21.306","Cyber-Window-cilent","Registry Key Entry Added to the System","5","598"
"Sep 14, 2026 @ 09:22:20.945","Cyber-Window-cilent","Registry Value Entry Added to the System","5","752"
"Sep 14, 2026 @ 09:22:20.924","Cyber-Window-cilent","Registry Value Entry Added to the System","5","752"
"Sep 14, 2026 @ 09:22:20.910","Cyber-Window-cilent","Registry Value Entry Added to the System","5","752"
"Sep 14, 2026 @ 09:22:20.893","Cyber-Window-cilent","Registry Value Entry Added to the System","5","752"
"Sep 14, 2026 @ 09:22:20.877","Cyber-Window-cilent","Registry Value Entry Added to the System","5","752"
"Sep 14, 2026 @ 09:22:20.861","Cyber-Window-cilent","Registry Value Entry Added to the System","5","752"
"Sep 14, 2026 @ 09:22:20.845","Cyber-Window-cilent","Registry Key Entry Added to the System","5","598"
"Sep 14, 2026 @ 09:22:20.845","Cyber-Window-cilent","Registry Value Entry Added to the System","5","752"
"Sep 14, 2026 @ 09:22:20.838","Cyber-Window-cilent","Registry Value Entry Added to the System","5","752"
"Sep 14, 2026 @ 09:22:20.837","Cyber-Window-cilent","Registry Key Entry Added to the System","5","598"
"Sep 14, 2026 @ 09:22:19.536","Cyber-Window-cilent","Registry Value Integrity Checksum Changed","5","750"
"Sep 14, 2026 @ 09:22:19.519","Cyber-Window-cilent","Registry Key Integrity Checksum Changed","5","594"
"Sep 14, 2026 @ 09:22:19.504","Cyber-Window-cilent","Registry Value Entry Added to the System","5","752"
"Sep 14, 2026 @ 09:22:19.486","Cyber-Window-cilent","Registry Value Entry Added to the System","5","752"
"Sep 14, 2026 @ 09:22:19.471","Cyber-Window-cilent","Registry Value Entry Added to the System","5","752"
"Sep 14, 2026 @ 09:22:19.455","Cyber-Window-cilent","Registry Value Entry Added to the System","5","752"
"Sep 14, 2026 @ 09:22:19.438","Cyber-Window-cilent","Registry Value Entry Added to the System","5","752"
"Sep 14, 2026 @ 09:22:19.423","Cyber-Window-cilent","Registry Value Entry Added to the System","5","752"
"Sep 14, 2026 @ 09:22:19.407","Cyber-Window-cilent","Registry Value Entry Added to the System","5","752"
"Sep 14, 2026 @ 09:22:19.392","Cyber-Window-cilent","Registry Key Entry Added to the System","5","598"
"Sep 14, 2026 @ 09:22:19.375","Cyber-Window-cilent","Registry Key Entry Added to the System","5","598"
"Sep 14, 2026 @ 09:22:19.360","Cyber-Window-cilent","Registry Value Entry Added to the System","5","752"
"Sep 14, 2026 @ 09:22:19.353","Cyber-Window-cilent","Registry Value Entry Added to the System","5","752"
"Sep 14, 2026 @ 09:22:19.353","Cyber-Window-cilent","Registry Value Entry Added to the System","5","752"
"Sep 14, 2026 @ 09:22:19.312","Cyber-Window-cilent","Registry Value Entry Added to the System","5","752"
"Sep 14, 2026 @ 09:22:19.310","Cyber-Window-cilent","Registry Value Entry Added to the System","5","752"
"Sep 14, 2026 @ 09:22:19.308","Cyber-Window-cilent","Registry Value Entry Added to the System","5","752"
"Sep 14, 2026 @ 09:22:19.308","Cyber-Window-cilent","Registry Key Entry Added to the System","5","598"
"Sep 14, 2026 @ 09:22:19.302","Cyber-Window-cilent","Registry Key Entry Added to the System","5","598"
"Sep 14, 2026 @ 09:22:17.253","Cyber-DC","Windows User Logoff","3","60137"
"Sep 14, 2026 @ 09:22:17.252","Cyber-DC","Windows Logon Success","3","60106"
"Sep 14, 2026 @ 09:22:15.947","Cyber-Window-cilent","Registry Value Integrity Checksum Changed","5","750"
"Sep 14, 2026 @ 09:22:15.934","Cyber-Window-cilent","Registry Value Integrity Checksum Changed","5","750"
"Sep 14, 2026 @ 09:22:14.996","Cyber-Window-cilent","Registry Key Integrity Checksum Changed","5","594"
"Sep 14, 2026 @ 09:22:14.996","Cyber-Window-cilent","Registry Value Integrity Checksum Changed","5","750"
"Sep 14, 2026 @ 09:22:14.730","Cyber-Window-cilent","Registry Value Integrity Checksum Changed","5","750"
"Sep 14, 2026 @ 09:22:14.712","Cyber-Window-cilent","Registry Key Integrity Checksum Changed","5","594"
"Sep 14, 2026 @ 09:22:14.697","Cyber-Window-cilent","Registry Value Entry Added to the System","5","752"
"Sep 14, 2026 @ 09:22:14.690","Cyber-Window-cilent","Registry Value Entry Added to the System","5","752"
"Sep 14, 2026 @ 09:22:14.689","Cyber-Window-cilent","Registry Value Entry Added to the System","5","752"
"Sep 14, 2026 @ 09:22:14.687","Cyber-Window-cilent","Registry Value Entry Added to the System","5","752"
"Sep 14, 2026 @ 09:22:14.686","Cyber-Window-cilent","Registry Value Entry Added to the System","5","752"
"Sep 14, 2026 @ 09:22:14.684","Cyber-Window-cilent","Registry Value Entry Added to the System","5","752"
"Sep 14, 2026 @ 09:22:14.682","Cyber-Window-cilent","Registry Value Entry Added to the System","5","752"
"Sep 14, 2026 @ 09:22:14.681","Cyber-Window-cilent","Registry Key Entry Added to the System","5","598"
"Sep 14, 2026 @ 09:22:14.627","Cyber-Window-cilent","Registry Value Entry Added to the System","5","752"
"Sep 14, 2026 @ 09:22:14.593","Cyber-Window-cilent","Registry Key Entry Added to the System","5","598"
"Sep 14, 2026 @ 09:22:14.580","Cyber-Window-cilent","Registry Value Entry Added to the System","5","752"
"Sep 14, 2026 @ 09:22:14.579","Cyber-Window-cilent","Registry Value Entry Added to the System","5","752"
"Sep 14, 2026 @ 09:22:14.530","Cyber-Window-cilent","Registry Value Entry Added to the System","5","752"
"Sep 14, 2026 @ 09:22:14.515","Cyber-Window-cilent","Registry Value Entry Added to the System","5","752"
"Sep 14, 2026 @ 09:22:14.495","Cyber-Window-cilent","Registry Value Entry Added to the System","5","752"
"Sep 14, 2026 @ 09:22:14.479","Cyber-Window-cilent","Registry Value Entry Added to the System","5","752"
"Sep 14, 2026 @ 09:22:14.463","Cyber-Window-cilent","Registry Value Entry Added to the System","5","752"
"Sep 14, 2026 @ 09:22:14.448","Cyber-Window-cilent","Registry Value Entry Added to the System","5","752"
"Sep 14, 2026 @ 09:22:14.448","Cyber-Window-cilent","Registry Key Entry Added to the System","5","598"
"Sep 14, 2026 @ 09:22:14.424","Cyber-Window-cilent","Registry Key Entry Added to the System","5","598"
"Sep 14, 2026 @ 09:22:14.408","Cyber-Window-cilent","Registry Key Integrity Checksum Changed","5","594"
"Sep 14, 2026 @ 09:22:14.392","Cyber-Window-cilent","Registry Key Integrity Checksum Changed","5","594"
"Sep 14, 2026 @ 09:22:14.391","Cyber-Window-cilent","Registry Key Integrity Checksum Changed","5","594"
"Sep 14, 2026 @ 09:22:14.390","Cyber-Window-cilent","Registry Key Integrity Checksum Changed","5","594"
"Sep 14, 2026 @ 09:22:14.344","Cyber-Window-cilent","Registry Key Integrity Checksum Changed","5","594"
"Sep 14, 2026 @ 09:22:14.343","Cyber-Window-cilent","Registry Key Integrity Checksum Changed","5","594"
"Sep 14, 2026 @ 09:22:14.320","Cyber-Window-cilent","Registry Value Entry Added to the System","5","752"
"Sep 14, 2026 @ 09:22:14.307","Cyber-Window-cilent","Registry Value Entry Added to the System","5","752"
"Sep 14, 2026 @ 09:22:14.289","Cyber-Window-cilent","Registry Value Entry Added to the System","5","752"
"Sep 14, 2026 @ 09:22:14.272","Cyber-Window-cilent","Registry Value Entry Added to the System","5","752"
"Sep 14, 2026 @ 09:22:14.255","Cyber-Window-cilent","Registry Value Entry Added to the System","5","752"
"Sep 14, 2026 @ 09:22:14.240","Cyber-Window-cilent","Registry Value Entry Added to the System","5","752"
"Sep 14, 2026 @ 09:22:14.225","Cyber-Window-cilent","Registry Value Entry Added to the System","5","752"
"Sep 14, 2026 @ 09:22:14.142","Cyber-Window-cilent","Registry Key Entry Added to the System","5","598"
"Sep 14, 2026 @ 09:22:14.118","Cyber-Window-cilent","Registry Value Entry Added to the System","5","752"
"Sep 14, 2026 @ 09:22:14.101","Cyber-Window-cilent","Registry Key Entry Added to the System","5","598"
"Sep 14, 2026 @ 09:22:14.085","Cyber-Window-cilent","Registry Value Entry Added to the System","5","752"
"Sep 14, 2026 @ 09:22:14.071","Cyber-Window-cilent","Registry Value Entry Added to the System","5","752"
"Sep 14, 2026 @ 09:22:14.048","Cyber-Window-cilent","Registry Value Entry Added to the System","5","752"
"Sep 14, 2026 @ 09:22:14.032","Cyber-Window-cilent","Registry Value Entry Added to the System","5","752"
"Sep 14, 2026 @ 09:22:14.017","Cyber-Window-cilent","Registry Value Entry Added to the System","5","752"
"Sep 14, 2026 @ 09:22:13.994","Cyber-Window-cilent","Registry Value Entry Added to the System","5","752"
"Sep 14, 2026 @ 09:22:13.959","Cyber-Window-cilent","Registry Value Entry Added to the System","5","752"
"Sep 14, 2026 @ 09:22:13.945","Cyber-Window-cilent","Registry Value Entry Added to the System","5","752"
"Sep 14, 2026 @ 09:22:13.945","Cyber-Window-cilent","Registry Key Entry Added to the System","5","598"
"Sep 14, 2026 @ 09:22:13.877","Cyber-Window-cilent","Registry Key Entry Added to the System","5","598"
"Sep 14, 2026 @ 09:22:13.707","Cyber-Window-cilent","Registry Value Entry Added to the System","5","752"
"Sep 14, 2026 @ 09:22:13.705","Cyber-Window-cilent","Registry Value Entry Added to the System","5","752"
"Sep 14, 2026 @ 09:22:13.627","Cyber-Window-cilent","Registry Value Entry Added to the System","5","752"
"Sep 14, 2026 @ 09:22:13.510","Cyber-Window-cilent","Registry Value Entry Added to the System","5","752"
"Sep 14, 2026 @ 09:22:13.463","Cyber-Window-cilent","Registry Value Entry Added to the System","5","752"
"Sep 14, 2026 @ 09:22:13.438","Cyber-Window-cilent","Registry Value Entry Added to the System","5","752"
"Sep 14, 2026 @ 09:22:13.422","Cyber-Window-cilent","Registry Value Entry Added to the System","5","752"
"Sep 14, 2026 @ 09:22:13.402","Cyber-Window-cilent","Registry Key Entry Added to the System","5","598"
"Sep 14, 2026 @ 09:22:13.346","Cyber-Window-cilent","Registry Value Entry Added to the System","5","752"
"Sep 14, 2026 @ 09:22:13.344","Cyber-Window-cilent","Registry Key Entry Added to the System","5","598"
"Sep 14, 2026 @ 09:22:13.343","Cyber-Window-cilent","Registry Value Entry Added to the System","5","752"
"Sep 14, 2026 @ 09:22:13.340","Cyber-Window-cilent","Registry Value Entry Added to the System","5","752"
"Sep 14, 2026 @ 09:22:13.266","Cyber-Window-cilent","Registry Value Entry Added to the System","5","752"
"Sep 14, 2026 @ 09:22:13.193","Cyber-Window-cilent","Registry Value Entry Added to the System","5","752"
"Sep 14, 2026 @ 09:22:13.172","Cyber-Window-cilent","Registry Value Entry Added to the System","5","752"
"Sep 14, 2026 @ 09:22:13.171","Cyber-Window-cilent","Registry Value Entry Added to the System","5","752"
"Sep 14, 2026 @ 09:22:13.150","Cyber-Window-cilent","Registry Value Entry Added to the System","5","752"
"Sep 14, 2026 @ 09:22:13.135","Cyber-Window-cilent","Registry Key Entry Added to the System","5","598"
"Sep 14, 2026 @ 09:22:13.133","Cyber-Window-cilent","Registry Value Entry Added to the System","5","752"
"Sep 14, 2026 @ 09:22:13.114","Cyber-Window-cilent","Registry Key Entry Added to the System","5","598"
"Sep 14, 2026 @ 09:22:13.098","Cyber-Window-cilent","Registry Value Entry Added to the System","5","752"
"Sep 14, 2026 @ 09:22:13.085","Cyber-Window-cilent","Registry Value Entry Added to the System","5","752"
"Sep 14, 2026 @ 09:22:13.068","Cyber-Window-cilent","Registry Value Entry Added to the System","5","752"
"Sep 14, 2026 @ 09:22:13.046","Cyber-Window-cilent","Registry Value Entry Added to the System","5","752"
"Sep 14, 2026 @ 09:22:13.029","Cyber-Window-cilent","Registry Value Entry Added to the System","5","752"
"Sep 14, 2026 @ 09:22:13.009","Cyber-Window-cilent","Registry Value Entry Added to the System","5","752"
"Sep 14, 2026 @ 09:22:12.995","Cyber-Window-cilent","Registry Value Entry Added to the System","5","752"
"Sep 14, 2026 @ 09:22:12.994","Cyber-Window-cilent","Registry Key Entry Added to the System","5","598"
"Sep 14, 2026 @ 09:22:12.974","Cyber-Window-cilent","Registry Value Entry Added to the System","5","752"
"Sep 14, 2026 @ 09:22:12.974","Cyber-Window-cilent","Registry Key Entry Added to the System","5","598"
"Sep 14, 2026 @ 09:22:12.931","Cyber-Window-cilent","Registry Value Entry Added to the System","5","752"
"Sep 14, 2026 @ 09:22:12.918","Cyber-Window-cilent","Registry Value Entry Added to the System","5","752"
"Sep 14, 2026 @ 09:22:12.905","Cyber-Window-cilent","Registry Value Entry Added to the System","5","752"
"Sep 14, 2026 @ 09:22:12.903","Cyber-Window-cilent","Registry Value Entry Added to the System","5","752"
"Sep 14, 2026 @ 09:22:12.887","Cyber-Window-cilent","Registry Value Entry Added to the System","5","752"
"Sep 14, 2026 @ 09:22:12.878","Cyber-Window-cilent","Registry Value Entry Added to the System","5","752"
"Sep 14, 2026 @ 09:22:12.877","Cyber-Window-cilent","Registry Value Entry Added to the System","5","752"
"Sep 14, 2026 @ 09:22:12.873","Cyber-Window-cilent","Registry Key Entry Added to the System","5","598"
"Sep 14, 2026 @ 09:22:12.872","Cyber-Window-cilent","Registry Value Entry Added to the System","5","752"
"Sep 14, 2026 @ 09:22:12.612","Cyber-Window-cilent","Registry Key Entry Added to the System","5","598"
"Sep 14, 2026 @ 09:22:12.595","Cyber-Window-cilent","Registry Value Entry Added to the System","5","752"
"Sep 14, 2026 @ 09:22:12.579","Cyber-Window-cilent","Registry Value Entry Added to the System","5","752"
"Sep 14, 2026 @ 09:22:12.563","Cyber-Window-cilent","Registry Value Entry Added to the System","5","752"
"Sep 14, 2026 @ 09:22:12.557","Cyber-Window-cilent","Registry Value Entry Added to the System","5","752"
"Sep 14, 2026 @ 09:22:12.557","Cyber-Window-cilent","Registry Value Entry Added to the System","5","752"
"Sep 14, 2026 @ 09:22:12.515","Cyber-Window-cilent","Registry Value Entry Added to the System","5","752"
"Sep 14, 2026 @ 09:22:12.501","Cyber-Window-cilent","Registry Value Entry Added to the System","5","752"
"Sep 14, 2026 @ 09:22:12.498","Cyber-Window-cilent","Registry Key Entry Added to the System","5","598"
"Sep 14, 2026 @ 09:22:12.498","Cyber-Window-cilent","Registry Value Entry Added to the System","5","752"
"Sep 14, 2026 @ 09:22:12.466","Cyber-Window-cilent","Registry Key Entry Added to the System","5","598"
"Sep 14, 2026 @ 09:22:10.842","Cyber-Window-cilent","Registry Value Entry Added to the System","5","752"
"Sep 14, 2026 @ 09:22:10.832","Cyber-Window-cilent","Registry Value Entry Added to the System","5","752"
"Sep 14, 2026 @ 09:22:10.828","Cyber-Window-cilent","Registry Value Entry Added to the System","5","752"
"Sep 14, 2026 @ 09:22:10.813","Cyber-Window-cilent","Registry Value Entry Added to the System","5","752"
"Sep 14, 2026 @ 09:22:10.796","Cyber-Window-cilent","Registry Value Entry Added to the System","5","752"
"Sep 14, 2026 @ 09:22:10.796","Cyber-Window-cilent","Registry Value Entry Added to the System","5","752"
"Sep 14, 2026 @ 09:22:10.779","Cyber-Window-cilent","Registry Value Entry Added to the System","5","752"
"Sep 14, 2026 @ 09:22:10.778","Cyber-Window-cilent","Registry Key Entry Added to the System","5","598"
"Sep 14, 2026 @ 09:22:10.750","Cyber-Window-cilent","Registry Key Entry Added to the System","5","598"
"Sep 14, 2026 @ 09:22:10.750","Cyber-Window-cilent","Registry Value Entry Added to the System","5","752"
"Sep 14, 2026 @ 09:22:10.747","Cyber-Window-cilent","Registry Value Entry Added to the System","5","752"
"Sep 14, 2026 @ 09:22:10.730","Cyber-Window-cilent","Registry Value Entry Added to the System","5","752"
"Sep 14, 2026 @ 09:22:10.715","Cyber-Window-cilent","Registry Value Entry Added to the System","5","752"
"Sep 14, 2026 @ 09:22:10.699","Cyber-Window-cilent","Registry Value Entry Added to the System","5","752"
"Sep 14, 2026 @ 09:22:10.683","Cyber-Window-cilent","Registry Key Entry Added to the System","5","598"
"Sep 14, 2026 @ 09:22:10.668","Cyber-Window-cilent","Registry Value Entry Added to the System","5","752"
"Sep 14, 2026 @ 09:22:10.651","Cyber-Window-cilent","Registry Value Entry Added to the System","5","752"
"Sep 14, 2026 @ 09:22:10.635","Cyber-Window-cilent","Registry Value Entry Added to the System","5","752"
"Sep 14, 2026 @ 09:22:10.619","Cyber-Window-cilent","Registry Value Entry Added to the System","5","752"
"Sep 14, 2026 @ 09:22:10.604","Cyber-Window-cilent","Registry Value Entry Added to the System","5","752"
"Sep 14, 2026 @ 09:22:10.588","Cyber-Window-cilent","Registry Key Entry Added to the System","5","598"
"Sep 14, 2026 @ 09:22:10.572","Cyber-Window-cilent","Registry Value Entry Added to the System","5","752"
"Sep 14, 2026 @ 09:22:10.556","Cyber-Window-cilent","Registry Value Entry Added to the System","5","752"
"Sep 14, 2026 @ 09:22:10.538","Cyber-Window-cilent","Registry Value Entry Added to the System","5","752"
"Sep 14, 2026 @ 09:22:10.537","Cyber-Window-cilent","Registry Value Entry Added to the System","5","752"
"Sep 14, 2026 @ 09:22:10.529","Cyber-Window-cilent","Registry Value Entry Added to the System","5","752"
"Sep 14, 2026 @ 09:22:10.521","Cyber-Window-cilent","Registry Key Entry Added to the System","5","598"
"Sep 14, 2026 @ 09:22:10.514","Cyber-Window-cilent","Registry Value Entry Added to the System","5","752"
"Sep 14, 2026 @ 09:22:10.513","Cyber-Window-cilent","Registry Value Entry Added to the System","5","752"
"Sep 14, 2026 @ 09:22:10.511","Cyber-Window-cilent","Registry Value Entry Added to the System","5","752"
"Sep 14, 2026 @ 09:22:10.506","Cyber-Window-cilent","Registry Key Entry Added to the System","5","598"
"Sep 14, 2026 @ 09:22:10.499","Cyber-Window-cilent","Registry Value Entry Added to the System","5","752"
"Sep 14, 2026 @ 09:22:10.497","Cyber-Window-cilent","Registry Key Entry Added to the System","5","598"
"Sep 14, 2026 @ 09:22:10.271","Cyber-Window-cilent","Registry Value Entry Added to the System","5","752"
"Sep 14, 2026 @ 09:22:10.271","Cyber-Window-cilent","Registry Value Entry Added to the System","5","752"
"Sep 14, 2026 @ 09:22:10.253","Cyber-Window-cilent","Registry Value Entry Added to the System","5","752"
"Sep 14, 2026 @ 09:22:10.239","Cyber-Window-cilent","Registry Value Entry Added to the System","5","752"
"Sep 14, 2026 @ 09:22:10.222","Cyber-Window-cilent","Registry Value Entry Added to the System","5","752"
"Sep 14, 2026 @ 09:22:10.206","Cyber-Window-cilent","Registry Value Entry Added to the System","5","752"
"Sep 14, 2026 @ 09:22:10.191","Cyber-Window-cilent","Registry Value Entry Added to the System","5","752"
"Sep 14, 2026 @ 09:22:10.175","Cyber-Window-cilent","Registry Key Entry Added to the System","5","598"
"Sep 14, 2026 @ 09:22:10.160","Cyber-Window-cilent","Registry Value Entry Added to the System","5","752"
"Sep 14, 2026 @ 09:22:10.143","Cyber-Window-cilent","Registry Key Entry Added to the System","5","598"
"Sep 14, 2026 @ 09:22:10.139","Cyber-Window-cilent","Registry Value Integrity Checksum Changed","5","750"
"Sep 14, 2026 @ 09:22:10.139","Cyber-Window-cilent","Registry Value Integrity Checksum Changed","5","750"
"Sep 14, 2026 @ 09:22:10.096","Cyber-Window-cilent","Registry Value Integrity Checksum Changed","5","750"
"Sep 14, 2026 @ 09:22:10.081","Cyber-Window-cilent","Registry Value Integrity Checksum Changed","5","750"
"Sep 14, 2026 @ 09:22:10.080","Cyber-Window-cilent","Registry Value Integrity Checksum Changed","5","750"
"Sep 14, 2026 @ 09:22:10.080","Cyber-Window-cilent","Registry Value Integrity Checksum Changed","5","750"
"Sep 14, 2026 @ 09:22:10.065","Cyber-Window-cilent","Registry Value Integrity Checksum Changed","5","750"
"Sep 14, 2026 @ 09:22:09.050","Cyber-Window-cilent","Registry Value Integrity Checksum Changed","5","750"
"Sep 14, 2026 @ 09:22:09.049","Cyber-Window-cilent","Registry Key Integrity Checksum Changed","5","594"
"Sep 14, 2026 @ 09:22:09.035","Cyber-Window-cilent","Registry Value Integrity Checksum Changed","5","750"
"Sep 14, 2026 @ 09:22:09.034","Cyber-Window-cilent","Registry Key Integrity Checksum Changed","5","594"
"Sep 14, 2026 @ 09:22:08.490","Cyber-Window-cilent","Registry Value Entry Added to the System","5","752"
"Sep 14, 2026 @ 09:22:08.473","Cyber-Window-cilent","Registry Value Entry Added to the System","5","752"
"Sep 14, 2026 @ 09:22:08.457","Cyber-Window-cilent","Registry Value Entry Added to the System","5","752"
"Sep 14, 2026 @ 09:22:08.450","Cyber-Window-cilent","Registry Value Entry Added to the System","5","752"
"Sep 14, 2026 @ 09:22:08.450","Cyber-Window-cilent","Registry Value Entry Added to the System","5","752"
"Sep 14, 2026 @ 09:22:08.409","Cyber-Window-cilent","Registry Value Entry Added to the System","5","752"
"Sep 14, 2026 @ 09:22:08.401","Cyber-Window-cilent","Registry Value Entry Added to the System","5","752"
"Sep 14, 2026 @ 09:22:08.399","Cyber-Window-cilent","Registry Key Entry Added to the System","5","598"
"Sep 14, 2026 @ 09:22:08.399","Cyber-Window-cilent","Registry Value Entry Added to the System","5","752"
"Sep 14, 2026 @ 09:22:08.370","Cyber-Window-cilent","Registry Key Entry Added to the System","5","598"
"Sep 14, 2026 @ 09:22:06.814","Cyber-Window-cilent","Registry Value Integrity Checksum Changed","5","750"
"Sep 14, 2026 @ 09:22:06.770","Cyber-Window-cilent","Registry Key Integrity Checksum Changed","5","594"
"Sep 14, 2026 @ 09:22:00.747","Cyber-Window-cilent","Windows Logon Success","3","60106"
"Sep 14, 2026 @ 09:21:41.008","Cyber-Window-cilent","Summary event of the report's signatures.","4","60608"
"Sep 14, 2026 @ 09:21:39.146","Cyber-DC","Windows User Logoff","3","60137"
"Sep 14, 2026 @ 09:21:39.146","Cyber-DC","Windows User Logoff","3","60137"
"Sep 14, 2026 @ 09:21:39.130","Cyber-DC","Windows User Logoff","3","60137"
"Sep 14, 2026 @ 09:21:38.267","Cyber-Window-cilent","Registry Value Integrity Checksum Changed","5","750"
"Sep 14, 2026 @ 09:21:38.226","Cyber-Window-cilent","Registry Key Integrity Checksum Changed","5","594"
"Sep 14, 2026 @ 09:21:22.959","Cyber-Window-cilent","Windows Logon Success","3","60106"
"Sep 14, 2026 @ 09:21:18.884","Cyber-DC","Windows User Logoff","3","60137"
"Sep 14, 2026 @ 09:21:18.306","Cyber-Window-cilent","Software protection service scheduled successfully.","3","60642"
"Sep 14, 2026 @ 09:21:17.224","Cyber-DC","Windows User Logoff","3","60137"
"Sep 14, 2026 @ 09:21:17.223","Cyber-DC","Windows Logon Success","3","60106"
"Sep 14, 2026 @ 09:21:12.147","Cyber-Window-cilent","Windows Logon Success","3","60106"
"Sep 14, 2026 @ 09:21:11.999","Cyber-Window-cilent","Windows Logon Success","3","60106"
"Sep 14, 2026 @ 09:21:06.786","Cyber-Window-cilent","Windows Logon Success","3","60106"
"Sep 14, 2026 @ 09:21:06.772","Cyber-Window-cilent","Windows Logon Success","3","60106"
"Sep 14, 2026 @ 09:21:03.474","Cyber-Window-cilent","Windows Logon Success","3","60106"
"Sep 14, 2026 @ 09:21:01.245","Cyber-DC","Windows User Logoff","3","60137"
"Sep 14, 2026 @ 09:21:00.226","Cyber-DC","Windows User Logoff","3","60137"
"Sep 14, 2026 @ 09:21:00.225","Cyber-DC","Windows User Logoff","3","60137"
"Sep 14, 2026 @ 09:21:00.215","Cyber-DC","Windows User Logoff","3","60137"
"Sep 14, 2026 @ 09:20:58.639","Cyber-Window-cilent","Service startup type was changed","3","61104"
"Sep 14, 2026 @ 09:20:58.547","Cyber-Window-cilent","Service startup type was changed","3","61104"
"Sep 14, 2026 @ 09:20:56.084","Cyber-Window-cilent","Service startup type was changed","3","61104"
"Sep 14, 2026 @ 09:20:51.428","Cyber-Window-cilent","Windows Logon Success","3","60106"
"Sep 14, 2026 @ 09:20:48.481","Cyber-Window-cilent","The Windows search service started.","3","60668"
"Sep 14, 2026 @ 09:20:48.127","Cyber-Window-cilent","Windows Logon Success","3","60106"
"Sep 14, 2026 @ 09:20:43.476","Cyber-Window-cilent","Windows Logon Success","3","60106"
"Sep 14, 2026 @ 09:20:42.293","Cyber-Window-cilent","Windows Logon Success","3","60106"
"Sep 14, 2026 @ 09:20:38.402","Cyber-Window-cilent","Windows Logon Success","3","60106"
"Sep 14, 2026 @ 09:20:37.397","Cyber-Window-cilent","Windows Logon Success","3","60106"
"Sep 14, 2026 @ 09:20:37.026","Cyber-Window-cilent","Windows Logon Success","3","60106"
"Sep 14, 2026 @ 09:20:36.814","Cyber-Window-cilent","Windows Logon Success","3","60106"
"Sep 14, 2026 @ 09:20:36.238","Cyber-Window-cilent","Windows Logon Success","3","60106"
"Sep 14, 2026 @ 09:20:35.984","Cyber-Window-cilent","Non service account logged off.","3","67023"
"Sep 14, 2026 @ 09:20:35.915","Cyber-Window-cilent","Non network or service local logon.","3","67022"
"Sep 14, 2026 @ 09:20:35.764","Cyber-Window-cilent","Non network or service local logon.","3","67022"
"Sep 14, 2026 @ 09:20:35.388","Cyber-DC","Windows User Logoff","3","60137"
"Sep 14, 2026 @ 09:20:35.348","Cyber-DC","Windows User Logoff","3","60137"
"Sep 14, 2026 @ 09:20:34.786","Cyber-Window-cilent","SessionEnv was unavailable to handle a notification event.","5","60775"
"Sep 14, 2026 @ 09:20:34.342","Cyber-Window-cilent","SessionEnv was unavailable to handle a critical notification event.","7","60776"
"Sep 14, 2026 @ 09:20:27.977","Cyber-Window-cilent","Registry Key Integrity Checksum Changed","5","594"
"Sep 14, 2026 @ 09:20:27.828","Cyber-Window-cilent","Registry Key Integrity Checksum Changed","5","594"
"Sep 14, 2026 @ 09:20:27.119","Cyber-Window-cilent","Registry Key Integrity Checksum Changed","5","594"
"Sep 14, 2026 @ 09:20:27.102","Cyber-Window-cilent","Registry Key Integrity Checksum Changed","5","594"
"Sep 14, 2026 @ 09:20:27.087","Cyber-Window-cilent","Registry Key Integrity Checksum Changed","5","594"
"Sep 14, 2026 @ 09:20:27.068","Cyber-Window-cilent","Registry Key Integrity Checksum Changed","5","594"
"Sep 14, 2026 @ 09:20:27.053","Cyber-Window-cilent","Registry Key Integrity Checksum Changed","5","594"
"Sep 14, 2026 @ 09:20:27.036","Cyber-Window-cilent","Registry Key Integrity Checksum Changed","5","594"
"Sep 14, 2026 @ 09:20:27.019","Cyber-Window-cilent","Registry Key Integrity Checksum Changed","5","594"
"Sep 14, 2026 @ 09:20:27.004","Cyber-Window-cilent","Registry Key Integrity Checksum Changed","5","594"
"Sep 14, 2026 @ 09:20:26.999","Cyber-Window-cilent","Registry Key Integrity Checksum Changed","5","594"
"Sep 14, 2026 @ 09:20:26.998","Cyber-Window-cilent","Registry Key Integrity Checksum Changed","5","594"
"Sep 14, 2026 @ 09:20:26.956","Cyber-Window-cilent","Registry Key Integrity Checksum Changed","5","594"
"Sep 14, 2026 @ 09:20:26.943","Cyber-Window-cilent","Registry Key Integrity Checksum Changed","5","594"
"Sep 14, 2026 @ 09:20:26.941","Cyber-Window-cilent","Registry Key Integrity Checksum Changed","5","594"
"Sep 14, 2026 @ 09:20:26.941","Cyber-Window-cilent","Registry Key Integrity Checksum Changed","5","594"
"Sep 14, 2026 @ 09:20:26.916","Cyber-Window-cilent","Registry Key Integrity Checksum Changed","5","594"
"Sep 14, 2026 @ 09:20:25.575","Cyber-Window-cilent","Registry Value Integrity Checksum Changed","5","750"
"Sep 14, 2026 @ 09:20:25.571","Cyber-Window-cilent","Registry Value Integrity Checksum Changed","5","750"
"Sep 14, 2026 @ 09:20:25.571","Cyber-Window-cilent","Registry Value Integrity Checksum Changed","5","750"
"Sep 14, 2026 @ 09:20:25.527","Cyber-Window-cilent","Registry Value Integrity Checksum Changed","5","750"
"Sep 14, 2026 @ 09:20:25.517","Cyber-Window-cilent","Registry Key Integrity Checksum Changed","5","594"
"Sep 14, 2026 @ 09:20:25.513","Cyber-Window-cilent","Registry Value Integrity Checksum Changed","5","750"
"Sep 14, 2026 @ 09:20:25.513","Cyber-Window-cilent","Registry Value Integrity Checksum Changed","5","750"
"Sep 14, 2026 @ 09:20:25.481","Cyber-Window-cilent","Registry Key Integrity Checksum Changed","5","594"
"Sep 14, 2026 @ 09:20:24.257","Cyber-Window-cilent","Software protection service scheduled successfully.","3","60642"
"Sep 14, 2026 @ 09:20:24.049","Cyber-DC","Windows User Logoff","3","60137"
"Sep 14, 2026 @ 09:20:24.047","Cyber-DC","Windows User Logoff","3","60137"
"Sep 14, 2026 @ 09:20:21.673","Cyber-DC","Windows Logon Success","3","60106"
"Sep 14, 2026 @ 09:20:21.670","Cyber-DC","Windows Logon Success","3","60106"
"Sep 14, 2026 @ 09:20:17.229","Cyber-DC","Windows User Logoff","3","60137"
"Sep 14, 2026 @ 09:20:17.228","Cyber-DC","Windows Logon Success","3","60106"
"Sep 14, 2026 @ 09:20:11.695","Cyber-Window-cilent","Registry Key Integrity Checksum Changed","5","594"
"Sep 14, 2026 @ 09:20:11.520","Cyber-Window-cilent","Registry Key Integrity Checksum Changed","5","594"
"Sep 14, 2026 @ 09:19:54.018","Cyber-DC","Windows User Logoff","3","60137"
"Sep 14, 2026 @ 09:19:42.591","Cyber-Window-cilent","Windows Logon Success","3","60106"
"Sep 14, 2026 @ 09:19:42.588","Cyber-Window-cilent","Windows Logon Success","3","60106"
"Sep 14, 2026 @ 09:19:42.585","Cyber-Window-cilent","Windows Logon Success","3","60106"
"Sep 14, 2026 @ 09:19:42.582","Cyber-Window-cilent","Windows Logon Success","3","60106"
"Sep 14, 2026 @ 09:19:38.417","Cyber-DC","Windows User Logoff","3","60137"
"Sep 14, 2026 @ 09:19:38.417","Cyber-DC","Windows User Logoff","3","60137"
"Sep 14, 2026 @ 09:19:38.416","Cyber-DC","Windows User Logoff","3","60137"
"Sep 14, 2026 @ 09:19:38.413","Cyber-DC","Windows User Logoff","3","60137"
"Sep 14, 2026 @ 09:19:36.642","Cyber-Window-cilent","Windows Logon Success","3","60106"
"Sep 14, 2026 @ 09:19:31.346","Cyber-Window-cilent","Windows Logon Success","3","60106"
"Sep 14, 2026 @ 09:19:24.117","Cyber-Window-cilent","Software protection service scheduled successfully.","3","60642"
"Sep 14, 2026 @ 09:19:23.954","Cyber-DC","Windows User Logoff","3","60137"
"Sep 14, 2026 @ 09:19:21.584","Cyber-Window-cilent","Windows Logon Success","3","60106"
"Sep 14, 2026 @ 09:19:21.566","Cyber-Window-cilent","Windows Logon Success","3","60106"
"Sep 14, 2026 @ 09:19:17.185","Cyber-DC","Windows User Logoff","3","60137"
"Sep 14, 2026 @ 09:19:17.182","Cyber-DC","Windows Logon Success","3","60106"
"Sep 14, 2026 @ 09:19:13.349","Cyber-Window-cilent","Windows Audit Policy changed","8","60112"
"Sep 14, 2026 @ 09:19:13.341","Cyber-Window-cilent","Windows Audit Policy changed","8","60112"
"Sep 14, 2026 @ 09:19:13.300","Cyber-Window-cilent","Service startup type was changed","3","61104"
"Sep 14, 2026 @ 09:19:13.292","Cyber-Window-cilent","Windows Audit Policy changed","8","60112"
"Sep 14, 2026 @ 09:19:13.251","Cyber-Window-cilent","Windows Audit Policy changed","8","60112"
"Sep 14, 2026 @ 09:19:12.991","Cyber-Window-cilent","Windows Audit Policy changed","8","60112"
"Sep 14, 2026 @ 09:19:12.942","Cyber-Window-cilent","Windows Audit Policy changed","8","60112"
"Sep 14, 2026 @ 09:19:12.009","Cyber-Window-cilent","Service startup type was changed","3","61104"
"Sep 14, 2026 @ 09:19:00.795","Cyber-DC","Registry Value Integrity Checksum Changed","5","750"
"Sep 14, 2026 @ 09:19:00.794","Cyber-DC","Registry Key Integrity Checksum Changed","5","594"
"Sep 14, 2026 @ 09:18:56.770","Cyber-DC","Registry Key Integrity Checksum Changed","5","594"
"Sep 14, 2026 @ 09:18:54.995","Cyber-DC","Windows User Logoff","3","60137"
"Sep 14, 2026 @ 09:18:52.954","Cyber-Window-cilent","Windows System error event","5","61102"
"Sep 14, 2026 @ 09:18:52.753","Cyber-Window-cilent","Windows User Logoff","3","60137"
"Sep 14, 2026 @ 09:18:52.737","Cyber-Window-cilent","Windows Logon Success","3","60106"
"Sep 14, 2026 @ 09:18:52.544","Cyber-DC","Windows Logon Success","3","60106"
"Sep 14, 2026 @ 09:18:52.535","Cyber-DC","Windows User Logoff","3","60137"
"Sep 14, 2026 @ 09:18:52.525","Cyber-DC","Windows User Logoff","3","60137"
"Sep 14, 2026 @ 09:18:51.029","Cyber-DC","Windows User Logoff","3","60137"
"Sep 14, 2026 @ 09:18:50.442","Cyber-Window-cilent","Windows Logon Success","3","60106"
"Sep 14, 2026 @ 09:18:50.425","Cyber-Window-cilent","Windows Logon Success","3","60106"
"Sep 14, 2026 @ 09:18:50.410","Cyber-Window-cilent","Windows User Logoff","3","60137"
"Sep 14, 2026 @ 09:18:50.409","Cyber-Window-cilent","Windows Logon Success","3","60106"
"Sep 14, 2026 @ 09:18:50.394","Cyber-Window-cilent","Windows User Logoff","3","60137"
"Sep 14, 2026 @ 09:18:50.381","Cyber-Window-cilent","Windows Logon Success","3","60106"
"Sep 14, 2026 @ 09:18:50.332","Cyber-Window-cilent","Windows Logon Success","3","60106"
"Sep 14, 2026 @ 09:18:50.318","Cyber-Window-cilent","Service startup type was changed","3","61104"
"Sep 14, 2026 @ 09:18:49.691","Cyber-DC","Windows User Logoff","3","60137"
"Sep 14, 2026 @ 09:18:49.676","Cyber-DC","Windows User Logoff","3","60137"
"Sep 14, 2026 @ 09:18:44.183","Cyber-DC","Windows User Logoff","3","60137"
"Sep 14, 2026 @ 09:18:44.179","Cyber-Window-cilent","Summary event of the report's signatures.","4","60608"
"Sep 14, 2026 @ 09:18:44.167","Cyber-DC","Windows User Logoff","3","60137"
"Sep 14, 2026 @ 09:18:44.151","Cyber-DC","Windows User Logoff","3","60137"
"Sep 14, 2026 @ 09:18:44.022","Cyber-DC","Windows User Logoff","3","60137"
"Sep 14, 2026 @ 09:18:44.010","Cyber-DC","Windows User Logoff","3","60137"
"Sep 14, 2026 @ 09:18:44.007","Cyber-DC","Windows Logon Success","3","60106"
"Sep 14, 2026 @ 09:18:43.977","Cyber-DC","Windows User Logoff","3","60137"
"Sep 14, 2026 @ 09:18:43.961","Cyber-DC","Windows User Logoff","3","60137"
"Sep 14, 2026 @ 09:18:43.929","Cyber-DC","Windows Logon Success","3","60106"
"Sep 14, 2026 @ 09:18:43.923","Cyber-DC","Windows Logon Success","3","60106"
"Sep 14, 2026 @ 09:18:43.920","Cyber-DC","Windows Logon Success","3","60106"
"Sep 14, 2026 @ 09:18:43.918","Cyber-DC","Windows Logon Success","3","60106"
"Sep 14, 2026 @ 09:18:43.793","Cyber-Window-cilent","Windows Logon Success","3","60106"
"Sep 14, 2026 @ 09:18:42.757","Cyber-Window-cilent","Wazuh agent started.","3","503"
"Sep 14, 2026 @ 09:18:41.465","Cyber-DC","Windows User Logoff","3","60137"
"Sep 14, 2026 @ 09:18:41.418","Cyber-DC","Windows User Logoff","3","60137"
"Sep 14, 2026 @ 09:18:36.991","Cyber-DC","Windows User Logoff","3","60137"
"Sep 14, 2026 @ 09:18:36.990","Cyber-DC","Windows Logon Success","3","60106"
"Sep 14, 2026 @ 09:18:24.851","Cyber-DC","Windows User Logoff","3","60137"
"Sep 14, 2026 @ 09:18:24.834","Cyber-DC","Windows Logon Success","3","60106"
"Sep 14, 2026 @ 09:18:24.829","Cyber-DC","Windows User Logoff","3","60137"
"Sep 14, 2026 @ 09:18:24.827","Cyber-DC","Windows Logon Success","3","60106"
"Sep 14, 2026 @ 09:18:17.141","Cyber-DC","Windows User Logoff","3","60137"
"Sep 14, 2026 @ 09:18:17.139","Cyber-DC","Windows Logon Success","3","60106"
"Sep 14, 2026 @ 09:18:14.345","Cyber-DC","Windows User Logoff","3","60137"
"Sep 14, 2026 @ 09:18:12.296","Cyber-DC","Windows Logon Success","3","60106"
"Sep 14, 2026 @ 09:18:12.290","Cyber-DC","Windows Logon Success","3","60106"
"Sep 14, 2026 @ 09:18:11.376","Cyber-DC","Summary event of the report's signatures.","4","60608"
"Sep 14, 2026 @ 09:18:09.674","Cyber-DC","Windows User Logoff","3","60137"
"Sep 14, 2026 @ 09:18:03.591","Cyber-DC","Windows User Logoff","3","60137"
"Sep 14, 2026 @ 09:17:56.651","Cyber-DC","Windows User Logoff","3","60137"
"Sep 14, 2026 @ 09:17:56.634","Cyber-DC","Windows User Logoff","3","60137"
"Sep 14, 2026 @ 09:17:56.624","Cyber-DC","Windows User Logoff","3","60137"
"Sep 14, 2026 @ 09:17:52.492","Cyber-DC","Windows User Logoff","3","60137"
"Sep 14, 2026 @ 09:17:52.416","Cyber-DC","Windows User Logoff","3","60137"
"Sep 14, 2026 @ 09:17:25.369","Cyber-Window-cilent","System shutdown initiated.","3","67018"
"Sep 14, 2026 @ 09:17:25.155","Cyber-Window-cilent","Software protection service scheduled successfully.","3","60642"
"Sep 14, 2026 @ 09:17:17.084","Cyber-DC","Windows User Logoff","3","60137"
"Sep 14, 2026 @ 09:17:17.083","Cyber-DC","Windows Logon Success","3","60106"
"Sep 14, 2026 @ 09:17:05.706","Cyber-Window-cilent","The CVE-2024-43573 that affected Microsoft Windows 11 Enterprise Evaluation was solved due to an update in the agent or feed.","3","23502"
"Sep 14, 2026 @ 09:17:05.696","Cyber-Window-cilent","The CVE-2024-43572 that affected Microsoft Windows 11 Enterprise Evaluation was solved due to an update in the agent or feed.","3","23502"
"Sep 14, 2026 @ 09:17:03.723","Cyber-Window-cilent","Windows Logon Success","3","60106"
"Sep 14, 2026 @ 09:16:59.626","Cyber-Window-cilent","Windows Logon Success","3","60106"
"Sep 14, 2026 @ 09:16:52.678","Cyber-Window-cilent","Windows Eventlog error event","5","63102"
"Sep 14, 2026 @ 09:16:52.678","Cyber-Window-cilent","Windows Eventlog error event","5","63102"
"Sep 14, 2026 @ 09:16:52.547","Cyber-Window-cilent","Software protection service scheduled successfully.","3","60642"
"Sep 14, 2026 @ 09:16:41.616","Cyber-DC","Windows User Logoff","3","60137"
"Sep 14, 2026 @ 09:16:32.767","Cyber-Window-cilent","Windows Logon Success","3","60106"
"Sep 14, 2026 @ 09:16:32.672","Cyber-Window-cilent","Windows Logon Success","3","60106"
"Sep 14, 2026 @ 09:16:32.662","Cyber-Window-cilent","Windows Logon Success","3","60106"
"Sep 14, 2026 @ 09:16:27.479","Cyber-Window-cilent","Windows User Logoff","3","60137"
"Sep 14, 2026 @ 09:16:27.477","Cyber-Window-cilent","Windows Logon Success","3","60106"
"Sep 14, 2026 @ 09:16:27.463","Cyber-DC","Windows User Logoff","3","60137"
"Sep 14, 2026 @ 09:16:27.462","Cyber-DC","Windows User Logoff","3","60137"
"Sep 14, 2026 @ 09:16:25.019","Cyber-DC","Windows User Logoff","3","60137"
"Sep 14, 2026 @ 09:16:25.003","Cyber-DC","Windows User Logoff","3","60137"
"Sep 14, 2026 @ 09:16:24.922","Cyber-DC","Windows User Logoff","3","60137"
"Sep 14, 2026 @ 09:16:24.922","Cyber-DC","Windows User Logoff","3","60137"
"Sep 14, 2026 @ 09:16:24.057","Cyber-Window-cilent","Windows Logon Success","3","60106"
"Sep 14, 2026 @ 09:16:22.896","Cyber-DC","Windows Logon Success","3","60106"
"Sep 14, 2026 @ 09:16:22.398","Cyber-DC","Summary event of the report's signatures.","4","60608"
"Sep 14, 2026 @ 09:16:21.658","Cyber-Window-cilent","SLUI.exe launched.","3","60643"
"Sep 14, 2026 @ 09:16:20.601","Cyber-Window-cilent","Windows Logon Success","3","60106"
"Sep 14, 2026 @ 09:16:20.095","Cyber-DC","Registry Value Entry Added to the System","5","752"
"Sep 14, 2026 @ 09:16:20.094","Cyber-DC","Registry Key Integrity Checksum Changed","5","594"
"Sep 14, 2026 @ 09:16:19.416","Cyber-Window-cilent","Wazuh agent started.","3","503"
"Sep 14, 2026 @ 09:16:17.265","Cyber-DC","Windows User Logoff","3","60137"
"Sep 14, 2026 @ 09:16:17.263","Cyber-DC","Windows Logon Success","3","60106"
"Sep 14, 2026 @ 09:16:12.648","Cyber-DC","Windows User Logoff","3","60137"
"Sep 14, 2026 @ 09:16:12.631","Cyber-DC","Windows User Logoff","3","60137"
"Sep 14, 2026 @ 09:16:12.586","Cyber-DC","Windows User Logoff","3","60137"
"Sep 14, 2026 @ 09:16:12.584","Cyber-DC","Windows User Logoff","3","60137"
"Sep 14, 2026 @ 09:16:12.568","Cyber-DC","Windows User Logoff","3","60137"
"Sep 14, 2026 @ 09:16:10.775","Cyber-DC","Windows Logon Success","3","60106"
"Sep 14, 2026 @ 09:16:10.115","Cyber-DC","The database engine attached a database.","3","60798"
"Sep 14, 2026 @ 09:16:10.097","Cyber-DC","The database engine has completed recovery steps.","3","60809"
"Sep 14, 2026 @ 09:16:10.057","Cyber-DC","The database engine is replaying log file C:\Winnt\system32\wins\j50.log.","3","60808"
"Sep 14, 2026 @ 09:16:10.028","Cyber-DC","The database engine is replaying log file C:\Winnt\system32\wins\j50.log.","3","60808"
"Sep 14, 2026 @ 09:16:09.923","Cyber-DC","The database engine is initiating recovery steps.","3","60807"
"Sep 14, 2026 @ 09:16:09.922","Cyber-DC","The database engine is starting a new instance.","3","60805"
"Sep 14, 2026 @ 09:16:09.818","Cyber-DC","Windows Logon Success","3","60106"
"Sep 14, 2026 @ 09:16:09.499","Cyber-DC","Windows Logon Success","3","60106"
"Sep 14, 2026 @ 09:16:09.488","Cyber-DC","Windows Logon Success","3","60106"
"Sep 14, 2026 @ 09:15:17.048","Cyber-DC","Windows User Logoff","3","60137"
"Sep 14, 2026 @ 09:15:17.046","Cyber-DC","Windows Logon Success","3","60106"
"Sep 14, 2026 @ 09:15:04.229","Cyber-Window-cilent","Wazuh agent started.","3","503"
"Sep 14, 2026 @ 09:15:00.861","Cyber-DC","Registry Value Entry Deleted.","5","751"
"Sep 14, 2026 @ 09:15:00.848","Cyber-DC","Registry Value Entry Deleted.","5","751"
"Sep 14, 2026 @ 09:15:00.847","Cyber-DC","Registry Value Entry Deleted.","5","751"
"Sep 14, 2026 @ 09:15:00.402","Cyber-DC","Registry Key Integrity Checksum Changed","5","594"
"Sep 14, 2026 @ 09:15:00.078","Cyber-DC","Registry Value Integrity Checksum Changed","5","750"
"Sep 14, 2026 @ 09:15:00.062","Cyber-DC","Registry Value Integrity Checksum Changed","5","750"
"Sep 14, 2026 @ 09:15:00.042","Cyber-DC","Registry Value Integrity Checksum Changed","5","750"
"Sep 14, 2026 @ 09:15:00.027","Cyber-DC","Registry Key Integrity Checksum Changed","5","594"
"Sep 14, 2026 @ 09:15:00.014","Cyber-DC","Registry Value Integrity Checksum Changed","5","750"
"Sep 14, 2026 @ 09:15:00.013","Cyber-DC","Registry Key Integrity Checksum Changed","5","594"
"Sep 14, 2026 @ 09:14:59.969","Cyber-DC","Registry Value Integrity Checksum Changed","5","750"
"Sep 14, 2026 @ 09:14:59.968","Cyber-DC","Registry Value Integrity Checksum Changed","5","750"
"Sep 14, 2026 @ 09:14:59.925","Cyber-DC","Registry Value Integrity Checksum Changed","5","750"
"Sep 14, 2026 @ 09:14:59.911","Cyber-DC","Registry Value Integrity Checksum Changed","5","750"
"Sep 14, 2026 @ 09:14:59.910","Cyber-DC","Registry Key Integrity Checksum Changed","5","594"
"Sep 14, 2026 @ 09:14:59.910","Cyber-DC","Registry Key Integrity Checksum Changed","5","594"
"Sep 14, 2026 @ 09:14:59.895","Cyber-DC","Registry Value Integrity Checksum Changed","5","750"
"Sep 14, 2026 @ 09:14:59.281","Cyber-DC","Registry Value Integrity Checksum Changed","5","750"
"Sep 14, 2026 @ 09:14:59.264","Cyber-DC","Registry Value Integrity Checksum Changed","5","750"
"Sep 14, 2026 @ 09:14:59.249","Cyber-DC","Registry Key Integrity Checksum Changed","5","594"
"Sep 14, 2026 @ 09:14:59.233","Cyber-DC","Registry Value Integrity Checksum Changed","5","750"
"Sep 14, 2026 @ 09:14:59.216","Cyber-DC","Registry Key Integrity Checksum Changed","5","594"
"Sep 14, 2026 @ 09:14:59.202","Cyber-DC","Registry Value Integrity Checksum Changed","5","750"
"Sep 14, 2026 @ 09:14:59.172","Cyber-DC","Registry Value Integrity Checksum Changed","5","750"
"Sep 14, 2026 @ 09:14:59.115","Cyber-DC","Registry Value Integrity Checksum Changed","5","750"
"Sep 14, 2026 @ 09:14:59.109","Cyber-DC","Registry Key Integrity Checksum Changed","5","594"
"Sep 14, 2026 @ 09:14:59.107","Cyber-DC","Registry Value Integrity Checksum Changed","5","750"
"Sep 14, 2026 @ 09:14:59.085","Cyber-DC","Registry Key Integrity Checksum Changed","5","594"
"Sep 14, 2026 @ 09:14:59.083","Cyber-DC","Registry Value Integrity Checksum Changed","5","750"
"Sep 14, 2026 @ 09:14:59.083","Cyber-DC","Registry Key Integrity Checksum Changed","5","594"
"Sep 14, 2026 @ 09:14:59.051","Cyber-DC","Registry Value Integrity Checksum Changed","5","750"
"Sep 14, 2026 @ 09:14:59.035","Cyber-DC","Registry Value Integrity Checksum Changed","5","750"
"Sep 14, 2026 @ 09:14:59.017","Cyber-DC","Registry Key Integrity Checksum Changed","5","594"
"Sep 14, 2026 @ 09:14:59.002","Cyber-DC","Registry Value Integrity Checksum Changed","5","750"
"Sep 14, 2026 @ 09:14:58.974","Cyber-DC","Registry Key Integrity Checksum Changed","5","594"
"Sep 14, 2026 @ 09:14:58.952","Cyber-DC","Registry Value Entry Added to the System","5","752"
"Sep 14, 2026 @ 09:14:58.932","Cyber-DC","Registry Value Entry Added to the System","5","752"
"Sep 14, 2026 @ 09:14:58.916","Cyber-DC","Registry Value Entry Added to the System","5","752"
"Sep 14, 2026 @ 09:14:58.874","Cyber-DC","Registry Value Entry Added to the System","5","752"
"Sep 14, 2026 @ 09:14:58.870","Cyber-DC","Registry Value Entry Added to the System","5","752"
"Sep 14, 2026 @ 09:14:58.855","Cyber-DC","Registry Value Entry Added to the System","5","752"
"Sep 14, 2026 @ 09:14:58.839","Cyber-DC","Registry Key Entry Added to the System","5","598"
"Sep 14, 2026 @ 09:14:58.829","Cyber-DC","Registry Value Entry Added to the System","5","752"
"Sep 14, 2026 @ 09:14:58.829","Cyber-DC","Registry Key Entry Added to the System","5","598"
"Sep 14, 2026 @ 09:14:57.496","Cyber-DC","Registry Value Entry Added to the System","5","752"
"Sep 14, 2026 @ 09:14:57.489","Cyber-DC","Registry Value Entry Added to the System","5","752"
"Sep 14, 2026 @ 09:14:57.487","Cyber-DC","Registry Value Entry Added to the System","5","752"
"Sep 14, 2026 @ 09:14:57.484","Cyber-DC","Registry Key Integrity Checksum Changed","5","594"
"Sep 14, 2026 @ 09:14:57.388","Cyber-DC","Registry Value Integrity Checksum Changed","5","750"
"Sep 14, 2026 @ 09:14:57.384","Cyber-DC","Registry Key Integrity Checksum Changed","5","594"
"Sep 14, 2026 @ 09:14:55.748","Cyber-DC","Registry Value Entry Added to the System","5","752"
"Sep 14, 2026 @ 09:14:55.731","Cyber-DC","Registry Value Entry Added to the System","5","752"
"Sep 14, 2026 @ 09:14:55.715","Cyber-DC","Registry Value Entry Added to the System","5","752"
"Sep 14, 2026 @ 09:14:55.699","Cyber-DC","Registry Value Entry Added to the System","5","752"
"Sep 14, 2026 @ 09:14:55.689","Cyber-DC","Registry Value Entry Added to the System","5","752"
"Sep 14, 2026 @ 09:14:55.684","Cyber-DC","Registry Value Entry Added to the System","5","752"
"Sep 14, 2026 @ 09:14:55.669","Cyber-DC","Registry Value Entry Added to the System","5","752"
"Sep 14, 2026 @ 09:14:55.653","Cyber-DC","Registry Value Entry Added to the System","5","752"
"Sep 14, 2026 @ 09:14:55.638","Cyber-DC","Registry Value Entry Added to the System","5","752"
"Sep 14, 2026 @ 09:14:55.621","Cyber-DC","Registry Value Entry Added to the System","5","752"
"Sep 14, 2026 @ 09:14:55.606","Cyber-DC","Registry Key Entry Added to the System","5","598"
"Sep 14, 2026 @ 09:14:55.595","Cyber-DC","Registry Key Entry Added to the System","5","598"
"Sep 14, 2026 @ 09:14:55.595","Cyber-DC","Registry Value Entry Added to the System","5","752"
"Sep 14, 2026 @ 09:14:55.345","Cyber-DC","Registry Value Entry Added to the System","5","752"
"Sep 14, 2026 @ 09:14:55.327","Cyber-DC","Registry Value Entry Added to the System","5","752"
"Sep 14, 2026 @ 09:14:55.312","Cyber-DC","Registry Value Entry Added to the System","5","752"
"Sep 14, 2026 @ 09:14:55.312","Cyber-DC","Registry Value Entry Added to the System","5","752"
"Sep 14, 2026 @ 09:14:54.394","Cyber-DC","Registry Value Entry Added to the System","5","752"
"Sep 14, 2026 @ 09:14:54.392","Cyber-DC","Registry Value Entry Added to the System","5","752"
"Sep 14, 2026 @ 09:14:54.376","Cyber-DC","Registry Value Entry Added to the System","5","752"
"Sep 14, 2026 @ 09:14:54.361","Cyber-DC","Registry Key Entry Added to the System","5","598"
"Sep 14, 2026 @ 09:14:54.345","Cyber-DC","Registry Value Entry Added to the System","5","752"
"Sep 14, 2026 @ 09:14:54.329","Cyber-DC","Registry Key Entry Added to the System","5","598"
"Sep 14, 2026 @ 09:14:54.313","Cyber-DC","Registry Key Entry Added to the System","5","598"
"Sep 14, 2026 @ 09:14:54.302","Cyber-DC","Registry Value Entry Added to the System","5","752"
"Sep 14, 2026 @ 09:14:54.295","Cyber-DC","Registry Key Entry Added to the System","5","598"
"Sep 14, 2026 @ 09:14:54.295","Cyber-DC","Registry Value Entry Added to the System","5","752"
"Sep 14, 2026 @ 09:14:47.200","Cyber-DC","Windows Logon Success","3","60106"
"Sep 14, 2026 @ 09:14:25.449","Cyber-DC","Windows User Logoff","3","60137"
"Sep 14, 2026 @ 09:14:16.987","Cyber-DC","Windows User Logoff","3","60137"
"Sep 14, 2026 @ 09:14:16.985","Cyber-DC","Windows Logon Success","3","60106"
"Sep 14, 2026 @ 09:14:03.651","Cyber-DC","New Windows Service Created","5","61138"
"Sep 14, 2026 @ 09:14:03.640","Cyber-DC","Windows Logon Success","3","60106"
"Sep 14, 2026 @ 09:14:03.618","Cyber-DC","New Windows Service Created","5","61138"
"Sep 14, 2026 @ 09:14:03.618","Cyber-DC","Service startup type was changed","3","61104"
"Sep 14, 2026 @ 09:14:03.594","Cyber-DC","New Windows Service Created","5","61138"
"Sep 14, 2026 @ 09:13:55.783","Cyber-DC","Windows Logon Success","3","60106"
"Sep 14, 2026 @ 09:13:54.496","Cyber-DC","Windows User Logoff","3","60137"
"Sep 14, 2026 @ 09:13:52.560","Cyber-DC","Windows Logon Success","3","60106"
"Sep 14, 2026 @ 09:13:45.035","Cyber-DC","Registry Key Integrity Checksum Changed","5","594"
"Sep 14, 2026 @ 09:13:43.888","Cyber-DC","Windows User Logoff","3","60137"
"Sep 14, 2026 @ 09:13:43.845","Cyber-DC","Windows User Logoff","3","60137"
"Sep 14, 2026 @ 09:13:43.830","Cyber-DC","Windows Logon Success","3","60106"
"Sep 14, 2026 @ 09:13:43.817","Cyber-DC","Windows User Logoff","3","60137"
"Sep 14, 2026 @ 09:13:43.798","Cyber-DC","Windows User Logoff","3","60137"
"Sep 14, 2026 @ 09:13:43.767","Cyber-DC","Windows Logon Success","3","60106"
"Sep 14, 2026 @ 09:13:43.757","Cyber-DC","Windows Logon Success","3","60106"
"Sep 14, 2026 @ 09:13:43.750","Cyber-DC","Windows Logon Success","3","60106"
"Sep 14, 2026 @ 09:13:41.133","Cyber-DC","Windows Logon Success","3","60106"
"Sep 14, 2026 @ 09:13:37.367","Cyber-DC","Windows User Logoff","3","60137"
"Sep 14, 2026 @ 09:13:37.327","Cyber-DC","Windows Logon Success","3","60106"
"Sep 14, 2026 @ 09:13:35.049","Cyber-DC","Windows Logon Success","3","60106"
"Sep 14, 2026 @ 09:13:30.201","Cyber-DC","Windows User Logoff","3","60137"
"Sep 14, 2026 @ 09:13:30.200","Cyber-DC","Windows Logon Success","3","60106"
"Sep 14, 2026 @ 09:13:27.260","Cyber-DC","Windows Logon Success","3","60106"
"Sep 14, 2026 @ 09:13:24.280","Cyber-DC","Windows User Logoff","3","60137"
"Sep 14, 2026 @ 09:13:24.272","Cyber-DC","Windows Logon Success","3","60106"
"Sep 14, 2026 @ 09:13:24.260","Cyber-DC","Windows User Logoff","3","60137"
"Sep 14, 2026 @ 09:13:24.247","Cyber-DC","Windows Logon Success","3","60106"
"Sep 14, 2026 @ 09:13:24.229","Cyber-DC","Windows Logon Success","3","60106"
"Sep 14, 2026 @ 09:13:16.919","Cyber-DC","Windows User Logoff","3","60137"
"Sep 14, 2026 @ 09:13:16.919","Cyber-DC","Windows Logon Success","3","60106"
"Sep 14, 2026 @ 09:13:11.808","Cyber-DC","Windows User Logoff","3","60137"
"Sep 14, 2026 @ 09:13:01.072","Cyber-DC","Windows Logon Success","3","60106"
"Sep 14, 2026 @ 09:13:01.068","Cyber-DC","Windows Logon Success","3","60106"
"Sep 14, 2026 @ 09:12:41.515","Cyber-Linux-cilent","PAM: Login session opened.","3","5501"
"Sep 14, 2026 @ 09:12:41.457","Cyber-Linux-cilent","PAM: Login session opened.","3","5501"
"Sep 14, 2026 @ 09:12:30.618","Cyber-DC","Registry Value Integrity Checksum Changed","5","750"
"Sep 14, 2026 @ 09:12:30.617","Cyber-DC","Registry Key Integrity Checksum Changed","5","594"
"Sep 14, 2026 @ 09:12:16.871","Cyber-DC","Windows User Logoff","3","60137"
"Sep 14, 2026 @ 09:12:16.870","Cyber-DC","Windows Logon Success","3","60106"
"Sep 14, 2026 @ 09:11:39.859","Cyber-DC","Service startup type was changed","3","61104"
"Sep 14, 2026 @ 09:11:35.482","Cyber-Linux-cilent","Apparmor DENIED","3","52002"
"Sep 14, 2026 @ 09:11:35.467","Cyber-Linux-cilent","Apparmor DENIED","3","52002"
"Sep 14, 2026 @ 09:11:33.579","Cyber-Linux-cilent","PAM: Login session opened.","3","5501"
"Sep 14, 2026 @ 09:11:33.493","Cyber-Linux-cilent","Systemd: Service exited due to a failure.","5","40704"
"Sep 14, 2026 @ 09:11:33.374","Cyber-Linux-cilent","PAM: Login session opened.","3","5501"
"Sep 14, 2026 @ 09:11:23.686","Cyber-DC","Registry Key Integrity Checksum Changed","5","594"
"Sep 14, 2026 @ 09:11:19.187","Cyber-Linux-cilent","Wazuh agent started.","3","503"
"Sep 14, 2026 @ 09:11:16.843","Cyber-DC","Windows User Logoff","3","60137"
"Sep 14, 2026 @ 09:11:16.842","Cyber-DC","Windows Logon Success","3","60106"
"Sep 14, 2026 @ 09:11:12.026","Cyber-DC","Windows Logon Success","3","60106"
"Sep 14, 2026 @ 09:10:47.649","Cyber-DC","Windows Logon Success","3","60106"
"Sep 14, 2026 @ 09:10:30.913","Cyber-DC","Windows User Logoff","3","60137"
"Sep 14, 2026 @ 09:10:20.092","Cyber-DC","Windows Logon Success","3","60106"
"Sep 14, 2026 @ 09:10:16.797","Cyber-DC","Windows Logon Success","3","60106"
"Sep 14, 2026 @ 09:10:16.797","Cyber-DC","Windows User Logoff","3","60137"
"Sep 14, 2026 @ 09:10:04.307","Cyber-DC","Registry Key Integrity Checksum Changed","5","594"
"Sep 14, 2026 @ 09:10:04.261","Cyber-DC","Registry Key Entry Added to the System","5","598"
"Sep 14, 2026 @ 09:09:59.641","Cyber-DC","Registry Value Integrity Checksum Changed","5","750"
"Sep 14, 2026 @ 09:09:59.627","Cyber-DC","Registry Key Integrity Checksum Changed","5","594"
"Sep 14, 2026 @ 09:09:59.623","Cyber-DC","Registry Value Integrity Checksum Changed","5","750"
"Sep 14, 2026 @ 09:09:59.622","Cyber-DC","Registry Key Integrity Checksum Changed","5","594"
"Sep 14, 2026 @ 09:09:58.475","Cyber-DC","Registry Value Integrity Checksum Changed","5","750"
"Sep 14, 2026 @ 09:09:58.433","Cyber-DC","Registry Key Integrity Checksum Changed","5","594"
"Sep 14, 2026 @ 09:09:53.252","Cyber-DC","Windows User Logoff","3","60137"
"Sep 14, 2026 @ 09:09:53.210","Cyber-DC","Windows User Logoff","3","60137"
"Sep 14, 2026 @ 09:09:46.881","Cyber-DC","Windows Logon Success","3","60106"
"Sep 14, 2026 @ 09:09:39.702","Cyber-DC","Windows Logon Success","3","60106"
"Sep 14, 2026 @ 09:09:39.698","Cyber-DC","Windows Logon Success","3","60106"
"Sep 14, 2026 @ 09:09:16.759","Cyber-DC","Windows User Logoff","3","60137"
"Sep 14, 2026 @ 09:09:16.758","Cyber-DC","Windows Logon Success","3","60106"
"Sep 14, 2026 @ 09:09:14.088","Cyber-DC","Windows Logon Success","3","60106"
"Sep 14, 2026 @ 09:09:14.061","Cyber-DC","Windows Logon Success","3","60106"
"Sep 14, 2026 @ 09:09:14.041","Cyber-DC","Windows Logon Success","3","60106"
"Sep 14, 2026 @ 09:09:14.012","Cyber-DC","Windows Logon Success","3","60106"
"Sep 14, 2026 @ 09:09:13.964","Cyber-DC","Windows Logon Success","3","60106"
"Sep 14, 2026 @ 09:09:13.939","Cyber-DC","Windows Logon Success","3","60106"
"Sep 14, 2026 @ 09:09:13.905","Cyber-DC","Windows Logon Success","3","60106"
"Sep 14, 2026 @ 09:09:13.859","Cyber-DC","Windows User Logoff","3","60137"
"Sep 14, 2026 @ 09:09:13.844","Cyber-DC","Windows Logon Success","3","60106"
"Sep 14, 2026 @ 09:09:13.814","Cyber-DC","Windows Logon Success","3","60106"
"Sep 14, 2026 @ 09:09:13.760","Cyber-DC","Windows Logon Success","3","60106"
"Sep 14, 2026 @ 09:09:13.731","Cyber-DC","Windows Logon Success","3","60106"
"Sep 14, 2026 @ 09:09:13.604","Cyber-DC","Service startup type was changed","3","61104"
"Sep 14, 2026 @ 09:09:03.857","Cyber-DC","Summary event of the report's signatures.","4","60608"
"Sep 14, 2026 @ 09:09:03.836","Cyber-DC","Summary event of the report's signatures.","4","60608"
"Sep 14, 2026 @ 09:09:02.193","Cyber-DC","Registry Key Integrity Checksum Changed","5","594"
"Sep 14, 2026 @ 09:09:02.155","Cyber-DC","Registry Key Entry Added to the System","5","598"
"Sep 14, 2026 @ 09:09:00.921","Cyber-DC","Windows Logon Success","3","60106"
"Sep 14, 2026 @ 09:08:56.438","Cyber-DC","Registry Key Integrity Checksum Changed","5","594"
"Sep 14, 2026 @ 09:08:55.615","Cyber-DC","Registry Key Integrity Checksum Changed","5","594"
"Sep 14, 2026 @ 09:08:55.615","Cyber-DC","Registry Value Integrity Checksum Changed","5","750"
"Sep 14, 2026 @ 09:08:54.235","Cyber-DC","Windows User Logoff","3","60137"
"Sep 14, 2026 @ 09:08:51.455","Cyber-DC","Windows Logon Success","3","60106"
"Sep 14, 2026 @ 09:08:43.668","Cyber-DC","Windows User Logoff","3","60137"
"Sep 14, 2026 @ 09:08:43.624","Cyber-DC","Windows User Logoff","3","60137"
"Sep 14, 2026 @ 09:08:43.609","Cyber-DC","Windows Logon Success","3","60106"
"Sep 14, 2026 @ 09:08:43.592","Cyber-DC","Windows User Logoff","3","60137"
"Sep 14, 2026 @ 09:08:43.577","Cyber-DC","Windows User Logoff","3","60137"
"Sep 14, 2026 @ 09:08:43.514","Cyber-DC","Windows Logon Success","3","60106"
"Sep 14, 2026 @ 09:08:43.491","Cyber-DC","Windows Logon Success","3","60106"
"Sep 14, 2026 @ 09:08:43.486","Cyber-DC","Windows Logon Success","3","60106"
"Sep 14, 2026 @ 09:08:23.587","Cyber-DC","Windows User Logoff","3","60137"
"Sep 14, 2026 @ 09:08:23.534","Cyber-DC","Windows User Logoff","3","60137"
"Sep 14, 2026 @ 09:08:23.521","Cyber-DC","Windows Logon Success","3","60106"
"Sep 14, 2026 @ 09:08:23.487","Cyber-DC","Windows Logon Success","3","60106"
"Sep 14, 2026 @ 09:08:23.456","Cyber-DC","Windows Logon Success","3","60106"
"Sep 14, 2026 @ 09:08:23.422","Cyber-DC","Windows User Logoff","3","60137"
"Sep 14, 2026 @ 09:08:23.409","Cyber-DC","Windows Logon Success","3","60106"
"Sep 14, 2026 @ 09:08:23.390","Cyber-DC","Windows User Logoff","3","60137"
"Sep 14, 2026 @ 09:08:23.375","Cyber-DC","Windows Logon Success","3","60106"
"Sep 14, 2026 @ 09:08:23.343","Cyber-DC","Windows User Logoff","3","60137"
"Sep 14, 2026 @ 09:08:23.327","Cyber-DC","Windows Logon Success","3","60106"
"Sep 14, 2026 @ 09:08:23.263","Cyber-DC","Windows User Logoff","3","60137"
"Sep 14, 2026 @ 09:08:23.250","Cyber-DC","Windows Logon Success","3","60106"
"Sep 14, 2026 @ 09:08:23.216","Cyber-DC","Windows Logon Success","3","60106"
"Sep 14, 2026 @ 09:08:23.186","Cyber-DC","Windows Logon Success","3","60106"
"Sep 14, 2026 @ 09:08:23.153","Cyber-DC","Windows Logon Success","3","60106"
"Sep 14, 2026 @ 09:08:23.147","Cyber-DC","Windows Logon Success","3","60106"
"Sep 14, 2026 @ 09:08:22.588","Cyber-DC","The database engine attached a database.","3","60798"
"Sep 14, 2026 @ 09:08:22.471","Cyber-DC","The database engine has completed recovery steps.","3","60809"
"Sep 14, 2026 @ 09:08:22.422","Cyber-DC","The database engine is replaying log file C:\Winnt\system32\wins\j50.log.","3","60808"
"Sep 14, 2026 @ 09:08:22.366","Cyber-DC","The database engine is initiating recovery steps.","3","60807"
"Sep 14, 2026 @ 09:08:22.366","Cyber-DC","The database engine is starting a new instance.","3","60805"
"Sep 14, 2026 @ 09:08:17.073","Cyber-DC","Windows Logon Success","3","60106"
"Sep 14, 2026 @ 09:08:17.064","Cyber-DC","Windows Logon Success","3","60106"
"Sep 14, 2026 @ 09:08:16.074","Cyber-DC","Summary event of the report's signatures.","4","60608"
"Sep 14, 2026 @ 09:08:15.942","Cyber-DC","Windows User Logoff","3","60137"
"Sep 14, 2026 @ 09:08:15.926","Cyber-DC","Windows Logon Success","3","60106"
"Sep 14, 2026 @ 09:08:15.897","Cyber-DC","Windows Logon Success","3","60106"
"Sep 14, 2026 @ 09:08:15.891","Cyber-DC","Windows Logon Success","3","60106"
"Sep 14, 2026 @ 09:08:15.887","Cyber-DC","Windows Logon Success","3","60106"
"Sep 14, 2026 @ 09:08:15.884","Cyber-DC","Windows Logon Success","3","60106"
"Sep 14, 2026 @ 09:07:30.842","Cyber-DC","Windows User Logoff","3","60137"
"Sep 14, 2026 @ 09:07:16.676","Cyber-DC","Windows User Logoff","3","60137"
"Sep 14, 2026 @ 09:07:16.671","Cyber-DC","Windows Logon Success","3","60106"
"Sep 14, 2026 @ 09:06:23.320","Cyber-DC","Windows User Logoff","3","60137"
"Sep 14, 2026 @ 09:06:23.320","Cyber-DC","Windows User Logoff","3","60137"
"Sep 14, 2026 @ 09:06:23.304","Cyber-DC","Windows User Logoff","3","60137"
"Sep 14, 2026 @ 09:06:23.231","Cyber-DC","Windows Logon Success","3","60106"
"Sep 14, 2026 @ 09:06:22.969","Cyber-DC","Summary event of the report's signatures.","4","60608"
"Sep 14, 2026 @ 09:06:18.158","Cyber-DC","Registry Key Integrity Checksum Changed","5","594"
"Sep 14, 2026 @ 09:06:18.154","Cyber-DC","Registry Value Entry Added to the System","5","752"
"Sep 14, 2026 @ 09:06:18.154","Cyber-DC","Registry Key Entry Added to the System","5","598"
"Sep 14, 2026 @ 09:06:18.145","Cyber-DC","Registry Key Entry Added to the System","5","598"
"Sep 14, 2026 @ 09:06:18.005","Cyber-DC","Registry Key Integrity Checksum Changed","5","594"
"Sep 14, 2026 @ 09:06:17.959","Cyber-DC","Registry Value Entry Added to the System","5","752"
"Sep 14, 2026 @ 09:06:17.959","Cyber-DC","Registry Value Entry Added to the System","5","752"
"Sep 14, 2026 @ 09:06:17.919","Cyber-DC","Registry Value Entry Added to the System","5","752"
"Sep 14, 2026 @ 09:06:17.907","Cyber-DC","Registry Value Entry Added to the System","5","752"
"Sep 14, 2026 @ 09:06:16.939","Cyber-DC","Registry Value Entry Added to the System","5","752"
"Sep 14, 2026 @ 09:06:16.896","Cyber-DC","Registry Value Entry Added to the System","5","752"
"Sep 14, 2026 @ 09:06:16.886","Cyber-DC","Registry Value Entry Added to the System","5","752"
"Sep 14, 2026 @ 09:06:16.882","Cyber-DC","Registry Key Entry Added to the System","5","598"
"Sep 14, 2026 @ 09:06:16.882","Cyber-DC","Registry Value Entry Added to the System","5","752"
"Sep 14, 2026 @ 09:06:16.864","Cyber-DC","Registry Key Entry Added to the System","5","598"
"Sep 14, 2026 @ 09:06:16.639","Cyber-DC","Windows User Logoff","3","60137"
"Sep 14, 2026 @ 09:06:16.638","Cyber-DC","Windows Logon Success","3","60106"
"Sep 14, 2026 @ 09:06:16.274","Cyber-DC","Registry Value Entry Added to the System","5","752"
"Sep 14, 2026 @ 09:06:16.259","Cyber-DC","Registry Value Entry Added to the System","5","752"
"Sep 14, 2026 @ 09:06:16.248","Cyber-DC","Registry Value Entry Added to the System","5","752"
"Sep 14, 2026 @ 09:06:16.248","Cyber-DC","Registry Value Entry Added to the System","5","752"
"Sep 14, 2026 @ 09:06:16.207","Cyber-DC","Registry Value Entry Added to the System","5","752"
"Sep 14, 2026 @ 09:06:16.193","Cyber-DC","Registry Key Entry Added to the System","5","598"
"Sep 14, 2026 @ 09:06:16.193","Cyber-DC","Registry Value Entry Added to the System","5","752"
"Sep 14, 2026 @ 09:06:16.193","Cyber-DC","Registry Value Entry Added to the System","5","752"
"Sep 14, 2026 @ 09:06:16.161","Cyber-DC","Registry Value Entry Added to the System","5","752"
"Sep 14, 2026 @ 09:06:16.140","Cyber-DC","Registry Key Entry Added to the System","5","598"
"Sep 14, 2026 @ 09:06:16.138","Cyber-DC","Registry Value Entry Added to the System","5","752"
"Sep 14, 2026 @ 09:06:16.119","Cyber-DC","Registry Value Entry Added to the System","5","752"
"Sep 14, 2026 @ 09:06:16.103","Cyber-DC","Registry Value Entry Added to the System","5","752"
"Sep 14, 2026 @ 09:06:16.101","Cyber-DC","Registry Value Entry Added to the System","5","752"
"Sep 14, 2026 @ 09:06:16.101","Cyber-DC","Registry Value Entry Added to the System","5","752"
"Sep 14, 2026 @ 09:06:16.054","Cyber-DC","Registry Value Entry Added to the System","5","752"
"Sep 14, 2026 @ 09:06:16.041","Cyber-DC","Registry Value Entry Added to the System","5","752"
"Sep 14, 2026 @ 09:06:16.038","Cyber-DC","Registry Key Entry Added to the System","5","598"
"Sep 14, 2026 @ 09:06:16.037","Cyber-DC","Registry Value Entry Added to the System","5","752"
"Sep 14, 2026 @ 09:06:15.989","Cyber-DC","Registry Key Entry Added to the System","5","598"
"Sep 14, 2026 @ 09:06:15.955","Cyber-DC","Registry Value Entry Added to the System","5","752"
"Sep 14, 2026 @ 09:06:15.943","Cyber-DC","Registry Value Entry Added to the System","5","752"
"Sep 14, 2026 @ 09:06:15.943","Cyber-DC","Registry Value Entry Added to the System","5","752"
"Sep 14, 2026 @ 09:06:15.937","Cyber-DC","Registry Value Entry Added to the System","5","752"
"Sep 14, 2026 @ 09:06:15.937","Cyber-DC","Registry Value Entry Added to the System","5","752"
"Sep 14, 2026 @ 09:06:15.894","Cyber-DC","Registry Value Entry Added to the System","5","752"
"Sep 14, 2026 @ 09:06:15.885","Cyber-DC","Registry Value Entry Added to the System","5","752"
"Sep 14, 2026 @ 09:06:15.880","Cyber-DC","Registry Key Entry Added to the System","5","598"
"Sep 14, 2026 @ 09:06:15.880","Cyber-DC","Registry Value Entry Added to the System","5","752"
"Sep 14, 2026 @ 09:06:15.862","Cyber-DC","Registry Key Entry Added to the System","5","598"
"Sep 14, 2026 @ 09:06:15.052","Cyber-DC","Registry Key Integrity Checksum Changed","5","594"
"Sep 14, 2026 @ 09:06:15.006","Cyber-DC","Registry Key Integrity Checksum Changed","5","594"
"Sep 14, 2026 @ 09:06:14.733","Cyber-DC","Registry Value Entry Added to the System","5","752"
"Sep 14, 2026 @ 09:06:14.713","Cyber-DC","Registry Value Entry Added to the System","5","752"
"Sep 14, 2026 @ 09:06:14.711","Cyber-DC","Registry Value Entry Added to the System","5","752"
"Sep 14, 2026 @ 09:06:14.698","Cyber-DC","Registry Value Entry Added to the System","5","752"
"Sep 14, 2026 @ 09:06:14.681","Cyber-DC","Registry Value Entry Added to the System","5","752"
"Sep 14, 2026 @ 09:06:14.677","Cyber-DC","Registry Value Entry Added to the System","5","752"
"Sep 14, 2026 @ 09:06:14.676","Cyber-DC","Registry Value Entry Added to the System","5","752"
"Sep 14, 2026 @ 09:06:14.634","Cyber-DC","Registry Key Entry Added to the System","5","598"
"Sep 14, 2026 @ 09:06:14.629","Cyber-DC","Registry Value Entry Added to the System","5","752"
"Sep 14, 2026 @ 09:06:14.629","Cyber-DC","Registry Key Entry Added to the System","5","598"
"Sep 14, 2026 @ 09:06:14.626","Cyber-DC","Registry Value Entry Added to the System","5","752"
"Sep 14, 2026 @ 09:06:14.613","Cyber-DC","Registry Value Entry Added to the System","5","752"
"Sep 14, 2026 @ 09:06:13.988","Cyber-DC","Registry Value Entry Added to the System","5","752"
"Sep 14, 2026 @ 09:06:13.972","Cyber-DC","Registry Value Entry Added to the System","5","752"
"Sep 14, 2026 @ 09:06:13.965","Cyber-DC","Registry Key Entry Added to the System","5","598"
"Sep 14, 2026 @ 09:06:13.965","Cyber-DC","Registry Value Entry Added to the System","5","752"
"Sep 14, 2026 @ 09:06:13.924","Cyber-DC","Registry Key Entry Added to the System","5","598"
"Sep 14, 2026 @ 09:06:13.910","Cyber-DC","Registry Value Entry Added to the System","5","752"
"Sep 14, 2026 @ 09:06:13.900","Cyber-DC","Registry Value Entry Added to the System","5","752"
"Sep 14, 2026 @ 09:06:13.889","Cyber-DC","Registry Value Entry Added to the System","5","752"
"Sep 14, 2026 @ 09:06:13.888","Cyber-DC","Registry Value Entry Added to the System","5","752"
"Sep 14, 2026 @ 09:06:13.887","Cyber-DC","Registry Value Entry Added to the System","5","752"
"Sep 14, 2026 @ 09:06:13.847","Cyber-DC","Registry Value Entry Added to the System","5","752"
"Sep 14, 2026 @ 09:06:13.831","Cyber-DC","Registry Value Entry Added to the System","5","752"
"Sep 14, 2026 @ 09:06:13.831","Cyber-DC","Registry Value Entry Added to the System","5","752"
"Sep 14, 2026 @ 09:06:13.830","Cyber-DC","Registry Key Entry Added to the System","5","598"
"Sep 14, 2026 @ 09:06:13.801","Cyber-DC","Registry Key Entry Added to the System","5","598"
"Sep 14, 2026 @ 09:06:13.792","Cyber-DC","Registry Value Entry Added to the System","5","752"
"Sep 14, 2026 @ 09:06:13.786","Cyber-DC","Registry Value Entry Added to the System","5","752"
"Sep 14, 2026 @ 09:06:13.772","Cyber-DC","Registry Value Entry Added to the System","5","752"
"Sep 14, 2026 @ 09:06:13.772","Cyber-DC","Registry Value Entry Added to the System","5","752"
"Sep 14, 2026 @ 09:06:13.755","Cyber-DC","Registry Value Entry Added to the System","5","752"
"Sep 14, 2026 @ 09:06:13.742","Cyber-DC","Registry Value Entry Added to the System","5","752"
"Sep 14, 2026 @ 09:06:13.723","Cyber-DC","Registry Value Entry Added to the System","5","752"
"Sep 14, 2026 @ 09:06:13.709","Cyber-DC","Registry Key Entry Added to the System","5","598"
"Sep 14, 2026 @ 09:06:13.695","Cyber-DC","Registry Key Entry Added to the System","5","598"
"Sep 14, 2026 @ 09:06:13.691","Cyber-DC","Registry Value Entry Added to the System","5","752"
"Sep 14, 2026 @ 09:06:13.685","Cyber-DC","Registry Value Entry Added to the System","5","752"
"Sep 14, 2026 @ 09:06:13.685","Cyber-DC","Registry Value Entry Added to the System","5","752"
"Sep 14, 2026 @ 09:06:13.650","Cyber-DC","Registry Value Entry Added to the System","5","752"
"Sep 14, 2026 @ 09:06:13.630","Cyber-DC","Registry Value Entry Added to the System","5","752"
"Sep 14, 2026 @ 09:06:13.629","Cyber-DC","Registry Value Entry Added to the System","5","752"
"Sep 14, 2026 @ 09:06:13.629","Cyber-DC","Registry Key Entry Added to the System","5","598"
"Sep 14, 2026 @ 09:06:13.601","Cyber-DC","Registry Key Entry Added to the System","5","598"
"Sep 14, 2026 @ 09:06:13.584","Cyber-DC","Registry Value Entry Added to the System","5","752"
"Sep 14, 2026 @ 09:06:13.577","Cyber-DC","Registry Value Entry Added to the System","5","752"
"Sep 14, 2026 @ 09:06:13.577","Cyber-DC","Registry Value Entry Added to the System","5","752"
"Sep 14, 2026 @ 09:06:13.576","Cyber-DC","Registry Value Entry Added to the System","5","752"
"Sep 14, 2026 @ 09:06:13.533","Cyber-DC","Registry Value Entry Added to the System","5","752"
"Sep 14, 2026 @ 09:06:13.523","Cyber-DC","Registry Value Entry Added to the System","5","752"
"Sep 14, 2026 @ 09:06:13.518","Cyber-DC","Registry Key Entry Added to the System","5","598"
"Sep 14, 2026 @ 09:06:13.518","Cyber-DC","Registry Value Entry Added to the System","5","752"
"Sep 14, 2026 @ 09:06:13.486","Cyber-DC","Registry Value Entry Added to the System","5","752"
"Sep 14, 2026 @ 09:06:13.476","Cyber-DC","Registry Key Entry Added to the System","5","598"
"Sep 14, 2026 @ 09:06:13.474","Cyber-DC","Registry Value Entry Added to the System","5","752"
"Sep 14, 2026 @ 09:06:13.474","Cyber-DC","Registry Value Entry Added to the System","5","752"
"Sep 14, 2026 @ 09:06:13.440","Cyber-DC","Registry Value Entry Added to the System","5","752"
"Sep 14, 2026 @ 09:06:13.429","Cyber-DC","Registry Value Entry Added to the System","5","752"
"Sep 14, 2026 @ 09:06:13.429","Cyber-DC","Registry Value Entry Added to the System","5","752"
"Sep 14, 2026 @ 09:06:13.429","Cyber-DC","Registry Value Entry Added to the System","5","752"
"Sep 14, 2026 @ 09:06:13.429","Cyber-DC","Registry Value Entry Added to the System","5","752"
"Sep 14, 2026 @ 09:06:13.396","Cyber-DC","Registry Key Entry Added to the System","5","598"
"Sep 14, 2026 @ 09:06:12.433","Cyber-DC","Registry Value Entry Added to the System","5","752"
"Sep 14, 2026 @ 09:06:12.391","Cyber-DC","Registry Key Entry Added to the System","5","598"
"Sep 14, 2026 @ 09:06:10.585","Cyber-DC","Registry Value Entry Added to the System","5","752"
"Sep 14, 2026 @ 09:06:10.570","Cyber-DC","Registry Value Entry Added to the System","5","752"
"Sep 14, 2026 @ 09:06:10.554","Cyber-DC","Registry Value Entry Added to the System","5","752"
"Sep 14, 2026 @ 09:06:10.538","Cyber-DC","Registry Value Entry Added to the System","5","752"
"Sep 14, 2026 @ 09:06:10.528","Cyber-DC","Registry Value Entry Added to the System","5","752"
"Sep 14, 2026 @ 09:06:10.524","Cyber-DC","Registry Value Entry Added to the System","5","752"
"Sep 14, 2026 @ 09:06:10.508","Cyber-DC","Registry Value Entry Added to the System","5","752"
"Sep 14, 2026 @ 09:06:10.506","Cyber-DC","Registry Key Entry Added to the System","5","598"
"Sep 14, 2026 @ 09:06:10.491","Cyber-DC","Registry Value Entry Added to the System","5","752"
"Sep 14, 2026 @ 09:06:10.476","Cyber-DC","Registry Key Entry Added to the System","5","598"
"Sep 14, 2026 @ 09:06:10.462","Cyber-DC","Registry Value Entry Added to the System","5","752"
"Sep 14, 2026 @ 09:06:10.445","Cyber-DC","Registry Value Entry Added to the System","5","752"
"Sep 14, 2026 @ 09:06:10.443","Cyber-DC","Registry Value Entry Added to the System","5","752"
"Sep 14, 2026 @ 09:06:10.427","Cyber-DC","Registry Value Entry Added to the System","5","752"
"Sep 14, 2026 @ 09:06:10.416","Cyber-DC","Registry Value Entry Added to the System","5","752"
"Sep 14, 2026 @ 09:06:10.411","Cyber-DC","Registry Value Entry Added to the System","5","752"
"Sep 14, 2026 @ 09:06:10.394","Cyber-DC","Registry Value Entry Added to the System","5","752"
"Sep 14, 2026 @ 09:06:10.380","Cyber-DC","Registry Key Entry Added to the System","5","598"
"Sep 14, 2026 @ 09:06:10.359","Cyber-DC","Registry Value Entry Added to the System","5","752"
"Sep 14, 2026 @ 09:06:10.347","Cyber-DC","Registry Key Entry Added to the System","5","598"
"Sep 14, 2026 @ 09:06:10.344","Cyber-DC","Registry Value Entry Added to the System","5","752"
"Sep 14, 2026 @ 09:06:10.331","Cyber-DC","Registry Value Entry Added to the System","5","752"
"Sep 14, 2026 @ 09:06:10.314","Cyber-DC","Registry Value Entry Added to the System","5","752"
"Sep 14, 2026 @ 09:06:10.303","Cyber-DC","Registry Value Entry Added to the System","5","752"
"Sep 14, 2026 @ 09:06:10.303","Cyber-DC","Registry Value Entry Added to the System","5","752"
"Sep 14, 2026 @ 09:06:10.285","Cyber-DC","Registry Value Entry Added to the System","5","752"
"Sep 14, 2026 @ 09:06:10.265","Cyber-DC","Registry Value Entry Added to the System","5","752"
"Sep 14, 2026 @ 09:06:10.246","Cyber-DC","Registry Key Entry Added to the System","5","598"
"Sep 14, 2026 @ 09:06:10.227","Cyber-DC","Registry Value Entry Added to the System","5","752"
"Sep 14, 2026 @ 09:06:10.212","Cyber-DC","Registry Key Entry Added to the System","5","598"
"Sep 14, 2026 @ 09:06:10.197","Cyber-DC","Registry Value Entry Added to the System","5","752"
"Sep 14, 2026 @ 09:06:10.185","Cyber-DC","Registry Value Entry Added to the System","5","752"
"Sep 14, 2026 @ 09:06:10.185","Cyber-DC","Registry Value Entry Added to the System","5","752"
"Sep 14, 2026 @ 09:06:10.166","Cyber-DC","Registry Value Entry Added to the System","5","752"
"Sep 14, 2026 @ 09:06:10.148","Cyber-DC","Registry Value Entry Added to the System","5","752"
"Sep 14, 2026 @ 09:06:10.130","Cyber-DC","Registry Value Entry Added to the System","5","752"
"Sep 14, 2026 @ 09:06:10.127","Cyber-DC","Registry Value Entry Added to the System","5","752"
"Sep 14, 2026 @ 09:06:10.121","Cyber-DC","Registry Key Entry Added to the System","5","598"
"Sep 14, 2026 @ 09:06:10.121","Cyber-DC","Registry Value Entry Added to the System","5","752"
"Sep 14, 2026 @ 09:06:10.072","Cyber-DC","Registry Key Entry Added to the System","5","598"
"Sep 14, 2026 @ 09:06:10.052","Cyber-DC","Registry Value Entry Added to the System","5","752"
"Sep 14, 2026 @ 09:06:10.044","Cyber-DC","Registry Value Entry Added to the System","5","752"
"Sep 14, 2026 @ 09:06:10.044","Cyber-DC","Registry Value Entry Added to the System","5","752"
"Sep 14, 2026 @ 09:06:10.044","Cyber-DC","Registry Value Entry Added to the System","5","752"
"Sep 14, 2026 @ 09:06:10.003","Cyber-DC","Registry Value Entry Added to the System","5","752"
"Sep 14, 2026 @ 09:06:09.995","Cyber-DC","Registry Value Entry Added to the System","5","752"
"Sep 14, 2026 @ 09:06:09.988","Cyber-DC","Registry Key Entry Added to the System","5","598"
"Sep 14, 2026 @ 09:06:09.988","Cyber-DC","Registry Value Entry Added to the System","5","752"
"Sep 14, 2026 @ 09:06:09.471","Cyber-DC","Registry Value Entry Added to the System","5","752"
"Sep 14, 2026 @ 09:06:09.469","Cyber-DC","Registry Key Entry Added to the System","5","598"
"Sep 14, 2026 @ 09:06:09.454","Cyber-DC","Registry Value Entry Added to the System","5","752"
"Sep 14, 2026 @ 09:06:09.438","Cyber-DC","Registry Value Entry Added to the System","5","752"
"Sep 14, 2026 @ 09:06:09.422","Cyber-DC","Registry Value Entry Added to the System","5","752"
"Sep 14, 2026 @ 09:06:09.407","Cyber-DC","Registry Value Entry Added to the System","5","752"
"Sep 14, 2026 @ 09:06:09.393","Cyber-DC","Registry Value Entry Added to the System","5","752"
"Sep 14, 2026 @ 09:06:09.376","Cyber-DC","Registry Value Entry Added to the System","5","752"
"Sep 14, 2026 @ 09:06:09.363","Cyber-DC","Registry Value Entry Added to the System","5","752"
"Sep 14, 2026 @ 09:06:09.356","Cyber-DC","Registry Key Entry Added to the System","5","598"
"Sep 14, 2026 @ 09:06:09.356","Cyber-DC","Registry Value Entry Added to the System","5","752"
"Sep 14, 2026 @ 09:06:09.313","Cyber-DC","Registry Key Entry Added to the System","5","598"
"Sep 14, 2026 @ 09:06:09.267","Cyber-DC","Registry Value Entry Added to the System","5","752"
"Sep 14, 2026 @ 09:06:09.257","Cyber-DC","Registry Value Entry Added to the System","5","752"
"Sep 14, 2026 @ 09:06:09.251","Cyber-DC","Registry Value Entry Added to the System","5","752"
"Sep 14, 2026 @ 09:06:09.237","Cyber-DC","Registry Value Entry Added to the System","5","752"
"Sep 14, 2026 @ 09:06:09.224","Cyber-DC","Registry Value Entry Added to the System","5","752"
"Sep 14, 2026 @ 09:06:09.221","Cyber-DC","Registry Value Entry Added to the System","5","752"
"Sep 14, 2026 @ 09:06:09.205","Cyber-DC","Registry Value Entry Added to the System","5","752"
"Sep 14, 2026 @ 09:06:09.189","Cyber-DC","Registry Key Entry Added to the System","5","598"
"Sep 14, 2026 @ 09:06:09.174","Cyber-DC","Registry Value Entry Added to the System","5","752"
"Sep 14, 2026 @ 09:06:09.157","Cyber-DC","Registry Key Entry Added to the System","5","598"
"Sep 14, 2026 @ 09:06:09.142","Cyber-DC","Registry Value Entry Added to the System","5","752"
"Sep 14, 2026 @ 09:06:09.127","Cyber-DC","Registry Value Entry Added to the System","5","752"
"Sep 14, 2026 @ 09:06:09.111","Cyber-DC","Registry Value Entry Added to the System","5","752"
"Sep 14, 2026 @ 09:06:09.094","Cyber-DC","Registry Value Entry Added to the System","5","752"
"Sep 14, 2026 @ 09:06:09.080","Cyber-DC","Registry Value Entry Added to the System","5","752"
"Sep 14, 2026 @ 09:06:09.067","Cyber-DC","Registry Value Entry Added to the System","5","752"
"Sep 14, 2026 @ 09:06:09.048","Cyber-DC","Registry Value Entry Added to the System","5","752"
"Sep 14, 2026 @ 09:06:09.032","Cyber-DC","Registry Key Entry Added to the System","5","598"
"Sep 14, 2026 @ 09:06:09.015","Cyber-DC","Registry Value Entry Added to the System","5","752"
"Sep 14, 2026 @ 09:06:08.999","Cyber-DC","Registry Key Entry Added to the System","5","598"
"Sep 14, 2026 @ 09:06:08.985","Cyber-DC","Registry Value Entry Added to the System","5","752"
"Sep 14, 2026 @ 09:06:08.971","Cyber-DC","Registry Value Entry Added to the System","5","752"
"Sep 14, 2026 @ 09:06:08.970","Cyber-DC","Registry Value Entry Added to the System","5","752"
"Sep 14, 2026 @ 09:06:08.963","Cyber-DC","Registry Value Entry Added to the System","5","752"
"Sep 14, 2026 @ 09:06:08.962","Cyber-DC","Registry Value Entry Added to the System","5","752"
"Sep 14, 2026 @ 09:06:08.918","Cyber-DC","Registry Value Entry Added to the System","5","752"
"Sep 14, 2026 @ 09:06:08.907","Cyber-DC","Registry Key Entry Added to the System","5","598"
"Sep 14, 2026 @ 09:06:08.903","Cyber-DC","Registry Value Entry Added to the System","5","752"
"Sep 14, 2026 @ 09:06:08.903","Cyber-DC","Registry Value Entry Added to the System","5","752"
"Sep 14, 2026 @ 09:06:08.873","Cyber-DC","Registry Key Entry Added to the System","5","598"
"Sep 14, 2026 @ 09:06:08.624","Cyber-DC","Registry Value Entry Added to the System","5","752"
"Sep 14, 2026 @ 09:06:08.623","Cyber-DC","Registry Value Entry Added to the System","5","752"
"Sep 14, 2026 @ 09:06:08.592","Cyber-DC","Registry Value Entry Added to the System","5","752"
"Sep 14, 2026 @ 09:06:08.591","Cyber-DC","Registry Value Entry Added to the System","5","752"
"Sep 14, 2026 @ 09:06:08.583","Cyber-DC","Registry Value Entry Added to the System","5","752"
"Sep 14, 2026 @ 09:06:08.570","Cyber-DC","Registry Value Entry Added to the System","5","752"
"Sep 14, 2026 @ 09:06:08.570","Cyber-DC","Registry Value Entry Added to the System","5","752"
"Sep 14, 2026 @ 09:06:08.550","Cyber-DC","Registry Key Entry Added to the System","5","598"
"Sep 14, 2026 @ 09:06:07.947","Cyber-DC","Registry Key Entry Added to the System","5","598"
"Sep 14, 2026 @ 09:06:07.930","Cyber-DC","Registry Value Entry Added to the System","5","752"
"Sep 14, 2026 @ 09:06:07.915","Cyber-DC","Registry Value Entry Added to the System","5","752"
"Sep 14, 2026 @ 09:06:07.902","Cyber-DC","Registry Value Entry Added to the System","5","752"
"Sep 14, 2026 @ 09:06:07.901","Cyber-DC","Registry Value Entry Added to the System","5","752"
"Sep 14, 2026 @ 09:06:07.886","Cyber-DC","Registry Value Entry Added to the System","5","752"
"Sep 14, 2026 @ 09:06:07.885","Cyber-DC","Registry Key Entry Added to the System","5","598"
"Sep 14, 2026 @ 09:06:07.868","Cyber-DC","Registry Value Entry Added to the System","5","752"
"Sep 14, 2026 @ 09:06:07.851","Cyber-DC","Registry Value Entry Added to the System","5","752"
"Sep 14, 2026 @ 09:06:07.837","Cyber-DC","Registry Value Entry Added to the System","5","752"
"Sep 14, 2026 @ 09:06:07.822","Cyber-DC","Registry Value Entry Added to the System","5","752"
"Sep 14, 2026 @ 09:06:07.807","Cyber-DC","Registry Value Entry Added to the System","5","752"
"Sep 14, 2026 @ 09:06:07.789","Cyber-DC","Registry Key Entry Added to the System","5","598"
"Sep 14, 2026 @ 09:06:07.775","Cyber-DC","Registry Value Entry Added to the System","5","752"
"Sep 14, 2026 @ 09:06:07.767","Cyber-DC","Registry Value Entry Added to the System","5","752"
"Sep 14, 2026 @ 09:06:07.758","Cyber-DC","Registry Value Entry Added to the System","5","752"
"Sep 14, 2026 @ 09:06:07.742","Cyber-DC","Registry Value Entry Added to the System","5","752"
"Sep 14, 2026 @ 09:06:07.727","Cyber-DC","Registry Value Entry Added to the System","5","752"
"Sep 14, 2026 @ 09:06:07.710","Cyber-DC","Registry Key Entry Added to the System","5","598"
"Sep 14, 2026 @ 09:06:07.699","Cyber-DC","Registry Value Entry Added to the System","5","752"
"Sep 14, 2026 @ 09:06:07.699","Cyber-DC","Registry Value Entry Added to the System","5","752"
"Sep 14, 2026 @ 09:06:07.676","Cyber-DC","Registry Value Entry Added to the System","5","752"
"Sep 14, 2026 @ 09:06:07.652","Cyber-DC","Registry Key Entry Added to the System","5","598"
"Sep 14, 2026 @ 09:06:07.649","Cyber-DC","Registry Value Entry Added to the System","5","752"
"Sep 14, 2026 @ 09:06:07.601","Cyber-DC","Registry Key Entry Added to the System","5","598"
"Sep 14, 2026 @ 09:06:07.564","Cyber-DC","Registry Value Integrity Checksum Changed","5","750"
"Sep 14, 2026 @ 09:06:07.564","Cyber-DC","Registry Key Integrity Checksum Changed","5","594"
"Sep 14, 2026 @ 09:06:07.523","Cyber-DC","Registry Value Integrity Checksum Changed","5","750"
"Sep 14, 2026 @ 09:06:07.515","Cyber-DC","Registry Value Integrity Checksum Changed","5","750"
"Sep 14, 2026 @ 09:06:07.511","Cyber-DC","Registry Value Integrity Checksum Changed","5","750"
"Sep 14, 2026 @ 09:06:07.511","Cyber-DC","Registry Value Integrity Checksum Changed","5","750"
"Sep 14, 2026 @ 09:06:07.475","Cyber-DC","Registry Value Integrity Checksum Changed","5","750"
"Sep 14, 2026 @ 09:06:07.469","Cyber-DC","Registry Value Integrity Checksum Changed","5","750"
"Sep 14, 2026 @ 09:06:07.461","Cyber-DC","Registry Value Integrity Checksum Changed","5","750"
"Sep 14, 2026 @ 09:06:07.461","Cyber-DC","Registry Value Integrity Checksum Changed","5","750"
"Sep 14, 2026 @ 09:06:07.442","Cyber-DC","Registry Key Integrity Checksum Changed","5","594"
"Sep 14, 2026 @ 09:06:00.773","Cyber-DC","Windows User Logoff","3","60137"
"Sep 14, 2026 @ 09:05:46.633","Cyber-DC","Windows Logon Success","3","60106"
"Sep 14, 2026 @ 09:05:23.513","Cyber-DC","Windows Logon Success","3","60106"
"Sep 14, 2026 @ 09:05:23.499","Cyber-DC","Windows Logon Success","3","60106"
"Sep 14, 2026 @ 09:05:23.487","Cyber-DC","Windows Logon Success","3","60106"
"Sep 14, 2026 @ 09:05:22.190","Cyber-DC","Windows Logon Success","3","60106"
"Sep 14, 2026 @ 09:05:21.824","Cyber-DC","License activation (slui.exe) failed.","5","60646"
"Sep 14, 2026 @ 09:05:20.982","Cyber-DC","Windows Logon Success","3","60106"
"Sep 14, 2026 @ 09:05:20.887","Cyber-DC","Windows Logon Success","3","60106"
"Sep 14, 2026 @ 09:05:20.887","Cyber-DC","Windows User Logoff","3","60137"
"Sep 14, 2026 @ 09:05:20.265","Cyber-DC","SessionEnv was unavailable to handle a notification event.","5","60775"
"Sep 14, 2026 @ 09:05:19.662","Cyber-DC","SessionEnv was unavailable to handle a critical notification event.","7","60776"
"Sep 14, 2026 @ 09:05:19.544","Cyber-DC","Windows Logon Success","3","60106"
"Sep 14, 2026 @ 09:05:19.528","Cyber-DC","Special privileges assigned to new logon.","3","67028"
"Sep 14, 2026 @ 09:05:19.527","Cyber-DC","Windows Workstation Logon Success","3","60118"
"Sep 14, 2026 @ 09:05:19.512","Cyber-DC","Windows Logon Success","3","60106"
"Sep 14, 2026 @ 09:05:16.713","Cyber-DC","Windows Logon Success","3","60106"
"Sep 14, 2026 @ 09:05:16.699","Cyber-DC","Windows Logon Success","3","60106"
"Sep 14, 2026 @ 09:05:16.678","Cyber-DC","Windows User Logoff","3","60137"
"Sep 14, 2026 @ 09:05:16.667","Cyber-DC","Windows Logon Success","3","60106"
"Sep 14, 2026 @ 09:05:15.568","Cyber-DC","Windows Logon Success","3","60106"
"Sep 14, 2026 @ 09:05:05.212","Cyber-DC","Windows Logon Success","3","60106"
"Sep 14, 2026 @ 09:04:56.504","Cyber-DC","Registry Value Integrity Checksum Changed","5","750"
"Sep 14, 2026 @ 09:04:56.461","Cyber-DC","Registry Value Integrity Checksum Changed","5","750"
"Sep 14, 2026 @ 09:04:56.449","Cyber-DC","Registry Value Integrity Checksum Changed","5","750"
"Sep 14, 2026 @ 09:04:56.446","Cyber-DC","Registry Value Entry Added to the System","5","752"
"Sep 14, 2026 @ 09:04:56.446","Cyber-DC","Registry Key Integrity Checksum Changed","5","594"
"Sep 14, 2026 @ 09:04:56.414","Cyber-DC","Registry Value Entry Added to the System","5","752"
"Sep 14, 2026 @ 09:04:56.414","Cyber-DC","Registry Key Entry Added to the System","5","598"
"Sep 14, 2026 @ 09:04:50.195","Cyber-DC","Registry Value Integrity Checksum Changed","5","750"
"Sep 14, 2026 @ 09:04:50.155","Cyber-DC","Registry Key Integrity Checksum Changed","5","594"
"Sep 14, 2026 @ 09:04:42.880","Cyber-DC","Windows Logon Success","3","60106"
"Sep 14, 2026 @ 09:04:16.585","Cyber-DC","Windows Logon Success","3","60106"
"Sep 14, 2026 @ 09:04:16.579","Cyber-DC","Windows User Logoff","3","60137"
"Sep 14, 2026 @ 09:04:16.578","Cyber-DC","Windows Logon Success","3","60106"
"Sep 14, 2026 @ 09:04:16.569","Cyber-DC","Windows Logon Success","3","60106"
"Sep 14, 2026 @ 09:03:53.189","Cyber-DC","Windows User Logoff","3","60137"
"Sep 14, 2026 @ 09:03:50.675","Cyber-DC","Summary event of the report's signatures.","4","60608"
"Sep 14, 2026 @ 09:03:45.551","sec-box","PAM: Login session opened.","3","5501"
"Sep 14, 2026 @ 09:03:45.551","sec-box","Systemd: Service exited due to a failure.","5","40704"
"Sep 14, 2026 @ 09:03:44.772","Cyber-DC","Windows Logon Success","3","60106"
"Sep 14, 2026 @ 09:03:43.852","Cyber-DC","Windows Logon Success","3","60106"
"Sep 14, 2026 @ 09:03:43.486","Cyber-DC","Windows Logon Success","3","60106"
"Sep 14, 2026 @ 09:03:43.455","Cyber-DC","Windows User Logoff","3","60137"
"Sep 14, 2026 @ 09:03:42.322","Cyber-DC","Windows User Logoff","3","60137"
"Sep 14, 2026 @ 09:03:42.287","Cyber-DC","Windows Logon Success","3","60106"
"Sep 14, 2026 @ 09:03:42.271","Cyber-DC","Windows User Logoff","3","60137"
"Sep 14, 2026 @ 09:03:42.253","Cyber-DC","Windows User Logoff","3","60137"
"Sep 14, 2026 @ 09:03:42.084","Cyber-DC","Windows Logon Success","3","60106"
"Sep 14, 2026 @ 09:03:42.067","Cyber-DC","Windows Logon Success","3","60106"
"Sep 14, 2026 @ 09:03:42.038","Cyber-DC","Windows Logon Success","3","60106"
"Sep 14, 2026 @ 09:03:41.987","Cyber-DC","Windows Logon Success","3","60106"
"Sep 14, 2026 @ 09:03:41.944","Cyber-DC","Windows Logon Success","3","60106"
"Sep 14, 2026 @ 09:03:41.939","Cyber-DC","Windows Logon Success","3","60106"
"Sep 14, 2026 @ 09:03:41.925","Cyber-DC","Windows Logon Success","3","60106"
"Sep 14, 2026 @ 09:03:41.908","Cyber-DC","Windows Logon Success","3","60106"
"Sep 14, 2026 @ 09:03:41.901","Cyber-DC","Windows Logon Success","3","60106"
"Sep 14, 2026 @ 09:03:41.901","Cyber-DC","Windows Logon Success","3","60106"
"Sep 14, 2026 @ 09:03:41.896","Cyber-DC","Windows Logon Success","3","60106"
"Sep 14, 2026 @ 09:03:41.886","Cyber-DC","Windows Logon Success","3","60106"
"Sep 14, 2026 @ 09:03:41.884","Cyber-DC","Windows Logon Success","3","60106"
"Sep 14, 2026 @ 09:03:41.392","Cyber-DC","Windows System error event","5","61102"
"Sep 14, 2026 @ 09:03:36.952","Cyber-DC","Windows Logon Success","3","60106"
"Sep 14, 2026 @ 09:03:35.293","Cyber-DC","License activation (slui.exe) failed.","5","60646"
"Sep 14, 2026 @ 09:03:35.173","Cyber-DC","Windows application error event.","9","60602"
"Sep 14, 2026 @ 09:03:34.210","sec-box","Wazuh server started.","3","502"
"Sep 14, 2026 @ 09:03:31.306","Cyber-DC","Inconsistent system shutdown detected.","5","60730"
"Sep 14, 2026 @ 09:03:31.126","Cyber-DC","Windows Logon Success","3","60106"
"Sep 14, 2026 @ 09:03:31.126","Cyber-DC","Windows Logon Success","3","60106"
"Sep 14, 2026 @ 09:03:31.116","Cyber-DC","Windows Logon Success","3","60106"
"Sep 14, 2026 @ 09:03:26.588","Cyber-DC","Wazuh agent started.","3","503"
"Sep 14, 2026 @ 09:03:22.869","sec-box","Host-based anomaly detection event (rootcheck).","7","510"
"Sep 14, 2026 @ 09:03:22.823","sec-box","Host-based anomaly detection event (rootcheck).","7","510"
"Sep 11, 2026 @ 17:02:47.350","Cyber-Window-cilent","Windows Logon Success","3","60106"
"Sep 11, 2026 @ 17:02:47.304","Cyber-Window-cilent","Windows Logon Success","3","60106"
"Sep 11, 2026 @ 17:02:47.281","Cyber-Window-cilent","Windows Logon Success","3","60106"
"Sep 11, 2026 @ 17:02:45.447","Cyber-DC","Windows Logon Success","3","60106"
"Sep 11, 2026 @ 17:02:45.447","Cyber-DC","Windows Logon Success","3","60106"
"Sep 11, 2026 @ 17:02:43.552","Cyber-DC","Registry Value Integrity Checksum Changed","5","750"
"Sep 11, 2026 @ 17:02:43.552","Cyber-DC","Registry Value Integrity Checksum Changed","5","750"
"Sep 11, 2026 @ 17:02:43.503","Cyber-DC","Registry Key Integrity Checksum Changed","5","594"
"Sep 11, 2026 @ 17:02:43.503","Cyber-DC","Registry Key Integrity Checksum Changed","5","594"
"Sep 11, 2026 @ 17:02:25.337","Cyber-DC","Windows User Logoff","3","60137"
"Sep 11, 2026 @ 17:02:25.337","Cyber-DC","Windows User Logoff","3","60137"
"Sep 11, 2026 @ 17:02:13.862","Cyber-DC","Windows User Logoff","3","60137"
"Sep 11, 2026 @ 17:02:13.862","Cyber-DC","Windows User Logoff","3","60137"
"Sep 11, 2026 @ 17:02:13.860","Cyber-DC","Windows Logon Success","3","60106"
"Sep 11, 2026 @ 17:02:13.860","Cyber-DC","Windows Logon Success","3","60106"
"Sep 11, 2026 @ 17:01:12.166","Cyber-DC","Windows User Logoff","3","60137"
"Sep 11, 2026 @ 17:01:12.166","Cyber-DC","Windows User Logoff","3","60137"
"Sep 11, 2026 @ 17:01:09.407","Cyber-DC","Windows User Logoff","3","60137"
"Sep 11, 2026 @ 17:01:09.407","Cyber-DC","Windows User Logoff","3","60137"
"Sep 11, 2026 @ 17:01:09.405","Cyber-DC","Windows Logon Success","3","60106"
"Sep 11, 2026 @ 17:01:09.405","Cyber-DC","Windows Logon Success","3","60106"
"Sep 11, 2026 @ 17:00:58.744","Cyber-Window-cilent","Registry Value Integrity Checksum Changed","5","750"
"Sep 11, 2026 @ 17:00:58.744","Cyber-Window-cilent","Registry Value Integrity Checksum Changed","5","750"
"Sep 11, 2026 @ 17:00:58.699","Cyber-Window-cilent","Registry Value Integrity Checksum Changed","5","750"
"Sep 11, 2026 @ 17:00:58.699","Cyber-Window-cilent","Registry Value Integrity Checksum Changed","5","750"
"Sep 11, 2026 @ 17:00:58.683","Cyber-Window-cilent","Registry Value Integrity Checksum Changed","5","750"
"Sep 11, 2026 @ 17:00:58.683","Cyber-Window-cilent","Registry Value Integrity Checksum Changed","5","750"
"Sep 11, 2026 @ 17:00:58.679","Cyber-Window-cilent","Registry Value Integrity Checksum Changed","5","750"
"Sep 11, 2026 @ 17:00:58.679","Cyber-Window-cilent","Registry Value Integrity Checksum Changed","5","750"
"Sep 11, 2026 @ 17:00:58.679","Cyber-Window-cilent","Registry Key Integrity Checksum Changed","5","594"
"Sep 11, 2026 @ 17:00:58.679","Cyber-Window-cilent","Registry Key Integrity Checksum Changed","5","594"
"Sep 11, 2026 @ 17:00:58.668","Cyber-Window-cilent","Registry Key Integrity Checksum Changed","5","594"
"Sep 11, 2026 @ 17:00:58.668","Cyber-Window-cilent","Registry Key Integrity Checksum Changed","5","594"
"Sep 11, 2026 @ 17:00:24.256","Cyber-DC","Registry Key Integrity Checksum Changed","5","594"
"Sep 11, 2026 @ 17:00:24.256","Cyber-DC","Registry Key Integrity Checksum Changed","5","594"
"Sep 11, 2026 @ 17:00:22.684","Cyber-DC","Windows User Logoff","3","60137"
"Sep 11, 2026 @ 17:00:22.684","Cyber-DC","Windows User Logoff","3","60137"
"Sep 11, 2026 @ 17:00:17.066","Cyber-DC","Windows User Logoff","3","60137"
"Sep 11, 2026 @ 17:00:17.066","Cyber-DC","Windows User Logoff","3","60137"
"Sep 11, 2026 @ 17:00:09.406","Cyber-DC","Windows User Logoff","3","60137"
"Sep 11, 2026 @ 17:00:09.406","Cyber-DC","Windows User Logoff","3","60137"
"Sep 11, 2026 @ 17:00:09.390","Cyber-DC","Windows Logon Success","3","60106"
"Sep 11, 2026 @ 17:00:09.390","Cyber-DC","Windows Logon Success","3","60106"
"Sep 11, 2026 @ 17:00:09.359","Cyber-DC","Windows User Logoff","3","60137"
"Sep 11, 2026 @ 17:00:09.359","Cyber-DC","Windows User Logoff","3","60137"
"Sep 11, 2026 @ 17:00:09.358","Cyber-DC","Windows Logon Success","3","60106"
"Sep 11, 2026 @ 17:00:09.358","Cyber-DC","Windows Logon Success","3","60106"
"Sep 11, 2026 @ 17:00:09.329","Cyber-DC","Windows User Logoff","3","60137"
"Sep 11, 2026 @ 17:00:09.329","Cyber-DC","Windows User Logoff","3","60137"
"Sep 11, 2026 @ 17:00:09.328","Cyber-DC","Windows Logon Success","3","60106"
"Sep 11, 2026 @ 17:00:09.328","Cyber-DC","Windows Logon Success","3","60106"
"Sep 11, 2026 @ 17:00:08.204","Cyber-DC","Windows User Logoff","3","60137"
"Sep 11, 2026 @ 17:00:08.204","Cyber-DC","Windows User Logoff","3","60137"
"Sep 11, 2026 @ 17:00:08.162","Cyber-DC","Windows User Logoff","3","60137"
"Sep 11, 2026 @ 17:00:08.162","Cyber-DC","Windows User Logoff","3","60137"
"Sep 11, 2026 @ 17:00:08.161","Cyber-DC","Windows Logon Success","3","60106"
"Sep 11, 2026 @ 17:00:08.161","Cyber-DC","Windows Logon Success","3","60106"
"Sep 11, 2026 @ 17:00:08.144","Cyber-DC","Windows User Logoff","3","60137"
"Sep 11, 2026 @ 17:00:08.144","Cyber-DC","Windows User Logoff","3","60137"
"Sep 11, 2026 @ 17:00:08.129","Cyber-DC","Windows User Logoff","3","60137"
"Sep 11, 2026 @ 17:00:08.129","Cyber-DC","Windows User Logoff","3","60137"
"Sep 11, 2026 @ 17:00:08.123","Cyber-DC","Windows Logon Success","3","60106"
"Sep 11, 2026 @ 17:00:08.123","Cyber-DC","Windows Logon Success","3","60106"
"Sep 11, 2026 @ 17:00:08.118","Cyber-DC","Windows Logon Success","3","60106"
"Sep 11, 2026 @ 17:00:08.118","Cyber-DC","Windows Logon Success","3","60106"
"Sep 11, 2026 @ 17:00:08.113","Cyber-DC","Windows Logon Success","3","60106"
"Sep 11, 2026 @ 17:00:08.113","Cyber-DC","Windows Logon Success","3","60106"
"Sep 11, 2026 @ 17:00:05.996","Cyber-DC","Windows Logon Success","3","60106"
"Sep 11, 2026 @ 17:00:05.996","Cyber-DC","Windows Logon Success","3","60106"
"Sep 11, 2026 @ 16:59:55.667","Cyber-DC","Windows User Logoff","3","60137"
"Sep 11, 2026 @ 16:59:55.667","Cyber-DC","Windows User Logoff","3","60137"
"Sep 11, 2026 @ 16:59:11.606","Cyber-Window-cilent","Windows Logon Success","3","60106"
"Sep 11, 2026 @ 16:59:11.606","Cyber-Window-cilent","Windows Logon Success","3","60106"
"Sep 11, 2026 @ 16:59:09.290","Cyber-DC","Windows User Logoff","3","60137"
"Sep 11, 2026 @ 16:59:09.290","Cyber-DC","Windows User Logoff","3","60137"
"Sep 11, 2026 @ 16:59:09.289","Cyber-DC","Windows Logon Success","3","60106"
"Sep 11, 2026 @ 16:59:09.289","Cyber-DC","Windows Logon Success","3","60106"
"Sep 11, 2026 @ 16:59:06.740","Cyber-DC","Windows Logon Success","3","60106"
"Sep 11, 2026 @ 16:59:06.740","Cyber-DC","Windows Logon Success","3","60106"
"Sep 11, 2026 @ 16:58:33.975","Cyber-DC","Windows User Logoff","3","60137"
"Sep 11, 2026 @ 16:58:33.975","Cyber-DC","Windows User Logoff","3","60137"
"Sep 11, 2026 @ 16:58:09.243","Cyber-DC","Windows User Logoff","3","60137"
"Sep 11, 2026 @ 16:58:09.243","Cyber-DC","Windows User Logoff","3","60137"
"Sep 11, 2026 @ 16:58:09.242","Cyber-DC","Windows Logon Success","3","60106"
"Sep 11, 2026 @ 16:58:09.242","Cyber-DC","Windows Logon Success","3","60106"
"Sep 11, 2026 @ 16:57:29.879","Cyber-Window-cilent","Windows Logon Success","3","60106"
"Sep 11, 2026 @ 16:57:29.879","Cyber-Window-cilent","Windows Logon Success","3","60106"
"Sep 11, 2026 @ 16:57:20.411","Cyber-Window-cilent","Windows Audit Policy changed","8","60112"
"Sep 11, 2026 @ 16:57:20.411","Cyber-Window-cilent","Windows Audit Policy changed","8","60112"
"Sep 11, 2026 @ 16:57:20.368","Cyber-Window-cilent","Windows Audit Policy changed","8","60112"
"Sep 11, 2026 @ 16:57:20.368","Cyber-Window-cilent","Windows Audit Policy changed","8","60112"
"Sep 11, 2026 @ 16:57:20.351","Cyber-Window-cilent","Windows Audit Policy changed","8","60112"
"Sep 11, 2026 @ 16:57:20.351","Cyber-Window-cilent","Windows Audit Policy changed","8","60112"
"Sep 11, 2026 @ 16:57:20.335","Cyber-Window-cilent","Windows Audit Policy changed","8","60112"
"Sep 11, 2026 @ 16:57:20.335","Cyber-Window-cilent","Windows Audit Policy changed","8","60112"
"Sep 11, 2026 @ 16:57:20.319","Cyber-Window-cilent","Windows Audit Policy changed","8","60112"
"Sep 11, 2026 @ 16:57:20.319","Cyber-Window-cilent","Windows Audit Policy changed","8","60112"
"Sep 11, 2026 @ 16:57:20.319","Cyber-Window-cilent","Windows Audit Policy changed","8","60112"
"Sep 11, 2026 @ 16:57:20.319","Cyber-Window-cilent","Windows Audit Policy changed","8","60112"
"Sep 11, 2026 @ 16:57:20.288","Cyber-Window-cilent","Windows Audit Policy changed","8","60112"
"Sep 11, 2026 @ 16:57:20.288","Cyber-Window-cilent","Windows Audit Policy changed","8","60112"
"Sep 11, 2026 @ 16:57:20.275","Cyber-Window-cilent","Windows Audit Policy changed","8","60112"
"Sep 11, 2026 @ 16:57:20.275","Cyber-Window-cilent","Windows Audit Policy changed","8","60112"
"Sep 11, 2026 @ 16:57:20.273","Cyber-Window-cilent","Windows Audit Policy changed","8","60112"
"Sep 11, 2026 @ 16:57:20.273","Cyber-Window-cilent","Windows Audit Policy changed","8","60112"
"Sep 11, 2026 @ 16:57:20.258","Cyber-Window-cilent","Windows Audit Policy changed","8","60112"
"Sep 11, 2026 @ 16:57:20.258","Cyber-Window-cilent","Windows Audit Policy changed","8","60112"
"Sep 11, 2026 @ 16:57:20.241","Cyber-Window-cilent","Windows Audit Policy changed","8","60112"
"Sep 11, 2026 @ 16:57:20.241","Cyber-Window-cilent","Windows Audit Policy changed","8","60112"
"Sep 11, 2026 @ 16:57:20.227","Cyber-Window-cilent","Windows Audit Policy changed","8","60112"
"Sep 11, 2026 @ 16:57:20.227","Cyber-Window-cilent","Windows Audit Policy changed","8","60112"
"Sep 11, 2026 @ 16:57:20.227","Cyber-Window-cilent","Windows Audit Policy changed","8","60112"
"Sep 11, 2026 @ 16:57:20.227","Cyber-Window-cilent","Windows Audit Policy changed","8","60112"
"Sep 11, 2026 @ 16:57:20.193","Cyber-Window-cilent","Windows Audit Policy changed","8","60112"
"Sep 11, 2026 @ 16:57:20.193","Cyber-Window-cilent","Windows Audit Policy changed","8","60112"
"Sep 11, 2026 @ 16:57:20.178","Cyber-Window-cilent","Windows Audit Policy changed","8","60112"
"Sep 11, 2026 @ 16:57:20.178","Cyber-Window-cilent","Windows Audit Policy changed","8","60112"
"Sep 11, 2026 @ 16:57:20.162","Cyber-Window-cilent","Windows Audit Policy changed","8","60112"
"Sep 11, 2026 @ 16:57:20.162","Cyber-Window-cilent","Windows Audit Policy changed","8","60112"
"Sep 11, 2026 @ 16:57:20.162","Cyber-Window-cilent","Windows Audit Policy changed","8","60112"
"Sep 11, 2026 @ 16:57:20.162","Cyber-Window-cilent","Windows Audit Policy changed","8","60112"
"Sep 11, 2026 @ 16:57:20.128","Cyber-Window-cilent","Windows Audit Policy changed","8","60112"
"Sep 11, 2026 @ 16:57:20.128","Cyber-Window-cilent","Windows Audit Policy changed","8","60112"
"Sep 11, 2026 @ 16:57:20.114","Cyber-Window-cilent","Windows Audit Policy changed","8","60112"
"Sep 11, 2026 @ 16:57:20.114","Cyber-Window-cilent","Windows Audit Policy changed","8","60112"
"Sep 11, 2026 @ 16:57:20.097","Cyber-Window-cilent","Windows Audit Policy changed","8","60112"
"Sep 11, 2026 @ 16:57:20.097","Cyber-Window-cilent","Windows Audit Policy changed","8","60112"
"Sep 11, 2026 @ 16:57:20.097","Cyber-Window-cilent","Windows Audit Policy changed","8","60112"
"Sep 11, 2026 @ 16:57:20.097","Cyber-Window-cilent","Windows Audit Policy changed","8","60112"
"Sep 11, 2026 @ 16:57:20.062","Cyber-Window-cilent","Windows Audit Policy changed","8","60112"
"Sep 11, 2026 @ 16:57:20.062","Cyber-Window-cilent","Windows Audit Policy changed","8","60112"
"Sep 11, 2026 @ 16:57:20.046","Cyber-Window-cilent","Windows Audit Policy changed","8","60112"
"Sep 11, 2026 @ 16:57:20.046","Cyber-Window-cilent","Windows Audit Policy changed","8","60112"
"Sep 11, 2026 @ 16:57:20.032","Cyber-Window-cilent","Windows Audit Policy changed","8","60112"
"Sep 11, 2026 @ 16:57:20.032","Cyber-Window-cilent","Windows Audit Policy changed","8","60112"
"Sep 11, 2026 @ 16:57:20.032","Cyber-Window-cilent","Windows Audit Policy changed","8","60112"
"Sep 11, 2026 @ 16:57:20.032","Cyber-Window-cilent","Windows Audit Policy changed","8","60112"
"Sep 11, 2026 @ 16:57:19.998","Cyber-Window-cilent","Windows Audit Policy changed","8","60112"
"Sep 11, 2026 @ 16:57:19.998","Cyber-Window-cilent","Windows Audit Policy changed","8","60112"
"Sep 11, 2026 @ 16:57:19.982","Cyber-Window-cilent","Windows Audit Policy changed","8","60112"
"Sep 11, 2026 @ 16:57:19.982","Cyber-Window-cilent","Windows Audit Policy changed","8","60112"
"Sep 11, 2026 @ 16:57:19.966","Cyber-Window-cilent","Windows Audit Policy changed","8","60112"
"Sep 11, 2026 @ 16:57:19.966","Cyber-Window-cilent","Windows Audit Policy changed","8","60112"
"Sep 11, 2026 @ 16:57:19.966","Cyber-Window-cilent","Windows Audit Policy changed","8","60112"
"Sep 11, 2026 @ 16:57:19.966","Cyber-Window-cilent","Windows Audit Policy changed","8","60112"
"Sep 11, 2026 @ 16:57:19.934","Cyber-Window-cilent","Windows Audit Policy changed","8","60112"
"Sep 11, 2026 @ 16:57:19.934","Cyber-Window-cilent","Windows Audit Policy changed","8","60112"
"Sep 11, 2026 @ 16:57:19.919","Cyber-Window-cilent","Windows Audit Policy changed","8","60112"
"Sep 11, 2026 @ 16:57:19.919","Cyber-Window-cilent","Windows Audit Policy changed","8","60112"
"Sep 11, 2026 @ 16:57:19.903","Cyber-Window-cilent","Windows Audit Policy changed","8","60112"
"Sep 11, 2026 @ 16:57:19.903","Cyber-Window-cilent","Windows Audit Policy changed","8","60112"
"Sep 11, 2026 @ 16:57:19.887","Cyber-Window-cilent","Windows Audit Policy changed","8","60112"
"Sep 11, 2026 @ 16:57:19.887","Cyber-Window-cilent","Windows Audit Policy changed","8","60112"
"Sep 11, 2026 @ 16:57:19.887","Cyber-Window-cilent","Windows Audit Policy changed","8","60112"
"Sep 11, 2026 @ 16:57:19.887","Cyber-Window-cilent","Windows Audit Policy changed","8","60112"
"Sep 11, 2026 @ 16:57:19.854","Cyber-Window-cilent","Windows Audit Policy changed","8","60112"
"Sep 11, 2026 @ 16:57:19.854","Cyber-Window-cilent","Windows Audit Policy changed","8","60112"
"Sep 11, 2026 @ 16:57:19.837","Cyber-Window-cilent","Windows Audit Policy changed","8","60112"
"Sep 11, 2026 @ 16:57:19.837","Cyber-Window-cilent","Windows Audit Policy changed","8","60112"
"Sep 11, 2026 @ 16:57:19.821","Cyber-Window-cilent","Windows Audit Policy changed","8","60112"
"Sep 11, 2026 @ 16:57:19.821","Cyber-Window-cilent","Windows Audit Policy changed","8","60112"
"Sep 11, 2026 @ 16:57:19.821","Cyber-Window-cilent","Windows Audit Policy changed","8","60112"
"Sep 11, 2026 @ 16:57:19.821","Cyber-Window-cilent","Windows Audit Policy changed","8","60112"
"Sep 11, 2026 @ 16:57:19.788","Cyber-Window-cilent","Windows Audit Policy changed","8","60112"
"Sep 11, 2026 @ 16:57:19.788","Cyber-Window-cilent","Windows Audit Policy changed","8","60112"
"Sep 11, 2026 @ 16:57:19.772","Cyber-Window-cilent","Windows Audit Policy changed","8","60112"
"Sep 11, 2026 @ 16:57:19.772","Cyber-Window-cilent","Windows Audit Policy changed","8","60112"
"Sep 11, 2026 @ 16:57:19.755","Cyber-Window-cilent","Windows Audit Policy changed","8","60112"
"Sep 11, 2026 @ 16:57:19.755","Cyber-Window-cilent","Windows Audit Policy changed","8","60112"
"Sep 11, 2026 @ 16:57:19.739","Cyber-Window-cilent","Windows Audit Policy changed","8","60112"
"Sep 11, 2026 @ 16:57:19.739","Cyber-Window-cilent","Windows Audit Policy changed","8","60112"
"Sep 11, 2026 @ 16:57:19.739","Cyber-Window-cilent","Windows Audit Policy changed","8","60112"
"Sep 11, 2026 @ 16:57:19.739","Cyber-Window-cilent","Windows Audit Policy changed","8","60112"
"Sep 11, 2026 @ 16:57:19.705","Cyber-Window-cilent","Windows Audit Policy changed","8","60112"
"Sep 11, 2026 @ 16:57:19.705","Cyber-Window-cilent","Windows Audit Policy changed","8","60112"
"Sep 11, 2026 @ 16:57:19.690","Cyber-Window-cilent","Windows Audit Policy changed","8","60112"
"Sep 11, 2026 @ 16:57:19.690","Cyber-Window-cilent","Windows Audit Policy changed","8","60112"
"Sep 11, 2026 @ 16:57:19.674","Cyber-Window-cilent","Windows Audit Policy changed","8","60112"
"Sep 11, 2026 @ 16:57:19.674","Cyber-Window-cilent","Windows Audit Policy changed","8","60112"
"Sep 11, 2026 @ 16:57:19.673","Cyber-Window-cilent","Windows Audit Policy changed","8","60112"
"Sep 11, 2026 @ 16:57:19.673","Cyber-Window-cilent","Windows Audit Policy changed","8","60112"
"Sep 11, 2026 @ 16:57:19.641","Cyber-Window-cilent","Windows Audit Policy changed","8","60112"
"Sep 11, 2026 @ 16:57:19.641","Cyber-Window-cilent","Windows Audit Policy changed","8","60112"
"Sep 11, 2026 @ 16:57:19.626","Cyber-Window-cilent","Windows Audit Policy changed","8","60112"
"Sep 11, 2026 @ 16:57:19.626","Cyber-Window-cilent","Windows Audit Policy changed","8","60112"
"Sep 11, 2026 @ 16:57:19.610","Cyber-Window-cilent","Windows Audit Policy changed","8","60112"
"Sep 11, 2026 @ 16:57:19.610","Cyber-Window-cilent","Windows Audit Policy changed","8","60112"
"Sep 11, 2026 @ 16:57:19.610","Cyber-Window-cilent","Windows Audit Policy changed","8","60112"
"Sep 11, 2026 @ 16:57:19.610","Cyber-Window-cilent","Windows Audit Policy changed","8","60112"
"Sep 11, 2026 @ 16:57:19.576","Cyber-Window-cilent","Windows Audit Policy changed","8","60112"
"Sep 11, 2026 @ 16:57:19.576","Cyber-Window-cilent","Windows Audit Policy changed","8","60112"
"Sep 11, 2026 @ 16:57:19.561","Cyber-Window-cilent","Windows Audit Policy changed","8","60112"
"Sep 11, 2026 @ 16:57:19.561","Cyber-Window-cilent","Windows Audit Policy changed","8","60112"
"Sep 11, 2026 @ 16:57:19.544","Cyber-Window-cilent","Windows Audit Policy changed","8","60112"
"Sep 11, 2026 @ 16:57:19.544","Cyber-Window-cilent","Windows Audit Policy changed","8","60112"
"Sep 11, 2026 @ 16:57:19.527","Cyber-Window-cilent","Windows Audit Policy changed","8","60112"
"Sep 11, 2026 @ 16:57:19.527","Cyber-Window-cilent","Windows Audit Policy changed","8","60112"
"Sep 11, 2026 @ 16:57:19.512","Cyber-Window-cilent","Windows Audit Policy changed","8","60112"
"Sep 11, 2026 @ 16:57:19.512","Cyber-Window-cilent","Windows Audit Policy changed","8","60112"
"Sep 11, 2026 @ 16:57:19.512","Cyber-Window-cilent","Windows Audit Policy changed","8","60112"
"Sep 11, 2026 @ 16:57:19.512","Cyber-Window-cilent","Windows Audit Policy changed","8","60112"
"Sep 11, 2026 @ 16:57:19.479","Cyber-Window-cilent","Windows Audit Policy changed","8","60112"
"Sep 11, 2026 @ 16:57:19.479","Cyber-Window-cilent","Windows Audit Policy changed","8","60112"
"Sep 11, 2026 @ 16:57:19.463","Cyber-Window-cilent","Windows Audit Policy changed","8","60112"
"Sep 11, 2026 @ 16:57:19.463","Cyber-Window-cilent","Windows Audit Policy changed","8","60112"
"Sep 11, 2026 @ 16:57:19.448","Cyber-Window-cilent","Windows Audit Policy changed","8","60112"
"Sep 11, 2026 @ 16:57:19.448","Cyber-Window-cilent","Windows Audit Policy changed","8","60112"
"Sep 11, 2026 @ 16:57:19.448","Cyber-Window-cilent","Windows Audit Policy changed","8","60112"
"Sep 11, 2026 @ 16:57:19.448","Cyber-Window-cilent","Windows Audit Policy changed","8","60112"
"Sep 11, 2026 @ 16:57:19.416","Cyber-Window-cilent","Windows Audit Policy changed","8","60112"
"Sep 11, 2026 @ 16:57:19.416","Cyber-Window-cilent","Windows Audit Policy changed","8","60112"
"Sep 11, 2026 @ 16:57:19.399","Cyber-Window-cilent","Windows Audit Policy changed","8","60112"
"Sep 11, 2026 @ 16:57:19.399","Cyber-Window-cilent","Windows Audit Policy changed","8","60112"
"Sep 11, 2026 @ 16:57:19.384","Cyber-Window-cilent","Windows Audit Policy changed","8","60112"
"Sep 11, 2026 @ 16:57:19.384","Cyber-Window-cilent","Windows Audit Policy changed","8","60112"
"Sep 11, 2026 @ 16:57:19.384","Cyber-Window-cilent","Windows Audit Policy changed","8","60112"
"Sep 11, 2026 @ 16:57:19.384","Cyber-Window-cilent","Windows Audit Policy changed","8","60112"
"Sep 11, 2026 @ 16:57:19.351","Cyber-Window-cilent","Windows Audit Policy changed","8","60112"
"Sep 11, 2026 @ 16:57:19.351","Cyber-Window-cilent","Windows Audit Policy changed","8","60112"
"Sep 11, 2026 @ 16:57:19.336","Cyber-Window-cilent","Windows Audit Policy changed","8","60112"
"Sep 11, 2026 @ 16:57:19.336","Cyber-Window-cilent","Windows Audit Policy changed","8","60112"
"Sep 11, 2026 @ 16:57:19.320","Cyber-Window-cilent","Windows Audit Policy changed","8","60112"
"Sep 11, 2026 @ 16:57:19.320","Cyber-Window-cilent","Windows Audit Policy changed","8","60112"
"Sep 11, 2026 @ 16:57:19.320","Cyber-Window-cilent","Windows Audit Policy changed","8","60112"
"Sep 11, 2026 @ 16:57:19.320","Cyber-Window-cilent","Windows Audit Policy changed","8","60112"
"Sep 11, 2026 @ 16:57:19.287","Cyber-Window-cilent","Windows Audit Policy changed","8","60112"
"Sep 11, 2026 @ 16:57:19.287","Cyber-Window-cilent","Windows Audit Policy changed","8","60112"
"Sep 11, 2026 @ 16:57:19.272","Cyber-Window-cilent","Windows Audit Policy changed","8","60112"
"Sep 11, 2026 @ 16:57:19.272","Cyber-Window-cilent","Windows Audit Policy changed","8","60112"
"Sep 11, 2026 @ 16:57:19.253","Cyber-Window-cilent","Windows Audit Policy changed","8","60112"
"Sep 11, 2026 @ 16:57:19.253","Cyber-Window-cilent","Windows Audit Policy changed","8","60112"
"Sep 11, 2026 @ 16:57:19.253","Cyber-Window-cilent","Windows Audit Policy changed","8","60112"
"Sep 11, 2026 @ 16:57:19.253","Cyber-Window-cilent","Windows Audit Policy changed","8","60112"
"Sep 11, 2026 @ 16:57:19.221","Cyber-Window-cilent","Windows Audit Policy changed","8","60112"
"Sep 11, 2026 @ 16:57:19.221","Cyber-Window-cilent","Windows Audit Policy changed","8","60112"
"Sep 11, 2026 @ 16:57:19.207","Cyber-Window-cilent","Windows Audit Policy changed","8","60112"
"Sep 11, 2026 @ 16:57:19.207","Cyber-Window-cilent","Windows Audit Policy changed","8","60112"
"Sep 11, 2026 @ 16:57:19.206","Cyber-Window-cilent","Windows Audit Policy changed","8","60112"
"Sep 11, 2026 @ 16:57:19.206","Cyber-Window-cilent","Windows Audit Policy changed","8","60112"
"Sep 11, 2026 @ 16:57:19.206","Cyber-Window-cilent","Windows Audit Policy changed","8","60112"
"Sep 11, 2026 @ 16:57:19.206","Cyber-Window-cilent","Windows Audit Policy changed","8","60112"
"Sep 11, 2026 @ 16:57:19.172","Cyber-Window-cilent","Windows Audit Policy changed","8","60112"
"Sep 11, 2026 @ 16:57:19.172","Cyber-Window-cilent","Windows Audit Policy changed","8","60112"
"Sep 11, 2026 @ 16:57:19.155","Cyber-Window-cilent","Windows Audit Policy changed","8","60112"
"Sep 11, 2026 @ 16:57:19.155","Cyber-Window-cilent","Windows Audit Policy changed","8","60112"
"Sep 11, 2026 @ 16:57:19.138","Cyber-Window-cilent","Windows Audit Policy changed","8","60112"
"Sep 11, 2026 @ 16:57:19.138","Cyber-Window-cilent","Windows Audit Policy changed","8","60112"
"Sep 11, 2026 @ 16:57:19.138","Cyber-Window-cilent","Windows Audit Policy changed","8","60112"
"Sep 11, 2026 @ 16:57:19.138","Cyber-Window-cilent","Windows Audit Policy changed","8","60112"
"Sep 11, 2026 @ 16:57:19.107","Cyber-Window-cilent","Windows Audit Policy changed","8","60112"
"Sep 11, 2026 @ 16:57:19.107","Cyber-Window-cilent","Windows Audit Policy changed","8","60112"
"Sep 11, 2026 @ 16:57:19.091","Cyber-Window-cilent","Windows Audit Policy changed","8","60112"
"Sep 11, 2026 @ 16:57:19.091","Cyber-Window-cilent","Windows Audit Policy changed","8","60112"
"Sep 11, 2026 @ 16:57:19.077","Cyber-Window-cilent","Windows Audit Policy changed","8","60112"
"Sep 11, 2026 @ 16:57:19.077","Cyber-Window-cilent","Windows Audit Policy changed","8","60112"
"Sep 11, 2026 @ 16:57:19.077","Cyber-Window-cilent","Windows Audit Policy changed","8","60112"
"Sep 11, 2026 @ 16:57:19.077","Cyber-Window-cilent","Windows Audit Policy changed","8","60112"
"Sep 11, 2026 @ 16:57:19.045","Cyber-Window-cilent","Windows Audit Policy changed","8","60112"
"Sep 11, 2026 @ 16:57:19.045","Cyber-Window-cilent","Windows Audit Policy changed","8","60112"
"Sep 11, 2026 @ 16:57:19.029","Cyber-Window-cilent","Windows Audit Policy changed","8","60112"
"Sep 11, 2026 @ 16:57:19.029","Cyber-Window-cilent","Windows Audit Policy changed","8","60112"
"Sep 11, 2026 @ 16:57:19.014","Cyber-Window-cilent","Windows Audit Policy changed","8","60112"
"Sep 11, 2026 @ 16:57:19.014","Cyber-Window-cilent","Windows Audit Policy changed","8","60112"
"Sep 11, 2026 @ 16:57:19.014","Cyber-Window-cilent","Windows Audit Policy changed","8","60112"
"Sep 11, 2026 @ 16:57:19.014","Cyber-Window-cilent","Windows Audit Policy changed","8","60112"
"Sep 11, 2026 @ 16:57:18.983","Cyber-Window-cilent","Windows Audit Policy changed","8","60112"
"Sep 11, 2026 @ 16:57:18.983","Cyber-Window-cilent","Windows Audit Policy changed","8","60112"
"Sep 11, 2026 @ 16:57:18.967","Cyber-Window-cilent","Windows Audit Policy changed","8","60112"
"Sep 11, 2026 @ 16:57:18.967","Cyber-Window-cilent","Windows Audit Policy changed","8","60112"
"Sep 11, 2026 @ 16:57:18.951","Cyber-Window-cilent","Windows Audit Policy changed","8","60112"
"Sep 11, 2026 @ 16:57:18.951","Cyber-Window-cilent","Windows Audit Policy changed","8","60112"
"Sep 11, 2026 @ 16:57:18.951","Cyber-Window-cilent","Windows Audit Policy changed","8","60112"
"Sep 11, 2026 @ 16:57:18.951","Cyber-Window-cilent","Windows Audit Policy changed","8","60112"
"Sep 11, 2026 @ 16:57:18.930","Cyber-Window-cilent","Windows Audit Policy changed","8","60112"
"Sep 11, 2026 @ 16:57:18.930","Cyber-Window-cilent","Windows Audit Policy changed","8","60112"
"Sep 11, 2026 @ 16:57:18.882","Cyber-Window-cilent","Windows Audit Policy changed","8","60112"
"Sep 11, 2026 @ 16:57:18.882","Cyber-Window-cilent","Windows Audit Policy changed","8","60112"
"Sep 11, 2026 @ 16:57:18.863","Cyber-Window-cilent","Windows Audit Policy changed","8","60112"
"Sep 11, 2026 @ 16:57:18.863","Cyber-Window-cilent","Windows Audit Policy changed","8","60112"
"Sep 11, 2026 @ 16:57:18.863","Cyber-Window-cilent","Windows Audit Policy changed","8","60112"
"Sep 11, 2026 @ 16:57:18.863","Cyber-Window-cilent","Windows Audit Policy changed","8","60112"
"Sep 11, 2026 @ 16:57:18.831","Cyber-Window-cilent","Windows Audit Policy changed","8","60112"
"Sep 11, 2026 @ 16:57:18.831","Cyber-Window-cilent","Windows Audit Policy changed","8","60112"
"Sep 11, 2026 @ 16:57:18.817","Cyber-Window-cilent","Windows Audit Policy changed","8","60112"
"Sep 11, 2026 @ 16:57:18.817","Cyber-Window-cilent","Windows Audit Policy changed","8","60112"
"Sep 11, 2026 @ 16:57:18.817","Cyber-Window-cilent","Windows Audit Policy changed","8","60112"
"Sep 11, 2026 @ 16:57:18.817","Cyber-Window-cilent","Windows Audit Policy changed","8","60112"
"Sep 11, 2026 @ 16:57:18.785","Cyber-Window-cilent","Windows Audit Policy changed","8","60112"
"Sep 11, 2026 @ 16:57:18.785","Cyber-Window-cilent","Windows Audit Policy changed","8","60112"
"Sep 11, 2026 @ 16:57:18.771","Cyber-Window-cilent","Windows Audit Policy changed","8","60112"
"Sep 11, 2026 @ 16:57:18.771","Cyber-Window-cilent","Windows Audit Policy changed","8","60112"
"Sep 11, 2026 @ 16:57:18.771","Cyber-Window-cilent","Windows Audit Policy changed","8","60112"
"Sep 11, 2026 @ 16:57:18.771","Cyber-Window-cilent","Windows Audit Policy changed","8","60112"
"Sep 11, 2026 @ 16:57:18.737","Cyber-Window-cilent","Windows Audit Policy changed","8","60112"
"Sep 11, 2026 @ 16:57:18.737","Cyber-Window-cilent","Windows Audit Policy changed","8","60112"
"Sep 11, 2026 @ 16:57:18.723","Cyber-Window-cilent","Windows Audit Policy changed","8","60112"
"Sep 11, 2026 @ 16:57:18.723","Cyber-Window-cilent","Windows Audit Policy changed","8","60112"
"Sep 11, 2026 @ 16:57:18.723","Cyber-Window-cilent","Windows Audit Policy changed","8","60112"
"Sep 11, 2026 @ 16:57:18.723","Cyber-Window-cilent","Windows Audit Policy changed","8","60112"
"Sep 11, 2026 @ 16:57:18.691","Cyber-Window-cilent","Windows Audit Policy changed","8","60112"
"Sep 11, 2026 @ 16:57:18.691","Cyber-Window-cilent","Windows Audit Policy changed","8","60112"
"Sep 11, 2026 @ 16:57:18.677","Cyber-Window-cilent","Windows Audit Policy changed","8","60112"
"Sep 11, 2026 @ 16:57:18.677","Cyber-Window-cilent","Windows Audit Policy changed","8","60112"
"Sep 11, 2026 @ 16:57:18.676","Cyber-Window-cilent","Windows Audit Policy changed","8","60112"
"Sep 11, 2026 @ 16:57:18.676","Cyber-Window-cilent","Windows Audit Policy changed","8","60112"
"Sep 11, 2026 @ 16:57:18.646","Cyber-Window-cilent","Windows Audit Policy changed","8","60112"
"Sep 11, 2026 @ 16:57:18.646","Cyber-Window-cilent","Windows Audit Policy changed","8","60112"
"Sep 11, 2026 @ 16:57:18.646","Cyber-Window-cilent","Windows Audit Policy changed","8","60112"
"Sep 11, 2026 @ 16:57:18.646","Cyber-Window-cilent","Windows Audit Policy changed","8","60112"
"Sep 11, 2026 @ 16:57:18.646","Cyber-Window-cilent","Windows Audit Policy changed","8","60112"
"Sep 11, 2026 @ 16:57:18.646","Cyber-Window-cilent","Windows Audit Policy changed","8","60112"
"Sep 11, 2026 @ 16:57:18.613","Cyber-Window-cilent","Windows Audit Policy changed","8","60112"
"Sep 11, 2026 @ 16:57:18.613","Cyber-Window-cilent","Windows Audit Policy changed","8","60112"
"Sep 11, 2026 @ 16:57:18.599","Cyber-Window-cilent","Windows Audit Policy changed","8","60112"