timestamp,agent.name,rule.mitre.id,rule.mitre.tactic,rule.description,rule.level,rule.id
"Sep 14, 2026 @ 16:35:59.927","Cyber-DC",["T1078"],["Defense Evasion","Persistence","Privilege Escalation","Initial Access"],"Windows Logon Success","3","60106"
"Sep 14, 2026 @ 16:34:59.917","Cyber-DC",["T1078"],["Defense Evasion","Persistence","Privilege Escalation","Initial Access"],"Windows Logon Success","3","60106"
"Sep 14, 2026 @ 16:34:16.058","Cyber-DC",["T1565.001","T1112"],["Impact","Defense Evasion"],"Registry Key Integrity Checksum Changed","5","594"
"Sep 14, 2026 @ 16:33:59.925","Cyber-DC",["T1078"],["Defense Evasion","Persistence","Privilege Escalation","Initial Access"],"Windows Logon Success","3","60106"
"Sep 14, 2026 @ 16:33:01.462","Cyber-DC",["T1078"],["Defense Evasion","Persistence","Privilege Escalation","Initial Access"],"Windows Logon Success","3","60106"
"Sep 14, 2026 @ 16:33:01.428","Cyber-DC",["T1078"],["Defense Evasion","Persistence","Privilege Escalation","Initial Access"],"Windows Logon Success","3","60106"
"Sep 14, 2026 @ 16:33:01.363","Cyber-DC",["T1078"],["Defense Evasion","Persistence","Privilege Escalation","Initial Access"],"Windows Logon Success","3","60106"
"Sep 14, 2026 @ 16:33:01.324","Cyber-DC",["T1078"],["Defense Evasion","Persistence","Privilege Escalation","Initial Access"],"Windows Logon Success","3","60106"
"Sep 14, 2026 @ 16:33:01.316","Cyber-DC",["T1078"],["Defense Evasion","Persistence","Privilege Escalation","Initial Access"],"Windows Logon Success","3","60106"
"Sep 14, 2026 @ 16:33:01.304","Cyber-DC",["T1078"],["Defense Evasion","Persistence","Privilege Escalation","Initial Access"],"Windows Logon Success","3","60106"
"Sep 14, 2026 @ 16:33:01.303","Cyber-DC",["T1078"],["Defense Evasion","Persistence","Privilege Escalation","Initial Access"],"Windows Logon Success","3","60106"
"Sep 14, 2026 @ 16:32:59.932","Cyber-DC",["T1078"],["Defense Evasion","Persistence","Privilege Escalation","Initial Access"],"Windows Logon Success","3","60106"
"Sep 14, 2026 @ 16:31:59.916","Cyber-DC",["T1078"],["Defense Evasion","Persistence","Privilege Escalation","Initial Access"],"Windows Logon Success","3","60106"
"Sep 14, 2026 @ 16:30:59.901","Cyber-DC",["T1078"],["Defense Evasion","Persistence","Privilege Escalation","Initial Access"],"Windows Logon Success","3","60106"
"Sep 14, 2026 @ 16:29:59.894","Cyber-DC",["T1078"],["Defense Evasion","Persistence","Privilege Escalation","Initial Access"],"Windows Logon Success","3","60106"
"Sep 14, 2026 @ 16:29:11.120","Cyber-DC",["T1078"],["Defense Evasion","Persistence","Privilege Escalation","Initial Access"],"Windows Logon Success","3","60106"
"Sep 14, 2026 @ 16:28:59.892","Cyber-DC",["T1078"],["Defense Evasion","Persistence","Privilege Escalation","Initial Access"],"Windows Logon Success","3","60106"
"Sep 14, 2026 @ 16:28:15.615","Cyber-DC",["T1565.001","T1112"],["Impact","Defense Evasion"],"Registry Value Integrity Checksum Changed","5","750"
"Sep 14, 2026 @ 16:28:15.614","Cyber-DC",["T1565.001","T1112"],["Impact","Defense Evasion"],"Registry Value Integrity Checksum Changed","5","750"
"Sep 14, 2026 @ 16:28:15.611","Cyber-DC",["T1565.001","T1112"],["Impact","Defense Evasion"],"Registry Value Integrity Checksum Changed","5","750"
"Sep 14, 2026 @ 16:28:15.605","Cyber-DC",["T1565.001","T1112"],["Impact","Defense Evasion"],"Registry Key Integrity Checksum Changed","5","594"
"Sep 14, 2026 @ 16:28:15.592","Cyber-DC",["T1565.001","T1112"],["Impact","Defense Evasion"],"Registry Value Integrity Checksum Changed","5","750"
"Sep 14, 2026 @ 16:28:15.585","Cyber-DC",["T1565.001","T1112"],["Impact","Defense Evasion"],"Registry Key Integrity Checksum Changed","5","594"
"Sep 14, 2026 @ 16:28:14.893","Cyber-DC",["T1565.001","T1112"],["Impact","Defense Evasion"],"Registry Value Integrity Checksum Changed","5","750"
"Sep 14, 2026 @ 16:28:13.931","Cyber-DC",["T1565.001","T1112"],["Impact","Defense Evasion"],"Registry Value Integrity Checksum Changed","5","750"
"Sep 14, 2026 @ 16:28:13.931","Cyber-DC",["T1565.001","T1112"],["Impact","Defense Evasion"],"Registry Value Integrity Checksum Changed","5","750"
"Sep 14, 2026 @ 16:28:13.890","Cyber-DC",["T1565.001","T1112"],["Impact","Defense Evasion"],"Registry Key Integrity Checksum Changed","5","594"
"Sep 14, 2026 @ 16:28:09.637","Cyber-DC",["T1565.001","T1112"],["Impact","Defense Evasion"],"Registry Key Integrity Checksum Changed","5","594"
"Sep 14, 2026 @ 16:28:01.259","Cyber-DC",["T1078"],["Defense Evasion","Persistence","Privilege Escalation","Initial Access"],"Windows Logon Success","3","60106"
"Sep 14, 2026 @ 16:28:01.244","Cyber-DC",["T1078"],["Defense Evasion","Persistence","Privilege Escalation","Initial Access"],"Windows Logon Success","3","60106"
"Sep 14, 2026 @ 16:28:01.228","Cyber-DC",["T1078"],["Defense Evasion","Persistence","Privilege Escalation","Initial Access"],"Windows Logon Success","3","60106"
"Sep 14, 2026 @ 16:28:01.207","Cyber-DC",["T1078"],["Defense Evasion","Persistence","Privilege Escalation","Initial Access"],"Windows Logon Success","3","60106"
"Sep 14, 2026 @ 16:28:01.200","Cyber-DC",["T1078"],["Defense Evasion","Persistence","Privilege Escalation","Initial Access"],"Windows Logon Success","3","60106"
"Sep 14, 2026 @ 16:28:01.197","Cyber-DC",["T1078"],["Defense Evasion","Persistence","Privilege Escalation","Initial Access"],"Windows Logon Success","3","60106"
"Sep 14, 2026 @ 16:27:59.911","Cyber-DC",["T1078"],["Defense Evasion","Persistence","Privilege Escalation","Initial Access"],"Windows Logon Success","3","60106"
"Sep 14, 2026 @ 16:27:05.507","Cyber-DC",["T1078"],["Defense Evasion","Persistence","Privilege Escalation","Initial Access"],"Windows Logon Success","3","60106"
"Sep 14, 2026 @ 16:27:05.503","Cyber-DC",["T1484"],["Defense Evasion","Privilege Escalation"],"Special privileges assigned to new logon.","3","67028"
"Sep 14, 2026 @ 16:27:05.489","Cyber-DC",["T1078"],["Defense Evasion","Persistence","Privilege Escalation","Initial Access"],"Windows Logon Success","3","60106"
"Sep 14, 2026 @ 16:27:05.489","Cyber-DC",["T1078"],["Defense Evasion","Persistence","Privilege Escalation","Initial Access"],"Windows Logon Success","3","60106"
"Sep 14, 2026 @ 16:27:00.243","Cyber-DC",["T1565.001","T1112"],["Impact","Defense Evasion"],"Registry Value Integrity Checksum Changed","5","750"
"Sep 14, 2026 @ 16:27:00.242","Cyber-DC",["T1565.001","T1112"],["Impact","Defense Evasion"],"Registry Key Integrity Checksum Changed","5","594"
"Sep 14, 2026 @ 16:26:59.894","Cyber-DC",["T1078"],["Defense Evasion","Persistence","Privilege Escalation","Initial Access"],"Windows Logon Success","3","60106"
"Sep 14, 2026 @ 16:26:56.052","Cyber-DC",["T1078"],["Defense Evasion","Persistence","Privilege Escalation","Initial Access"],"Windows Logon Success","3","60106"
"Sep 14, 2026 @ 16:25:59.905","Cyber-DC",["T1078"],["Defense Evasion","Persistence","Privilege Escalation","Initial Access"],"Windows Logon Success","3","60106"
"Sep 14, 2026 @ 16:24:59.865","Cyber-DC",["T1078"],["Defense Evasion","Persistence","Privilege Escalation","Initial Access"],"Windows Logon Success","3","60106"
"Sep 14, 2026 @ 16:24:34.814","Cyber-DC",["T1565.001","T1112"],["Impact","Defense Evasion"],"Registry Value Integrity Checksum Changed","5","750"
"Sep 14, 2026 @ 16:24:34.771","Cyber-DC",["T1565.001","T1112"],["Impact","Defense Evasion"],"Registry Key Integrity Checksum Changed","5","594"
"Sep 14, 2026 @ 16:23:59.866","Cyber-DC",["T1078"],["Defense Evasion","Persistence","Privilege Escalation","Initial Access"],"Windows Logon Success","3","60106"
"Sep 14, 2026 @ 16:23:20.236","Cyber-DC",["T1565.001","T1112"],["Impact","Defense Evasion"],"Registry Key Integrity Checksum Changed","5","594"
"Sep 14, 2026 @ 16:23:19.467","Cyber-DC",["T1565.001","T1112"],["Impact","Defense Evasion"],"Registry Value Integrity Checksum Changed","5","750"
"Sep 14, 2026 @ 16:23:19.466","Cyber-DC",["T1565.001","T1112"],["Impact","Defense Evasion"],"Registry Key Integrity Checksum Changed","5","594"
"Sep 14, 2026 @ 16:23:01.314","Cyber-DC",["T1078"],["Defense Evasion","Persistence","Privilege Escalation","Initial Access"],"Windows Logon Success","3","60106"
"Sep 14, 2026 @ 16:23:01.280","Cyber-DC",["T1078"],["Defense Evasion","Persistence","Privilege Escalation","Initial Access"],"Windows Logon Success","3","60106"
"Sep 14, 2026 @ 16:23:01.216","Cyber-DC",["T1078"],["Defense Evasion","Persistence","Privilege Escalation","Initial Access"],"Windows Logon Success","3","60106"
"Sep 14, 2026 @ 16:23:01.142","Cyber-DC",["T1078"],["Defense Evasion","Persistence","Privilege Escalation","Initial Access"],"Windows Logon Success","3","60106"
"Sep 14, 2026 @ 16:23:01.134","Cyber-DC",["T1078"],["Defense Evasion","Persistence","Privilege Escalation","Initial Access"],"Windows Logon Success","3","60106"
"Sep 14, 2026 @ 16:23:01.130","Cyber-DC",["T1078"],["Defense Evasion","Persistence","Privilege Escalation","Initial Access"],"Windows Logon Success","3","60106"
"Sep 14, 2026 @ 16:22:59.841","Cyber-DC",["T1078"],["Defense Evasion","Persistence","Privilege Escalation","Initial Access"],"Windows Logon Success","3","60106"
"Sep 14, 2026 @ 16:21:59.826","Cyber-DC",["T1078"],["Defense Evasion","Persistence","Privilege Escalation","Initial Access"],"Windows Logon Success","3","60106"
"Sep 14, 2026 @ 16:20:59.812","Cyber-DC",["T1078"],["Defense Evasion","Persistence","Privilege Escalation","Initial Access"],"Windows Logon Success","3","60106"
"Sep 14, 2026 @ 16:19:59.803","Cyber-DC",["T1078"],["Defense Evasion","Persistence","Privilege Escalation","Initial Access"],"Windows Logon Success","3","60106"
"Sep 14, 2026 @ 16:18:59.789","Cyber-DC",["T1078"],["Defense Evasion","Persistence","Privilege Escalation","Initial Access"],"Windows Logon Success","3","60106"
"Sep 14, 2026 @ 16:18:29.850","Cyber-DC",["T1565.001","T1112"],["Impact","Defense Evasion"],"Registry Key Integrity Checksum Changed","5","594"
"Sep 14, 2026 @ 16:18:01.072","Cyber-DC",["T1078"],["Defense Evasion","Persistence","Privilege Escalation","Initial Access"],"Windows Logon Success","3","60106"
"Sep 14, 2026 @ 16:18:01.056","Cyber-DC",["T1078"],["Defense Evasion","Persistence","Privilege Escalation","Initial Access"],"Windows Logon Success","3","60106"
"Sep 14, 2026 @ 16:18:01.052","Cyber-DC",["T1078"],["Defense Evasion","Persistence","Privilege Escalation","Initial Access"],"Windows Logon Success","3","60106"
"Sep 14, 2026 @ 16:18:01.049","Cyber-DC",["T1078"],["Defense Evasion","Persistence","Privilege Escalation","Initial Access"],"Windows Logon Success","3","60106"
"Sep 14, 2026 @ 16:17:59.856","Cyber-DC",["T1078"],["Defense Evasion","Persistence","Privilege Escalation","Initial Access"],"Windows Logon Success","3","60106"
"Sep 14, 2026 @ 16:17:59.806","Cyber-DC",["T1078"],["Defense Evasion","Persistence","Privilege Escalation","Initial Access"],"Windows Logon Success","3","60106"
"Sep 14, 2026 @ 16:17:59.781","Cyber-DC",["T1078"],["Defense Evasion","Persistence","Privilege Escalation","Initial Access"],"Windows Logon Success","3","60106"
"Sep 14, 2026 @ 16:16:59.944","Cyber-DC",["T1078"],["Defense Evasion","Persistence","Privilege Escalation","Initial Access"],"Windows Logon Success","3","60106"
"Sep 14, 2026 @ 16:16:55.961","Cyber-DC",["T1078"],["Defense Evasion","Persistence","Privilege Escalation","Initial Access"],"Windows Logon Success","3","60106"
"Sep 14, 2026 @ 16:15:59.757","Cyber-DC",["T1078"],["Defense Evasion","Persistence","Privilege Escalation","Initial Access"],"Windows Logon Success","3","60106"
"Sep 14, 2026 @ 16:14:59.755","Cyber-DC",["T1078"],["Defense Evasion","Persistence","Privilege Escalation","Initial Access"],"Windows Logon Success","3","60106"
"Sep 14, 2026 @ 16:13:59.760","Cyber-DC",["T1078"],["Defense Evasion","Persistence","Privilege Escalation","Initial Access"],"Windows Logon Success","3","60106"
"Sep 14, 2026 @ 16:13:47.792","Cyber-DC",["T1565.001","T1112"],["Impact","Defense Evasion"],"Registry Key Integrity Checksum Changed","5","594"
"Sep 14, 2026 @ 16:13:01.056","Cyber-DC",["T1078"],["Defense Evasion","Persistence","Privilege Escalation","Initial Access"],"Windows Logon Success","3","60106"
"Sep 14, 2026 @ 16:13:00.994","Cyber-DC",["T1078"],["Defense Evasion","Persistence","Privilege Escalation","Initial Access"],"Windows Logon Success","3","60106"
"Sep 14, 2026 @ 16:13:00.991","Cyber-DC",["T1078"],["Defense Evasion","Persistence","Privilege Escalation","Initial Access"],"Windows Logon Success","3","60106"
"Sep 14, 2026 @ 16:13:00.988","Cyber-DC",["T1078"],["Defense Evasion","Persistence","Privilege Escalation","Initial Access"],"Windows Logon Success","3","60106"
"Sep 14, 2026 @ 16:12:59.788","Cyber-DC",["T1078"],["Defense Evasion","Persistence","Privilege Escalation","Initial Access"],"Windows Logon Success","3","60106"
"Sep 14, 2026 @ 16:12:59.752","Cyber-DC",["T1078"],["Defense Evasion","Persistence","Privilege Escalation","Initial Access"],"Windows Logon Success","3","60106"
"Sep 14, 2026 @ 16:12:59.740","Cyber-DC",["T1078"],["Defense Evasion","Persistence","Privilege Escalation","Initial Access"],"Windows Logon Success","3","60106"
"Sep 14, 2026 @ 16:12:34.453","Cyber-DC",["T1565.001","T1112"],["Impact","Defense Evasion"],"Registry Value Integrity Checksum Changed","5","750"
"Sep 14, 2026 @ 16:12:34.410","Cyber-DC",["T1565.001","T1112"],["Impact","Defense Evasion"],"Registry Key Integrity Checksum Changed","5","594"
"Sep 14, 2026 @ 16:11:59.735","Cyber-DC",["T1078"],["Defense Evasion","Persistence","Privilege Escalation","Initial Access"],"Windows Logon Success","3","60106"
"Sep 14, 2026 @ 16:10:59.728","Cyber-DC",["T1078"],["Defense Evasion","Persistence","Privilege Escalation","Initial Access"],"Windows Logon Success","3","60106"
"Sep 14, 2026 @ 16:10:03.971","Cyber-DC",["T1565.001","T1112"],["Impact","Defense Evasion"],"Registry Value Integrity Checksum Changed","5","750"
"Sep 14, 2026 @ 16:10:03.968","Cyber-DC",["T1565.001","T1112"],["Impact","Defense Evasion"],"Registry Key Integrity Checksum Changed","5","594"
"Sep 14, 2026 @ 16:09:59.747","Cyber-DC",["T1078"],["Defense Evasion","Persistence","Privilege Escalation","Initial Access"],"Windows Logon Success","3","60106"
"Sep 14, 2026 @ 16:08:05.147","Cyber-DC",["T1565.001","T1112"],["Impact","Defense Evasion"],"Registry Key Integrity Checksum Changed","5","594"
"Sep 14, 2026 @ 16:08:03.514","Cyber-DC",["T1565.001","T1112"],["Impact","Defense Evasion"],"Registry Value Integrity Checksum Changed","5","750"
"Sep 14, 2026 @ 16:08:03.513","Cyber-DC",["T1565.001","T1112"],["Impact","Defense Evasion"],"Registry Key Integrity Checksum Changed","5","594"
"Sep 14, 2026 @ 16:08:00.960","Cyber-DC",["T1078"],["Defense Evasion","Persistence","Privilege Escalation","Initial Access"],"Windows Logon Success","3","60106"
"Sep 14, 2026 @ 16:08:00.941","Cyber-DC",["T1078"],["Defense Evasion","Persistence","Privilege Escalation","Initial Access"],"Windows Logon Success","3","60106"
"Sep 14, 2026 @ 16:08:00.931","Cyber-DC",["T1078"],["Defense Evasion","Persistence","Privilege Escalation","Initial Access"],"Windows Logon Success","3","60106"
"Sep 14, 2026 @ 16:08:00.926","Cyber-DC",["T1078"],["Defense Evasion","Persistence","Privilege Escalation","Initial Access"],"Windows Logon Success","3","60106"
"Sep 14, 2026 @ 16:07:59.299","Cyber-DC",["T1078"],["Defense Evasion","Persistence","Privilege Escalation","Initial Access"],"Windows Logon Success","3","60106"
"Sep 14, 2026 @ 16:07:59.281","Cyber-DC",["T1078"],["Defense Evasion","Persistence","Privilege Escalation","Initial Access"],"Windows Logon Success","3","60106"
"Sep 14, 2026 @ 16:07:59.273","Cyber-DC",["T1078"],["Defense Evasion","Persistence","Privilege Escalation","Initial Access"],"Windows Logon Success","3","60106"
"Sep 14, 2026 @ 16:06:55.947","Cyber-DC",["T1078"],["Defense Evasion","Persistence","Privilege Escalation","Initial Access"],"Windows Logon Success","3","60106"
"Sep 14, 2026 @ 16:06:36.975","Cyber-DC",["T1078"],["Defense Evasion","Persistence","Privilege Escalation","Initial Access"],"Windows Logon Success","3","60106"
"Sep 14, 2026 @ 16:06:35.574","Cyber-DC",["T1078"],["Defense Evasion","Persistence","Privilege Escalation","Initial Access"],"Windows Logon Success","3","60106"
"Sep 14, 2026 @ 16:06:35.543","Cyber-DC",["T1078"],["Defense Evasion","Persistence","Privilege Escalation","Initial Access"],"Windows Logon Success","3","60106"
"Sep 14, 2026 @ 16:06:35.537","Cyber-DC",["T1078"],["Defense Evasion","Persistence","Privilege Escalation","Initial Access"],"Windows Logon Success","3","60106"
"Sep 14, 2026 @ 16:06:09.980","Cyber-DC",["T1078"],["Defense Evasion","Persistence","Privilege Escalation","Initial Access"],"Windows Logon Success","3","60106"
"Sep 14, 2026 @ 16:05:09.955","Cyber-DC",["T1078"],["Defense Evasion","Persistence","Privilege Escalation","Initial Access"],"Windows Logon Success","3","60106"
"Sep 14, 2026 @ 16:04:09.957","Cyber-DC",["T1078"],["Defense Evasion","Persistence","Privilege Escalation","Initial Access"],"Windows Logon Success","3","60106"
"Sep 14, 2026 @ 16:03:09.944","Cyber-DC",["T1078"],["Defense Evasion","Persistence","Privilege Escalation","Initial Access"],"Windows Logon Success","3","60106"
"Sep 14, 2026 @ 16:03:00.903","Cyber-DC",["T1078"],["Defense Evasion","Persistence","Privilege Escalation","Initial Access"],"Windows Logon Success","3","60106"
"Sep 14, 2026 @ 16:03:00.809","Cyber-DC",["T1078"],["Defense Evasion","Persistence","Privilege Escalation","Initial Access"],"Windows Logon Success","3","60106"
"Sep 14, 2026 @ 16:03:00.802","Cyber-DC",["T1078"],["Defense Evasion","Persistence","Privilege Escalation","Initial Access"],"Windows Logon Success","3","60106"
"Sep 14, 2026 @ 16:03:00.798","Cyber-DC",["T1078"],["Defense Evasion","Persistence","Privilege Escalation","Initial Access"],"Windows Logon Success","3","60106"
"Sep 14, 2026 @ 16:02:47.942","Cyber-DC",["T1565.001","T1112"],["Impact","Defense Evasion"],"Registry Key Integrity Checksum Changed","5","594"
"Sep 14, 2026 @ 16:02:43.245","Cyber-DC",["T1078"],["Defense Evasion","Persistence","Privilege Escalation","Initial Access"],"Windows Logon Success","3","60106"
"Sep 14, 2026 @ 16:02:13.819","Cyber-DC",["T1078"],["Defense Evasion","Persistence","Privilege Escalation","Initial Access"],"Windows Logon Success","3","60106"
"Sep 14, 2026 @ 16:02:13.802","Cyber-DC",["T1078"],["Defense Evasion","Persistence","Privilege Escalation","Initial Access"],"Windows Logon Success","3","60106"
"Sep 14, 2026 @ 16:02:09.947","Cyber-DC",["T1078"],["Defense Evasion","Persistence","Privilege Escalation","Initial Access"],"Windows Logon Success","3","60106"
"Sep 14, 2026 @ 16:02:06.449","Cyber-DC",["T1078"],["Defense Evasion","Persistence","Privilege Escalation","Initial Access"],"Windows Logon Success","3","60106"
"Sep 14, 2026 @ 16:01:09.907","Cyber-DC",["T1078"],["Defense Evasion","Persistence","Privilege Escalation","Initial Access"],"Windows Logon Success","3","60106"
"Sep 14, 2026 @ 16:00:09.977","Cyber-DC",["T1078"],["Defense Evasion","Persistence","Privilege Escalation","Initial Access"],"Windows Logon Success","3","60106"
"Sep 14, 2026 @ 15:59:12.351","Cyber-DC",["T1565.001","T1112"],["Impact","Defense Evasion"],"Registry Value Integrity Checksum Changed","5","750"
"Sep 14, 2026 @ 15:59:12.350","Cyber-DC",["T1565.001","T1112"],["Impact","Defense Evasion"],"Registry Value Integrity Checksum Changed","5","750"
"Sep 14, 2026 @ 15:59:12.339","Cyber-DC",["T1565.001","T1112"],["Impact","Defense Evasion"],"Registry Value Integrity Checksum Changed","5","750"
"Sep 14, 2026 @ 15:59:12.337","Cyber-DC",["T1565.001","T1112"],["Impact","Defense Evasion"],"Registry Key Integrity Checksum Changed","5","594"
"Sep 14, 2026 @ 15:59:12.336","Cyber-DC",["T1565.001","T1112"],["Impact","Defense Evasion"],"Registry Value Integrity Checksum Changed","5","750"
"Sep 14, 2026 @ 15:59:12.329","Cyber-DC",["T1565.001","T1112"],["Impact","Defense Evasion"],"Registry Value Integrity Checksum Changed","5","750"
"Sep 14, 2026 @ 15:59:12.324","Cyber-DC",["T1565.001","T1112"],["Impact","Defense Evasion"],"Registry Key Integrity Checksum Changed","5","594"
"Sep 14, 2026 @ 15:59:09.902","Cyber-DC",["T1078"],["Defense Evasion","Persistence","Privilege Escalation","Initial Access"],"Windows Logon Success","3","60106"
"Sep 14, 2026 @ 15:59:05.495","Cyber-DC",["T1565.001","T1112"],["Impact","Defense Evasion"],"Registry Value Integrity Checksum Changed","5","750"
"Sep 14, 2026 @ 15:59:05.451","Cyber-DC",["T1565.001","T1112"],["Impact","Defense Evasion"],"Registry Key Integrity Checksum Changed","5","594"
"Sep 14, 2026 @ 15:58:45.727","Cyber-DC",["T1484"],["Defense Evasion","Privilege Escalation"],"Security Enabled Global Group Changed","5","60148"
"Sep 14, 2026 @ 15:58:45.685","Cyber-DC",["T1484"],["Defense Evasion","Privilege Escalation"],"Domain Admins Group Changed","12","60159"
"Sep 14, 2026 @ 15:58:12.018","Cyber-DC",["T1484"],["Defense Evasion","Privilege Escalation"],"Administrators Group Changed","12","60154"
"Sep 14, 2026 @ 15:58:12.018","Cyber-DC",["T1484"],["Defense Evasion","Privilege Escalation"],"Security Enabled Local Group Changed","5","60147"
"Sep 14, 2026 @ 15:58:09.903","Cyber-DC",["T1078"],["Defense Evasion","Persistence","Privilege Escalation","Initial Access"],"Windows Logon Success","3","60106"
"Sep 14, 2026 @ 15:58:00.860","Cyber-DC",["T1078"],["Defense Evasion","Persistence","Privilege Escalation","Initial Access"],"Windows Logon Success","3","60106"
"Sep 14, 2026 @ 15:58:00.764","Cyber-DC",["T1078"],["Defense Evasion","Persistence","Privilege Escalation","Initial Access"],"Windows Logon Success","3","60106"
"Sep 14, 2026 @ 15:58:00.755","Cyber-DC",["T1078"],["Defense Evasion","Persistence","Privilege Escalation","Initial Access"],"Windows Logon Success","3","60106"
"Sep 14, 2026 @ 15:58:00.746","Cyber-DC",["T1078"],["Defense Evasion","Persistence","Privilege Escalation","Initial Access"],"Windows Logon Success","3","60106"
"Sep 14, 2026 @ 15:58:00.742","Cyber-DC",["T1078"],["Defense Evasion","Persistence","Privilege Escalation","Initial Access"],"Windows Logon Success","3","60106"
"Sep 14, 2026 @ 15:57:56.138","Cyber-DC",["T1565.001","T1112"],["Impact","Defense Evasion"],"Registry Value Integrity Checksum Changed","5","750"
"Sep 14, 2026 @ 15:57:56.099","Cyber-DC",["T1565.001","T1112"],["Impact","Defense Evasion"],"Registry Key Integrity Checksum Changed","5","594"
"Sep 14, 2026 @ 15:57:52.200","Cyber-DC",["T1565.001","T1112"],["Impact","Defense Evasion"],"Registry Key Integrity Checksum Changed","5","594"
"Sep 14, 2026 @ 15:57:51.542","Cyber-DC",["T1565.001","T1112"],["Impact","Defense Evasion"],"Registry Value Integrity Checksum Changed","5","750"
"Sep 14, 2026 @ 15:57:51.542","Cyber-DC",["T1565.001","T1112"],["Impact","Defense Evasion"],"Registry Key Integrity Checksum Changed","5","594"
"Sep 14, 2026 @ 15:57:27.420","Cyber-DC",["T1078"],["Defense Evasion","Persistence","Privilege Escalation","Initial Access"],"Windows Logon Success","3","60106"
"Sep 14, 2026 @ 15:57:13.416","Cyber-DC",["T1078"],["Defense Evasion","Persistence","Privilege Escalation","Initial Access"],"Windows Logon Success","3","60106"
"Sep 14, 2026 @ 15:57:13.411","Cyber-DC",["T1078"],["Defense Evasion","Persistence","Privilege Escalation","Initial Access"],"Windows Logon Success","3","60106"
"Sep 14, 2026 @ 15:57:09.891","Cyber-DC",["T1078"],["Defense Evasion","Persistence","Privilege Escalation","Initial Access"],"Windows Logon Success","3","60106"
"Sep 14, 2026 @ 15:56:55.936","Cyber-DC",["T1078"],["Defense Evasion","Persistence","Privilege Escalation","Initial Access"],"Windows Logon Success","3","60106"
"Sep 14, 2026 @ 15:56:48.542","Cyber-DC",["T1078"],["Defense Evasion","Persistence","Privilege Escalation","Initial Access"],"Windows Logon Success","3","60106"
"Sep 14, 2026 @ 15:56:09.890","Cyber-DC",["T1078"],["Defense Evasion","Persistence","Privilege Escalation","Initial Access"],"Windows Logon Success","3","60106"
"Sep 14, 2026 @ 15:55:09.887","Cyber-DC",["T1078"],["Defense Evasion","Persistence","Privilege Escalation","Initial Access"],"Windows Logon Success","3","60106"
"Sep 14, 2026 @ 15:54:09.884","Cyber-DC",["T1078"],["Defense Evasion","Persistence","Privilege Escalation","Initial Access"],"Windows Logon Success","3","60106"
"Sep 14, 2026 @ 15:53:09.876","Cyber-DC",["T1078"],["Defense Evasion","Persistence","Privilege Escalation","Initial Access"],"Windows Logon Success","3","60106"
"Sep 14, 2026 @ 15:53:00.682","Cyber-DC",["T1078"],["Defense Evasion","Persistence","Privilege Escalation","Initial Access"],"Windows Logon Success","3","60106"
"Sep 14, 2026 @ 15:53:00.672","Cyber-DC",["T1078"],["Defense Evasion","Persistence","Privilege Escalation","Initial Access"],"Windows Logon Success","3","60106"
"Sep 14, 2026 @ 15:53:00.669","Cyber-DC",["T1078"],["Defense Evasion","Persistence","Privilege Escalation","Initial Access"],"Windows Logon Success","3","60106"
"Sep 14, 2026 @ 15:53:00.664","Cyber-DC",["T1078"],["Defense Evasion","Persistence","Privilege Escalation","Initial Access"],"Windows Logon Success","3","60106"
"Sep 14, 2026 @ 15:52:56.495","Cyber-DC",["T1565.001","T1112"],["Impact","Defense Evasion"],"Registry Key Integrity Checksum Changed","5","594"
"Sep 14, 2026 @ 15:52:12.895","Cyber-DC",["T1078"],["Defense Evasion","Persistence","Privilege Escalation","Initial Access"],"Windows Logon Success","3","60106"
"Sep 14, 2026 @ 15:52:12.887","Cyber-DC",["T1078"],["Defense Evasion","Persistence","Privilege Escalation","Initial Access"],"Windows Logon Success","3","60106"
"Sep 14, 2026 @ 15:52:09.883","Cyber-DC",["T1078"],["Defense Evasion","Persistence","Privilege Escalation","Initial Access"],"Windows Logon Success","3","60106"
"Sep 14, 2026 @ 15:52:06.463","Cyber-DC",["T1078"],["Defense Evasion","Persistence","Privilege Escalation","Initial Access"],"Windows Logon Success","3","60106"
"Sep 14, 2026 @ 15:51:09.861","Cyber-DC",["T1078"],["Defense Evasion","Persistence","Privilege Escalation","Initial Access"],"Windows Logon Success","3","60106"
"Sep 14, 2026 @ 15:50:09.865","Cyber-DC",["T1078"],["Defense Evasion","Persistence","Privilege Escalation","Initial Access"],"Windows Logon Success","3","60106"
"Sep 14, 2026 @ 15:49:39.640","Cyber-DC",["T1078"],["Defense Evasion","Persistence","Privilege Escalation","Initial Access"],"Windows Logon Success","3","60106"
"Sep 14, 2026 @ 15:49:39.632","Cyber-DC",["T1078"],["Defense Evasion","Persistence","Privilege Escalation","Initial Access"],"Windows Logon Success","3","60106"
"Sep 14, 2026 @ 15:49:09.891","Cyber-DC",["T1078"],["Defense Evasion","Persistence","Privilege Escalation","Initial Access"],"Windows Logon Success","3","60106"
"Sep 14, 2026 @ 15:48:09.838","Cyber-DC",["T1078"],["Defense Evasion","Persistence","Privilege Escalation","Initial Access"],"Windows Logon Success","3","60106"
"Sep 14, 2026 @ 15:48:01.285","Cyber-DC",["T1565.001","T1112"],["Impact","Defense Evasion"],"Registry Key Integrity Checksum Changed","5","594"
"Sep 14, 2026 @ 15:48:00.668","Cyber-DC",["T1078"],["Defense Evasion","Persistence","Privilege Escalation","Initial Access"],"Windows Logon Success","3","60106"
"Sep 14, 2026 @ 15:48:00.658","Cyber-DC",["T1078"],["Defense Evasion","Persistence","Privilege Escalation","Initial Access"],"Windows Logon Success","3","60106"
"Sep 14, 2026 @ 15:48:00.654","Cyber-DC",["T1078"],["Defense Evasion","Persistence","Privilege Escalation","Initial Access"],"Windows Logon Success","3","60106"
"Sep 14, 2026 @ 15:48:00.649","Cyber-DC",["T1078"],["Defense Evasion","Persistence","Privilege Escalation","Initial Access"],"Windows Logon Success","3","60106"
"Sep 14, 2026 @ 15:47:55.349","Cyber-DC",["T1565.001","T1112"],["Impact","Defense Evasion"],"Registry Key Integrity Checksum Changed","5","594"
"Sep 14, 2026 @ 15:47:12.465","Cyber-DC",["T1078"],["Defense Evasion","Persistence","Privilege Escalation","Initial Access"],"Windows Logon Success","3","60106"
"Sep 14, 2026 @ 15:47:12.460","Cyber-DC",["T1078"],["Defense Evasion","Persistence","Privilege Escalation","Initial Access"],"Windows Logon Success","3","60106"
"Sep 14, 2026 @ 15:47:09.836","Cyber-DC",["T1078"],["Defense Evasion","Persistence","Privilege Escalation","Initial Access"],"Windows Logon Success","3","60106"
"Sep 14, 2026 @ 15:46:57.918","Cyber-DC",["T1078"],["Defense Evasion","Persistence","Privilege Escalation","Initial Access"],"Windows Logon Success","3","60106"
"Sep 14, 2026 @ 15:46:55.924","Cyber-DC",["T1078"],["Defense Evasion","Persistence","Privilege Escalation","Initial Access"],"Windows Logon Success","3","60106"
"Sep 14, 2026 @ 15:46:26.805","Cyber-DC",["T1078"],["Defense Evasion","Persistence","Privilege Escalation","Initial Access"],"Windows Logon Success","3","60106"
"Sep 14, 2026 @ 15:46:26.800","Cyber-DC",["T1078"],["Defense Evasion","Persistence","Privilege Escalation","Initial Access"],"Windows Logon Success","3","60106"
"Sep 14, 2026 @ 15:46:09.822","Cyber-DC",["T1078"],["Defense Evasion","Persistence","Privilege Escalation","Initial Access"],"Windows Logon Success","3","60106"
"Sep 14, 2026 @ 15:45:09.812","Cyber-DC",["T1078"],["Defense Evasion","Persistence","Privilege Escalation","Initial Access"],"Windows Logon Success","3","60106"
"Sep 14, 2026 @ 15:44:09.811","Cyber-DC",["T1078"],["Defense Evasion","Persistence","Privilege Escalation","Initial Access"],"Windows Logon Success","3","60106"
"Sep 14, 2026 @ 15:43:12.911","Cyber-DC",["T1565.001","T1112"],["Impact","Defense Evasion"],"Registry Value Integrity Checksum Changed","5","750"
"Sep 14, 2026 @ 15:43:12.910","Cyber-DC",["T1565.001","T1112"],["Impact","Defense Evasion"],"Registry Key Integrity Checksum Changed","5","594"
"Sep 14, 2026 @ 15:43:09.817","Cyber-DC",["T1078"],["Defense Evasion","Persistence","Privilege Escalation","Initial Access"],"Windows Logon Success","3","60106"
"Sep 14, 2026 @ 15:43:09.167","Cyber-DC",["T1565.001","T1112"],["Impact","Defense Evasion"],"Registry Key Integrity Checksum Changed","5","594"
"Sep 14, 2026 @ 15:43:00.647","Cyber-DC",["T1078"],["Defense Evasion","Persistence","Privilege Escalation","Initial Access"],"Windows Logon Success","3","60106"
"Sep 14, 2026 @ 15:43:00.564","Cyber-DC",["T1078"],["Defense Evasion","Persistence","Privilege Escalation","Initial Access"],"Windows Logon Success","3","60106"
"Sep 14, 2026 @ 15:43:00.531","Cyber-DC",["T1078"],["Defense Evasion","Persistence","Privilege Escalation","Initial Access"],"Windows Logon Success","3","60106"
"Sep 14, 2026 @ 15:43:00.522","Cyber-DC",["T1078"],["Defense Evasion","Persistence","Privilege Escalation","Initial Access"],"Windows Logon Success","3","60106"
"Sep 14, 2026 @ 15:42:41.573","Cyber-DC",["T1078"],["Defense Evasion","Persistence","Privilege Escalation","Initial Access"],"Windows Logon Success","3","60106"
"Sep 14, 2026 @ 15:42:25.240","Cyber-DC",["T1078"],["Defense Evasion","Persistence","Privilege Escalation","Initial Access"],"Windows Logon Success","3","60106"
"Sep 14, 2026 @ 15:42:11.848","Cyber-DC",["T1078"],["Defense Evasion","Persistence","Privilege Escalation","Initial Access"],"Windows Logon Success","3","60106"
"Sep 14, 2026 @ 15:42:11.804","Cyber-DC",["T1078"],["Defense Evasion","Persistence","Privilege Escalation","Initial Access"],"Windows Logon Success","3","60106"
"Sep 14, 2026 @ 15:42:09.835","Cyber-DC",["T1078"],["Defense Evasion","Persistence","Privilege Escalation","Initial Access"],"Windows Logon Success","3","60106"
"Sep 14, 2026 @ 15:42:06.575","Cyber-DC",["T1078"],["Defense Evasion","Persistence","Privilege Escalation","Initial Access"],"Windows Logon Success","3","60106"
"Sep 14, 2026 @ 15:42:06.556","Cyber-DC",["T1078"],["Defense Evasion","Persistence","Privilege Escalation","Initial Access"],"Windows Logon Success","3","60106"
"Sep 14, 2026 @ 15:42:06.553","Cyber-DC",["T1078"],["Defense Evasion","Persistence","Privilege Escalation","Initial Access"],"Windows Logon Success","3","60106"
"Sep 14, 2026 @ 15:41:09.790","Cyber-DC",["T1078"],["Defense Evasion","Persistence","Privilege Escalation","Initial Access"],"Windows Logon Success","3","60106"
"Sep 14, 2026 @ 15:40:19.767","Cyber-Svr",["T1562.001"],["Defense Evasion"],"Wazuh agent disconnected.","3","504"
"Sep 14, 2026 @ 15:40:19.766","Cyber-Linux-cilent",["T1562.001"],["Defense Evasion"],"Wazuh agent disconnected.","3","504"
"Sep 14, 2026 @ 15:40:19.765","Cyber-Window-cilent",["T1562.001"],["Defense Evasion"],"Wazuh agent disconnected.","3","504"
"Sep 14, 2026 @ 15:40:09.800","Cyber-DC",["T1078"],["Defense Evasion","Persistence","Privilege Escalation","Initial Access"],"Windows Logon Success","3","60106"
"Sep 14, 2026 @ 15:39:09.746","Cyber-DC",["T1078"],["Defense Evasion","Persistence","Privilege Escalation","Initial Access"],"Windows Logon Success","3","60106"
"Sep 14, 2026 @ 15:38:13.615","Cyber-DC",["T1565.001","T1112"],["Impact","Defense Evasion"],"Registry Key Integrity Checksum Changed","5","594"
"Sep 14, 2026 @ 15:38:09.778","Cyber-DC",["T1078"],["Defense Evasion","Persistence","Privilege Escalation","Initial Access"],"Windows Logon Success","3","60106"
"Sep 14, 2026 @ 15:38:07.609","Cyber-DC",["T1565.001","T1112"],["Impact","Defense Evasion"],"Registry Key Integrity Checksum Changed","5","594"
"Sep 14, 2026 @ 15:38:00.618","Cyber-DC",["T1078"],["Defense Evasion","Persistence","Privilege Escalation","Initial Access"],"Windows Logon Success","3","60106"
"Sep 14, 2026 @ 15:38:00.506","Cyber-DC",["T1078"],["Defense Evasion","Persistence","Privilege Escalation","Initial Access"],"Windows Logon Success","3","60106"
"Sep 14, 2026 @ 15:38:00.491","Cyber-DC",["T1078"],["Defense Evasion","Persistence","Privilege Escalation","Initial Access"],"Windows Logon Success","3","60106"
"Sep 14, 2026 @ 15:38:00.459","Cyber-DC",["T1078"],["Defense Evasion","Persistence","Privilege Escalation","Initial Access"],"Windows Logon Success","3","60106"
"Sep 14, 2026 @ 15:37:41.139","Cyber-DC",["T1078"],["Defense Evasion","Persistence","Privilege Escalation","Initial Access"],"Windows Logon Success","3","60106"
"Sep 14, 2026 @ 15:37:38.098","Cyber-DC",["T1078"],["Defense Evasion","Persistence","Privilege Escalation","Initial Access"],"Windows Logon Success","3","60106"
"Sep 14, 2026 @ 15:37:11.689","Cyber-DC",["T1078"],["Defense Evasion","Persistence","Privilege Escalation","Initial Access"],"Windows Logon Success","3","60106"
"Sep 14, 2026 @ 15:37:11.683","Cyber-DC",["T1078"],["Defense Evasion","Persistence","Privilege Escalation","Initial Access"],"Windows Logon Success","3","60106"
"Sep 14, 2026 @ 15:37:09.745","Cyber-DC",["T1078"],["Defense Evasion","Persistence","Privilege Escalation","Initial Access"],"Windows Logon Success","3","60106"
"Sep 14, 2026 @ 15:36:56.967","Cyber-DC",["T1078"],["Defense Evasion","Persistence","Privilege Escalation","Initial Access"],"Windows Logon Success","3","60106"
"Sep 14, 2026 @ 15:36:55.917","Cyber-DC",["T1078"],["Defense Evasion","Persistence","Privilege Escalation","Initial Access"],"Windows Logon Success","3","60106"
"Sep 14, 2026 @ 15:36:55.912","Cyber-DC",["T1078"],["Defense Evasion","Persistence","Privilege Escalation","Initial Access"],"Windows Logon Success","3","60106"
"Sep 14, 2026 @ 15:36:26.474","Cyber-DC",["T1098"],["Persistence"],"User account changed","8","60110"
"Sep 14, 2026 @ 15:36:26.472","Cyber-DC",["T1098"],["Persistence"],"User account enabled or created","8","60109"
"Sep 14, 2026 @ 15:36:26.455","Cyber-DC",["T1098"],["Persistence"],"User account enabled or created","8","60109"
"Sep 14, 2026 @ 15:36:09.736","Cyber-DC",["T1078"],["Defense Evasion","Persistence","Privilege Escalation","Initial Access"],"Windows Logon Success","3","60106"
"Sep 14, 2026 @ 15:35:33.626","Cyber-DC",["T1565.001","T1112"],["Impact","Defense Evasion"],"Registry Key Integrity Checksum Changed","5","594"
"Sep 14, 2026 @ 15:35:33.624","Cyber-DC",["T1565.001","T1112"],["Impact","Defense Evasion"],"Registry Value Integrity Checksum Changed","5","750"
"Sep 14, 2026 @ 15:35:09.718","Cyber-DC",["T1078"],["Defense Evasion","Persistence","Privilege Escalation","Initial Access"],"Windows Logon Success","3","60106"
"Sep 14, 2026 @ 15:34:18.534","Cyber-DC",["T1565.001","T1112"],["Impact","Defense Evasion"],"Registry Value Integrity Checksum Changed","5","750"
"Sep 14, 2026 @ 15:34:18.534","Cyber-DC",["T1565.001","T1112"],["Impact","Defense Evasion"],"Registry Key Integrity Checksum Changed","5","594"
"Sep 14, 2026 @ 15:34:17.452","Cyber-DC",["T1565.001","T1112"],["Impact","Defense Evasion"],"Registry Value Integrity Checksum Changed","5","750"
"Sep 14, 2026 @ 15:34:17.364","Cyber-DC",["T1565.001","T1112"],["Impact","Defense Evasion"],"Registry Key Integrity Checksum Changed","5","594"
"Sep 14, 2026 @ 15:34:09.706","Cyber-DC",["T1078"],["Defense Evasion","Persistence","Privilege Escalation","Initial Access"],"Windows Logon Success","3","60106"
"Sep 14, 2026 @ 15:33:11.521","Cyber-DC",["T1565.001","T1112"],["Impact","Defense Evasion"],"Registry Value Integrity Checksum Changed","5","750"
"Sep 14, 2026 @ 15:33:11.477","Cyber-DC",["T1565.001","T1112"],["Impact","Defense Evasion"],"Registry Key Integrity Checksum Changed","5","594"
"Sep 14, 2026 @ 15:33:11.464","Cyber-DC",["T1565.001","T1112"],["Impact","Defense Evasion"],"Registry Key Integrity Checksum Changed","5","594"
"Sep 14, 2026 @ 15:33:11.464","Cyber-DC",["T1112"],["Defense Evasion"],"Registry Value Entry Added to the System","5","752"
"Sep 14, 2026 @ 15:33:11.462","Cyber-DC",["T1112"],["Defense Evasion"],"Registry Key Entry Added to the System","5","598"
"Sep 14, 2026 @ 15:33:11.432","Cyber-DC",["T1112"],["Defense Evasion"],"Registry Key Entry Added to the System","5","598"
"Sep 14, 2026 @ 15:33:11.353","Cyber-DC",["T1565.001","T1112"],["Impact","Defense Evasion"],"Registry Key Integrity Checksum Changed","5","594"
"Sep 14, 2026 @ 15:33:11.338","Cyber-DC",["T1565.001","T1112"],["Impact","Defense Evasion"],"Registry Key Integrity Checksum Changed","5","594"
"Sep 14, 2026 @ 15:33:11.321","Cyber-DC",["T1112"],["Defense Evasion"],"Registry Value Entry Added to the System","5","752"
"Sep 14, 2026 @ 15:33:11.305","Cyber-DC",["T1112"],["Defense Evasion"],"Registry Value Entry Added to the System","5","752"
"Sep 14, 2026 @ 15:33:11.298","Cyber-DC",["T1112"],["Defense Evasion"],"Registry Value Entry Added to the System","5","752"
"Sep 14, 2026 @ 15:33:11.298","Cyber-DC",["T1112"],["Defense Evasion"],"Registry Value Entry Added to the System","5","752"
"Sep 14, 2026 @ 15:33:11.258","Cyber-DC",["T1112"],["Defense Evasion"],"Registry Value Entry Added to the System","5","752"
"Sep 14, 2026 @ 15:33:10.150","Cyber-DC",["T1112"],["Defense Evasion"],"Registry Value Entry Added to the System","5","752"
"Sep 14, 2026 @ 15:33:10.144","Cyber-DC",["T1112"],["Defense Evasion"],"Registry Key Entry Added to the System","5","598"
"Sep 14, 2026 @ 15:33:10.144","Cyber-DC",["T1112"],["Defense Evasion"],"Registry Value Entry Added to the System","5","752"
"Sep 14, 2026 @ 15:33:10.105","Cyber-DC",["T1112"],["Defense Evasion"],"Registry Value Entry Added to the System","5","752"
"Sep 14, 2026 @ 15:33:10.095","Cyber-DC",["T1112"],["Defense Evasion"],"Registry Key Entry Added to the System","5","598"
"Sep 14, 2026 @ 15:33:09.756","Cyber-DC",["T1078"],["Defense Evasion","Persistence","Privilege Escalation","Initial Access"],"Windows Logon Success","3","60106"
"Sep 14, 2026 @ 15:33:09.665","Cyber-DC",["T1565.001","T1112"],["Impact","Defense Evasion"],"Registry Key Integrity Checksum Changed","5","594"
"Sep 14, 2026 @ 15:33:09.623","Cyber-DC",["T1112"],["Defense Evasion"],"Registry Key Entry Added to the System","5","598"
"Sep 14, 2026 @ 15:33:09.544","Cyber-DC",["T1112"],["Defense Evasion"],"Registry Value Entry Added to the System","5","752"
"Sep 14, 2026 @ 15:33:09.530","Cyber-DC",["T1112"],["Defense Evasion"],"Registry Value Entry Added to the System","5","752"
"Sep 14, 2026 @ 15:33:09.514","Cyber-DC",["T1112"],["Defense Evasion"],"Registry Value Entry Added to the System","5","752"
"Sep 14, 2026 @ 15:33:09.509","Cyber-DC",["T1112"],["Defense Evasion"],"Registry Value Entry Added to the System","5","752"
"Sep 14, 2026 @ 15:33:09.492","Cyber-DC",["T1112"],["Defense Evasion"],"Registry Value Entry Added to the System","5","752"
"Sep 14, 2026 @ 15:33:09.477","Cyber-DC",["T1112"],["Defense Evasion"],"Registry Value Entry Added to the System","5","752"
"Sep 14, 2026 @ 15:33:09.461","Cyber-DC",["T1112"],["Defense Evasion"],"Registry Value Entry Added to the System","5","752"
"Sep 14, 2026 @ 15:33:09.448","Cyber-DC",["T1112"],["Defense Evasion"],"Registry Key Entry Added to the System","5","598"
"Sep 14, 2026 @ 15:33:09.445","Cyber-DC",["T1112"],["Defense Evasion"],"Registry Value Entry Added to the System","5","752"
"Sep 14, 2026 @ 15:33:09.431","Cyber-DC",["T1112"],["Defense Evasion"],"Registry Key Entry Added to the System","5","598"
"Sep 14, 2026 @ 15:33:09.415","Cyber-DC",["T1112"],["Defense Evasion"],"Registry Value Entry Added to the System","5","752"
"Sep 14, 2026 @ 15:33:09.400","Cyber-DC",["T1112"],["Defense Evasion"],"Registry Value Entry Added to the System","5","752"
"Sep 14, 2026 @ 15:33:09.384","Cyber-DC",["T1112"],["Defense Evasion"],"Registry Value Entry Added to the System","5","752"
"Sep 14, 2026 @ 15:33:09.373","Cyber-DC",["T1112"],["Defense Evasion"],"Registry Value Entry Added to the System","5","752"
"Sep 14, 2026 @ 15:33:09.355","Cyber-DC",["T1112"],["Defense Evasion"],"Registry Value Entry Added to the System","5","752"
"Sep 14, 2026 @ 15:33:09.352","Cyber-DC",["T1112"],["Defense Evasion"],"Registry Value Entry Added to the System","5","752"
"Sep 14, 2026 @ 15:33:09.337","Cyber-DC",["T1112"],["Defense Evasion"],"Registry Key Entry Added to the System","5","598"
"Sep 14, 2026 @ 15:33:09.337","Cyber-DC",["T1112"],["Defense Evasion"],"Registry Value Entry Added to the System","5","752"
"Sep 14, 2026 @ 15:33:09.334","Cyber-DC",["T1112"],["Defense Evasion"],"Registry Value Entry Added to the System","5","752"
"Sep 14, 2026 @ 15:33:09.289","Cyber-DC",["T1112"],["Defense Evasion"],"Registry Key Entry Added to the System","5","598"
"Sep 14, 2026 @ 15:33:09.243","Cyber-DC",["T1112"],["Defense Evasion"],"Registry Value Entry Added to the System","5","752"
"Sep 14, 2026 @ 15:33:09.229","Cyber-DC",["T1112"],["Defense Evasion"],"Registry Value Entry Added to the System","5","752"
"Sep 14, 2026 @ 15:33:09.210","Cyber-DC",["T1112"],["Defense Evasion"],"Registry Value Entry Added to the System","5","752"
"Sep 14, 2026 @ 15:33:09.204","Cyber-DC",["T1112"],["Defense Evasion"],"Registry Value Entry Added to the System","5","752"
"Sep 14, 2026 @ 15:33:09.203","Cyber-DC",["T1112"],["Defense Evasion"],"Registry Value Entry Added to the System","5","752"
"Sep 14, 2026 @ 15:33:09.163","Cyber-DC",["T1112"],["Defense Evasion"],"Registry Value Entry Added to the System","5","752"
"Sep 14, 2026 @ 15:33:09.149","Cyber-DC",["T1112"],["Defense Evasion"],"Registry Value Entry Added to the System","5","752"
"Sep 14, 2026 @ 15:33:09.146","Cyber-DC",["T1112"],["Defense Evasion"],"Registry Key Entry Added to the System","5","598"
"Sep 14, 2026 @ 15:33:09.145","Cyber-DC",["T1112"],["Defense Evasion"],"Registry Value Entry Added to the System","5","752"
"Sep 14, 2026 @ 15:33:09.121","Cyber-DC",["T1112"],["Defense Evasion"],"Registry Key Entry Added to the System","5","598"
"Sep 14, 2026 @ 15:33:09.000","Cyber-DC",["T1565.001","T1112"],["Impact","Defense Evasion"],"Registry Key Integrity Checksum Changed","5","594"
"Sep 14, 2026 @ 15:33:08.333","Cyber-DC",["T1565.001","T1112"],["Impact","Defense Evasion"],"Registry Key Integrity Checksum Changed","5","594"
"Sep 14, 2026 @ 15:33:08.311","Cyber-DC",["T1565.001","T1112"],["Impact","Defense Evasion"],"Registry Value Integrity Checksum Changed","5","750"
"Sep 14, 2026 @ 15:33:08.265","Cyber-DC",["T1565.001","T1112"],["Impact","Defense Evasion"],"Registry Key Integrity Checksum Changed","5","594"
"Sep 14, 2026 @ 15:33:08.187","Cyber-DC",["T1565.001","T1112"],["Impact","Defense Evasion"],"Registry Key Integrity Checksum Changed","5","594"
"Sep 14, 2026 @ 15:33:08.145","Cyber-DC",["T1565.001","T1112"],["Impact","Defense Evasion"],"Registry Key Integrity Checksum Changed","5","594"
"Sep 14, 2026 @ 15:33:07.893","Cyber-DC",["T1112"],["Defense Evasion"],"Registry Value Entry Added to the System","5","752"
"Sep 14, 2026 @ 15:33:07.893","Cyber-DC",["T1112"],["Defense Evasion"],"Registry Value Entry Added to the System","5","752"
"Sep 14, 2026 @ 15:33:07.893","Cyber-DC",["T1112"],["Defense Evasion"],"Registry Value Entry Added to the System","5","752"
"Sep 14, 2026 @ 15:33:07.849","Cyber-DC",["T1112"],["Defense Evasion"],"Registry Value Entry Added to the System","5","752"
"Sep 14, 2026 @ 15:33:07.834","Cyber-DC",["T1112"],["Defense Evasion"],"Registry Value Entry Added to the System","5","752"
"Sep 14, 2026 @ 15:33:07.820","Cyber-DC",["T1112"],["Defense Evasion"],"Registry Value Entry Added to the System","5","752"
"Sep 14, 2026 @ 15:33:07.814","Cyber-DC",["T1112"],["Defense Evasion"],"Registry Value Entry Added to the System","5","752"
"Sep 14, 2026 @ 15:33:07.308","Cyber-DC",["T1112"],["Defense Evasion"],"Registry Key Entry Added to the System","5","598"
"Sep 14, 2026 @ 15:33:07.291","Cyber-DC",["T1112"],["Defense Evasion"],"Registry Key Entry Added to the System","5","598"
"Sep 14, 2026 @ 15:33:07.279","Cyber-DC",["T1112"],["Defense Evasion"],"Registry Value Entry Added to the System","5","752"
"Sep 14, 2026 @ 15:33:07.277","Cyber-DC",["T1112"],["Defense Evasion"],"Registry Value Entry Added to the System","5","752"
"Sep 14, 2026 @ 15:33:07.265","Cyber-DC",["T1112"],["Defense Evasion"],"Registry Value Entry Added to the System","5","752"
"Sep 14, 2026 @ 15:33:07.262","Cyber-DC",["T1112"],["Defense Evasion"],"Registry Value Entry Added to the System","5","752"
"Sep 14, 2026 @ 15:33:07.246","Cyber-DC",["T1112"],["Defense Evasion"],"Registry Value Entry Added to the System","5","752"
"Sep 14, 2026 @ 15:33:07.240","Cyber-DC",["T1112"],["Defense Evasion"],"Registry Value Entry Added to the System","5","752"
"Sep 14, 2026 @ 15:33:07.240","Cyber-DC",["T1112"],["Defense Evasion"],"Registry Key Entry Added to the System","5","598"
"Sep 14, 2026 @ 15:33:07.199","Cyber-DC",["T1112"],["Defense Evasion"],"Registry Key Entry Added to the System","5","598"
"Sep 14, 2026 @ 15:33:07.150","Cyber-DC",["T1112"],["Defense Evasion"],"Registry Value Entry Added to the System","5","752"
"Sep 14, 2026 @ 15:33:07.135","Cyber-DC",["T1112"],["Defense Evasion"],"Registry Value Entry Added to the System","5","752"
"Sep 14, 2026 @ 15:33:07.119","Cyber-DC",["T1112"],["Defense Evasion"],"Registry Value Entry Added to the System","5","752"
"Sep 14, 2026 @ 15:33:07.106","Cyber-DC",["T1112"],["Defense Evasion"],"Registry Value Entry Added to the System","5","752"
"Sep 14, 2026 @ 15:33:07.104","Cyber-DC",["T1112"],["Defense Evasion"],"Registry Value Entry Added to the System","5","752"
"Sep 14, 2026 @ 15:33:07.087","Cyber-DC",["T1112"],["Defense Evasion"],"Registry Value Entry Added to the System","5","752"
"Sep 14, 2026 @ 15:33:07.073","Cyber-DC",["T1112"],["Defense Evasion"],"Registry Value Entry Added to the System","5","752"
"Sep 14, 2026 @ 15:33:07.071","Cyber-DC",["T1112"],["Defense Evasion"],"Registry Key Entry Added to the System","5","598"
"Sep 14, 2026 @ 15:33:07.069","Cyber-DC",["T1112"],["Defense Evasion"],"Registry Value Entry Added to the System","5","752"
"Sep 14, 2026 @ 15:33:07.027","Cyber-DC",["T1112"],["Defense Evasion"],"Registry Key Entry Added to the System","5","598"
"Sep 14, 2026 @ 15:33:07.008","Cyber-DC",["T1112"],["Defense Evasion"],"Registry Value Entry Added to the System","5","752"
"Sep 14, 2026 @ 15:33:06.993","Cyber-DC",["T1112"],["Defense Evasion"],"Registry Value Entry Added to the System","5","752"
"Sep 14, 2026 @ 15:33:06.977","Cyber-DC",["T1112"],["Defense Evasion"],"Registry Value Entry Added to the System","5","752"
"Sep 14, 2026 @ 15:33:06.962","Cyber-DC",["T1112"],["Defense Evasion"],"Registry Value Entry Added to the System","5","752"
"Sep 14, 2026 @ 15:33:06.949","Cyber-DC",["T1112"],["Defense Evasion"],"Registry Value Entry Added to the System","5","752"
"Sep 14, 2026 @ 15:33:06.948","Cyber-DC",["T1112"],["Defense Evasion"],"Registry Value Entry Added to the System","5","752"
"Sep 14, 2026 @ 15:33:06.931","Cyber-DC",["T1112"],["Defense Evasion"],"Registry Value Entry Added to the System","5","752"
"Sep 14, 2026 @ 15:33:06.917","Cyber-DC",["T1112"],["Defense Evasion"],"Registry Key Entry Added to the System","5","598"
"Sep 14, 2026 @ 15:33:06.915","Cyber-DC",["T1112"],["Defense Evasion"],"Registry Key Entry Added to the System","5","598"
"Sep 14, 2026 @ 15:33:06.902","Cyber-DC",["T1112"],["Defense Evasion"],"Registry Value Entry Added to the System","5","752"
"Sep 14, 2026 @ 15:33:06.884","Cyber-DC",["T1112"],["Defense Evasion"],"Registry Value Entry Added to the System","5","752"
"Sep 14, 2026 @ 15:33:06.869","Cyber-DC",["T1112"],["Defense Evasion"],"Registry Value Entry Added to the System","5","752"
"Sep 14, 2026 @ 15:33:06.869","Cyber-DC",["T1112"],["Defense Evasion"],"Registry Value Entry Added to the System","5","752"
"Sep 14, 2026 @ 15:33:06.851","Cyber-DC",["T1112"],["Defense Evasion"],"Registry Value Entry Added to the System","5","752"
"Sep 14, 2026 @ 15:33:06.836","Cyber-DC",["T1112"],["Defense Evasion"],"Registry Key Entry Added to the System","5","598"
"Sep 14, 2026 @ 15:33:06.820","Cyber-DC",["T1112"],["Defense Evasion"],"Registry Value Entry Added to the System","5","752"
"Sep 14, 2026 @ 15:33:06.804","Cyber-DC",["T1112"],["Defense Evasion"],"Registry Key Entry Added to the System","5","598"
"Sep 14, 2026 @ 15:33:06.789","Cyber-DC",["T1112"],["Defense Evasion"],"Registry Value Entry Added to the System","5","752"
"Sep 14, 2026 @ 15:33:06.774","Cyber-DC",["T1112"],["Defense Evasion"],"Registry Value Entry Added to the System","5","752"
"Sep 14, 2026 @ 15:33:06.757","Cyber-DC",["T1112"],["Defense Evasion"],"Registry Value Entry Added to the System","5","752"
"Sep 14, 2026 @ 15:33:06.744","Cyber-DC",["T1112"],["Defense Evasion"],"Registry Value Entry Added to the System","5","752"
"Sep 14, 2026 @ 15:33:06.729","Cyber-DC",["T1112"],["Defense Evasion"],"Registry Value Entry Added to the System","5","752"
"Sep 14, 2026 @ 15:33:06.711","Cyber-DC",["T1112"],["Defense Evasion"],"Registry Value Entry Added to the System","5","752"
"Sep 14, 2026 @ 15:33:06.702","Cyber-DC",["T1112"],["Defense Evasion"],"Registry Key Entry Added to the System","5","598"
"Sep 14, 2026 @ 15:33:06.702","Cyber-DC",["T1112"],["Defense Evasion"],"Registry Value Entry Added to the System","5","752"
"Sep 14, 2026 @ 15:33:06.659","Cyber-DC",["T1112"],["Defense Evasion"],"Registry Value Entry Added to the System","5","752"
"Sep 14, 2026 @ 15:33:06.644","Cyber-DC",["T1112"],["Defense Evasion"],"Registry Key Entry Added to the System","5","598"
"Sep 14, 2026 @ 15:33:06.639","Cyber-DC",["T1112"],["Defense Evasion"],"Registry Value Entry Added to the System","5","752"
"Sep 14, 2026 @ 15:33:06.597","Cyber-DC",["T1112"],["Defense Evasion"],"Registry Value Entry Added to the System","5","752"
"Sep 14, 2026 @ 15:33:06.514","Cyber-DC",["T1112"],["Defense Evasion"],"Registry Value Entry Added to the System","5","752"
"Sep 14, 2026 @ 15:33:05.580","Cyber-DC",["T1112"],["Defense Evasion"],"Registry Value Entry Added to the System","5","752"
"Sep 14, 2026 @ 15:33:05.580","Cyber-DC",["T1112"],["Defense Evasion"],"Registry Value Entry Added to the System","5","752"
"Sep 14, 2026 @ 15:33:05.538","Cyber-DC",["T1112"],["Defense Evasion"],"Registry Value Entry Added to the System","5","752"
"Sep 14, 2026 @ 15:33:05.527","Cyber-DC",["T1112"],["Defense Evasion"],"Registry Value Entry Added to the System","5","752"
"Sep 14, 2026 @ 15:33:05.523","Cyber-DC",["T1112"],["Defense Evasion"],"Registry Key Entry Added to the System","5","598"
"Sep 14, 2026 @ 15:33:05.522","Cyber-DC",["T1112"],["Defense Evasion"],"Registry Value Entry Added to the System","5","752"
"Sep 14, 2026 @ 15:33:05.498","Cyber-DC",["T1112"],["Defense Evasion"],"Registry Key Entry Added to the System","5","598"
"Sep 14, 2026 @ 15:33:05.294","sec-box",["T1078"],["Defense Evasion","Persistence","Privilege Escalation","Initial Access"],"PAM: Login session opened.","3","5501"
"Sep 14, 2026 @ 15:33:04.683","Cyber-DC",["T1565.001","T1112"],["Impact","Defense Evasion"],"Registry Key Integrity Checksum Changed","5","594"
"Sep 14, 2026 @ 15:33:03.835","Cyber-DC",["T1565.001","T1112"],["Impact","Defense Evasion"],"Registry Value Integrity Checksum Changed","5","750"
"Sep 14, 2026 @ 15:33:03.792","Cyber-DC",["T1565.001","T1112"],["Impact","Defense Evasion"],"Registry Key Integrity Checksum Changed","5","594"
"Sep 14, 2026 @ 15:33:03.729","Cyber-DC",["T1565.001","T1112"],["Impact","Defense Evasion"],"Registry Key Integrity Checksum Changed","5","594"
"Sep 14, 2026 @ 15:33:03.714","Cyber-DC",["T1112"],["Defense Evasion"],"Registry Value Entry Added to the System","5","752"
"Sep 14, 2026 @ 15:33:03.699","Cyber-DC",["T1112"],["Defense Evasion"],"Registry Value Entry Added to the System","5","752"
"Sep 14, 2026 @ 15:33:03.692","Cyber-DC",["T1112"],["Defense Evasion"],"Registry Value Entry Added to the System","5","752"
"Sep 14, 2026 @ 15:33:03.668","Cyber-DC",["T1112"],["Defense Evasion"],"Registry Value Entry Added to the System","5","752"
"Sep 14, 2026 @ 15:33:03.652","Cyber-DC",["T1112"],["Defense Evasion"],"Registry Value Entry Added to the System","5","752"
"Sep 14, 2026 @ 15:33:03.637","Cyber-DC",["T1112"],["Defense Evasion"],"Registry Value Entry Added to the System","5","752"
"Sep 14, 2026 @ 15:33:03.622","Cyber-DC",["T1112"],["Defense Evasion"],"Registry Value Entry Added to the System","5","752"
"Sep 14, 2026 @ 15:33:03.604","Cyber-DC",["T1112"],["Defense Evasion"],"Registry Key Entry Added to the System","5","598"
"Sep 14, 2026 @ 15:33:03.591","Cyber-DC",["T1112"],["Defense Evasion"],"Registry Value Entry Added to the System","5","752"
"Sep 14, 2026 @ 15:33:03.584","Cyber-DC",["T1112"],["Defense Evasion"],"Registry Key Entry Added to the System","5","598"
"Sep 14, 2026 @ 15:33:03.559","Cyber-DC",["T1112"],["Defense Evasion"],"Registry Value Entry Added to the System","5","752"
"Sep 14, 2026 @ 15:33:03.544","Cyber-DC",["T1112"],["Defense Evasion"],"Registry Value Entry Added to the System","5","752"
"Sep 14, 2026 @ 15:33:03.528","Cyber-DC",["T1112"],["Defense Evasion"],"Registry Value Entry Added to the System","5","752"
"Sep 14, 2026 @ 15:33:03.511","Cyber-DC",["T1112"],["Defense Evasion"],"Registry Value Entry Added to the System","5","752"
"Sep 14, 2026 @ 15:33:03.495","Cyber-DC",["T1112"],["Defense Evasion"],"Registry Value Entry Added to the System","5","752"
"Sep 14, 2026 @ 15:33:03.480","Cyber-DC",["T1112"],["Defense Evasion"],"Registry Value Entry Added to the System","5","752"
"Sep 14, 2026 @ 15:33:03.465","Cyber-DC",["T1112"],["Defense Evasion"],"Registry Value Entry Added to the System","5","752"
"Sep 14, 2026 @ 15:33:03.456","Cyber-DC",["T1112"],["Defense Evasion"],"Registry Key Entry Added to the System","5","598"
"Sep 14, 2026 @ 15:33:03.455","Cyber-DC",["T1112"],["Defense Evasion"],"Registry Value Entry Added to the System","5","752"
"Sep 14, 2026 @ 15:33:03.411","Cyber-DC",["T1112"],["Defense Evasion"],"Registry Key Entry Added to the System","5","598"
"Sep 14, 2026 @ 15:33:03.364","Cyber-DC",["T1112"],["Defense Evasion"],"Registry Value Entry Added to the System","5","752"
"Sep 14, 2026 @ 15:33:03.362","Cyber-DC",["T1112"],["Defense Evasion"],"Registry Value Entry Added to the System","5","752"
"Sep 14, 2026 @ 15:33:03.345","Cyber-DC",["T1112"],["Defense Evasion"],"Registry Value Entry Added to the System","5","752"
"Sep 14, 2026 @ 15:33:03.329","Cyber-DC",["T1112"],["Defense Evasion"],"Registry Value Entry Added to the System","5","752"
"Sep 14, 2026 @ 15:33:03.314","Cyber-DC",["T1112"],["Defense Evasion"],"Registry Value Entry Added to the System","5","752"
"Sep 14, 2026 @ 15:33:03.298","Cyber-DC",["T1112"],["Defense Evasion"],"Registry Value Entry Added to the System","5","752"
"Sep 14, 2026 @ 15:33:03.282","Cyber-DC",["T1112"],["Defense Evasion"],"Registry Value Entry Added to the System","5","752"
"Sep 14, 2026 @ 15:33:03.266","Cyber-DC",["T1112"],["Defense Evasion"],"Registry Key Entry Added to the System","5","598"
"Sep 14, 2026 @ 15:33:03.260","Cyber-DC",["T1112"],["Defense Evasion"],"Registry Value Entry Added to the System","5","752"
"Sep 14, 2026 @ 15:33:03.245","Cyber-DC",["T1112"],["Defense Evasion"],"Registry Key Entry Added to the System","5","598"
"Sep 14, 2026 @ 15:33:03.242","Cyber-DC",["T1112"],["Defense Evasion"],"Registry Value Entry Added to the System","5","752"
"Sep 14, 2026 @ 15:33:03.232","Cyber-DC",["T1112"],["Defense Evasion"],"Registry Value Entry Added to the System","5","752"
"Sep 14, 2026 @ 15:33:03.228","Cyber-DC",["T1112"],["Defense Evasion"],"Registry Value Entry Added to the System","5","752"
"Sep 14, 2026 @ 15:33:03.226","Cyber-DC",["T1112"],["Defense Evasion"],"Registry Value Entry Added to the System","5","752"
"Sep 14, 2026 @ 15:33:03.185","Cyber-DC",["T1112"],["Defense Evasion"],"Registry Value Entry Added to the System","5","752"
"Sep 14, 2026 @ 15:33:03.173","Cyber-DC",["T1112"],["Defense Evasion"],"Registry Value Entry Added to the System","5","752"
"Sep 14, 2026 @ 15:33:03.169","Cyber-DC",["T1112"],["Defense Evasion"],"Registry Value Entry Added to the System","5","752"
"Sep 14, 2026 @ 15:33:03.169","Cyber-DC",["T1112"],["Defense Evasion"],"Registry Key Entry Added to the System","5","598"
"Sep 14, 2026 @ 15:33:03.159","Cyber-DC",["T1112"],["Defense Evasion"],"Registry Value Entry Added to the System","5","752"
"Sep 14, 2026 @ 15:33:02.712","Cyber-DC",["T1112"],["Defense Evasion"],"Registry Key Entry Added to the System","5","598"
"Sep 14, 2026 @ 15:33:02.694","Cyber-DC",["T1112"],["Defense Evasion"],"Registry Value Entry Added to the System","5","752"
"Sep 14, 2026 @ 15:33:02.678","Cyber-DC",["T1112"],["Defense Evasion"],"Registry Value Entry Added to the System","5","752"
"Sep 14, 2026 @ 15:33:02.661","Cyber-DC",["T1112"],["Defense Evasion"],"Registry Value Entry Added to the System","5","752"
"Sep 14, 2026 @ 15:33:02.645","Cyber-DC",["T1112"],["Defense Evasion"],"Registry Value Entry Added to the System","5","752"
"Sep 14, 2026 @ 15:33:02.630","Cyber-DC",["T1112"],["Defense Evasion"],"Registry Value Entry Added to the System","5","752"
"Sep 14, 2026 @ 15:33:02.616","Cyber-DC",["T1112"],["Defense Evasion"],"Registry Value Entry Added to the System","5","752"
"Sep 14, 2026 @ 15:33:02.605","Cyber-DC",["T1112"],["Defense Evasion"],"Registry Key Entry Added to the System","5","598"
"Sep 14, 2026 @ 15:33:02.605","Cyber-DC",["T1112"],["Defense Evasion"],"Registry Value Entry Added to the System","5","752"
"Sep 14, 2026 @ 15:33:02.602","Cyber-DC",["T1112"],["Defense Evasion"],"Registry Value Entry Added to the System","5","752"
"Sep 14, 2026 @ 15:33:02.585","Cyber-DC",["T1112"],["Defense Evasion"],"Registry Key Entry Added to the System","5","598"
"Sep 14, 2026 @ 15:33:02.569","Cyber-DC",["T1112"],["Defense Evasion"],"Registry Value Entry Added to the System","5","752"
"Sep 14, 2026 @ 15:33:02.557","Cyber-DC",["T1112"],["Defense Evasion"],"Registry Value Entry Added to the System","5","752"
"Sep 14, 2026 @ 15:33:02.541","Cyber-DC",["T1112"],["Defense Evasion"],"Registry Value Entry Added to the System","5","752"
"Sep 14, 2026 @ 15:33:02.538","Cyber-DC",["T1112"],["Defense Evasion"],"Registry Value Entry Added to the System","5","752"
"Sep 14, 2026 @ 15:33:02.522","Cyber-DC",["T1112"],["Defense Evasion"],"Registry Value Entry Added to the System","5","752"
"Sep 14, 2026 @ 15:33:02.508","Cyber-DC",["T1112"],["Defense Evasion"],"Registry Value Entry Added to the System","5","752"
"Sep 14, 2026 @ 15:33:02.491","Cyber-DC",["T1112"],["Defense Evasion"],"Registry Value Entry Added to the System","5","752"
"Sep 14, 2026 @ 15:33:02.487","Cyber-DC",["T1112"],["Defense Evasion"],"Registry Value Entry Added to the System","5","752"
"Sep 14, 2026 @ 15:33:02.487","Cyber-DC",["T1112"],["Defense Evasion"],"Registry Key Entry Added to the System","5","598"
"Sep 14, 2026 @ 15:33:02.445","Cyber-DC",["T1112"],["Defense Evasion"],"Registry Key Entry Added to the System","5","598"
"Sep 14, 2026 @ 15:33:02.399","Cyber-DC",["T1112"],["Defense Evasion"],"Registry Value Entry Added to the System","5","752"
"Sep 14, 2026 @ 15:33:02.384","Cyber-DC",["T1112"],["Defense Evasion"],"Registry Value Entry Added to the System","5","752"
"Sep 14, 2026 @ 15:33:02.369","Cyber-DC",["T1112"],["Defense Evasion"],"Registry Value Entry Added to the System","5","752"
"Sep 14, 2026 @ 15:33:02.367","Cyber-DC",["T1112"],["Defense Evasion"],"Registry Value Entry Added to the System","5","752"
"Sep 14, 2026 @ 15:33:02.351","Cyber-DC",["T1112"],["Defense Evasion"],"Registry Value Entry Added to the System","5","752"
"Sep 14, 2026 @ 15:33:02.337","Cyber-DC",["T1112"],["Defense Evasion"],"Registry Value Entry Added to the System","5","752"
"Sep 14, 2026 @ 15:33:02.321","Cyber-DC",["T1112"],["Defense Evasion"],"Registry Value Entry Added to the System","5","752"
"Sep 14, 2026 @ 15:33:02.308","Cyber-DC",["T1112"],["Defense Evasion"],"Registry Key Entry Added to the System","5","598"
"Sep 14, 2026 @ 15:33:02.290","Cyber-DC",["T1112"],["Defense Evasion"],"Registry Value Entry Added to the System","5","752"
"Sep 14, 2026 @ 15:33:02.275","Cyber-DC",["T1112"],["Defense Evasion"],"Registry Key Entry Added to the System","5","598"
"Sep 14, 2026 @ 15:33:02.258","Cyber-DC",["T1112"],["Defense Evasion"],"Registry Value Entry Added to the System","5","752"
"Sep 14, 2026 @ 15:33:02.243","Cyber-DC",["T1112"],["Defense Evasion"],"Registry Value Entry Added to the System","5","752"
"Sep 14, 2026 @ 15:33:02.228","Cyber-DC",["T1112"],["Defense Evasion"],"Registry Value Entry Added to the System","5","752"
"Sep 14, 2026 @ 15:33:02.210","Cyber-DC",["T1112"],["Defense Evasion"],"Registry Value Entry Added to the System","5","752"
"Sep 14, 2026 @ 15:33:02.197","Cyber-DC",["T1112"],["Defense Evasion"],"Registry Value Entry Added to the System","5","752"
"Sep 14, 2026 @ 15:33:02.179","Cyber-DC",["T1112"],["Defense Evasion"],"Registry Value Entry Added to the System","5","752"
"Sep 14, 2026 @ 15:33:02.167","Cyber-DC",["T1112"],["Defense Evasion"],"Registry Value Entry Added to the System","5","752"
"Sep 14, 2026 @ 15:33:02.163","Cyber-DC",["T1112"],["Defense Evasion"],"Registry Key Entry Added to the System","5","598"
"Sep 14, 2026 @ 15:33:02.147","Cyber-DC",["T1112"],["Defense Evasion"],"Registry Value Entry Added to the System","5","752"
"Sep 14, 2026 @ 15:33:02.140","Cyber-DC",["T1112"],["Defense Evasion"],"Registry Key Entry Added to the System","5","598"
"Sep 14, 2026 @ 15:33:02.114","Cyber-DC",["T1112"],["Defense Evasion"],"Registry Value Entry Added to the System","5","752"
"Sep 14, 2026 @ 15:33:02.103","Cyber-DC",["T1112"],["Defense Evasion"],"Registry Value Entry Added to the System","5","752"
"Sep 14, 2026 @ 15:33:02.094","Cyber-DC",["T1112"],["Defense Evasion"],"Registry Value Entry Added to the System","5","752"
"Sep 14, 2026 @ 15:33:02.094","Cyber-DC",["T1112"],["Defense Evasion"],"Registry Value Entry Added to the System","5","752"
"Sep 14, 2026 @ 15:33:02.052","Cyber-DC",["T1112"],["Defense Evasion"],"Registry Value Entry Added to the System","5","752"
"Sep 14, 2026 @ 15:33:02.038","Cyber-DC",["T1112"],["Defense Evasion"],"Registry Value Entry Added to the System","5","752"
"Sep 14, 2026 @ 15:33:02.036","Cyber-DC",["T1112"],["Defense Evasion"],"Registry Value Entry Added to the System","5","752"
"Sep 14, 2026 @ 15:33:02.035","Cyber-DC",["T1112"],["Defense Evasion"],"Registry Key Entry Added to the System","5","598"
"Sep 14, 2026 @ 15:33:02.021","Cyber-DC",["T1112"],["Defense Evasion"],"Registry Value Entry Added to the System","5","752"
"Sep 14, 2026 @ 15:33:01.554","Cyber-DC",["T1112"],["Defense Evasion"],"Registry Key Entry Added to the System","5","598"
"Sep 14, 2026 @ 15:33:01.337","Cyber-DC",["T1112"],["Defense Evasion"],"Registry Value Entry Added to the System","5","752"
"Sep 14, 2026 @ 15:33:01.320","Cyber-DC",["T1112"],["Defense Evasion"],"Registry Value Entry Added to the System","5","752"
"Sep 14, 2026 @ 15:33:01.309","Cyber-DC",["T1112"],["Defense Evasion"],"Registry Value Entry Added to the System","5","752"
"Sep 14, 2026 @ 15:33:01.290","Cyber-DC",["T1112"],["Defense Evasion"],"Registry Value Entry Added to the System","5","752"
"Sep 14, 2026 @ 15:33:01.272","Cyber-DC",["T1112"],["Defense Evasion"],"Registry Value Entry Added to the System","5","752"
"Sep 14, 2026 @ 15:33:01.257","Cyber-DC",["T1112"],["Defense Evasion"],"Registry Value Entry Added to the System","5","752"
"Sep 14, 2026 @ 15:33:01.241","Cyber-DC",["T1112"],["Defense Evasion"],"Registry Value Entry Added to the System","5","752"
"Sep 14, 2026 @ 15:33:01.226","Cyber-DC",["T1112"],["Defense Evasion"],"Registry Key Entry Added to the System","5","598"
"Sep 14, 2026 @ 15:33:01.217","Cyber-DC",["T1112"],["Defense Evasion"],"Registry Key Entry Added to the System","5","598"
"Sep 14, 2026 @ 15:33:01.216","Cyber-DC",["T1112"],["Defense Evasion"],"Registry Value Entry Added to the System","5","752"
"Sep 14, 2026 @ 15:33:01.210","Cyber-DC",["T1112"],["Defense Evasion"],"Registry Value Entry Added to the System","5","752"
"Sep 14, 2026 @ 15:33:01.197","Cyber-DC",["T1112"],["Defense Evasion"],"Registry Value Entry Added to the System","5","752"
"Sep 14, 2026 @ 15:33:01.182","Cyber-DC",["T1112"],["Defense Evasion"],"Registry Value Entry Added to the System","5","752"
"Sep 14, 2026 @ 15:33:01.164","Cyber-DC",["T1112"],["Defense Evasion"],"Registry Value Entry Added to the System","5","752"
"Sep 14, 2026 @ 15:33:01.147","Cyber-DC",["T1112"],["Defense Evasion"],"Registry Key Entry Added to the System","5","598"
"Sep 14, 2026 @ 15:33:01.139","Cyber-DC",["T1112"],["Defense Evasion"],"Registry Value Entry Added to the System","5","752"
"Sep 14, 2026 @ 15:33:01.134","Cyber-DC",["T1112"],["Defense Evasion"],"Registry Value Entry Added to the System","5","752"
"Sep 14, 2026 @ 15:33:01.133","Cyber-DC",["T1112"],["Defense Evasion"],"Registry Value Entry Added to the System","5","752"
"Sep 14, 2026 @ 15:33:01.118","Cyber-DC",["T1112"],["Defense Evasion"],"Registry Value Entry Added to the System","5","752"
"Sep 14, 2026 @ 15:33:01.103","Cyber-DC",["T1112"],["Defense Evasion"],"Registry Value Entry Added to the System","5","752"
"Sep 14, 2026 @ 15:33:01.086","Cyber-DC",["T1112"],["Defense Evasion"],"Registry Key Entry Added to the System","5","598"
"Sep 14, 2026 @ 15:33:01.079","Cyber-DC",["T1112"],["Defense Evasion"],"Registry Value Entry Added to the System","5","752"
"Sep 14, 2026 @ 15:33:01.076","Cyber-DC",["T1112"],["Defense Evasion"],"Registry Value Entry Added to the System","5","752"
"Sep 14, 2026 @ 15:33:01.076","Cyber-DC",["T1112"],["Defense Evasion"],"Registry Value Entry Added to the System","5","752"
"Sep 14, 2026 @ 15:33:01.056","Cyber-DC",["T1112"],["Defense Evasion"],"Registry Value Entry Added to the System","5","752"
"Sep 14, 2026 @ 15:33:01.040","Cyber-DC",["T1112"],["Defense Evasion"],"Registry Value Entry Added to the System","5","752"
"Sep 14, 2026 @ 15:33:01.030","Cyber-DC",["T1112"],["Defense Evasion"],"Registry Value Entry Added to the System","5","752"
"Sep 14, 2026 @ 15:33:01.030","Cyber-DC",["T1112"],["Defense Evasion"],"Registry Key Entry Added to the System","5","598"
"Sep 14, 2026 @ 15:33:01.004","Cyber-DC",["T1112"],["Defense Evasion"],"Registry Value Entry Added to the System","5","752"
"Sep 14, 2026 @ 15:33:00.986","Cyber-DC",["T1112"],["Defense Evasion"],"Registry Value Entry Added to the System","5","752"
"Sep 14, 2026 @ 15:33:00.983","Cyber-DC",["T1112"],["Defense Evasion"],"Registry Key Entry Added to the System","5","598"
"Sep 14, 2026 @ 15:33:00.982","Cyber-DC",["T1112"],["Defense Evasion"],"Registry Value Entry Added to the System","5","752"
"Sep 14, 2026 @ 15:33:00.940","Cyber-DC",["T1112"],["Defense Evasion"],"Registry Key Entry Added to the System","5","598"
"Sep 14, 2026 @ 15:33:00.906","Cyber-DC",["T1565.001","T1112"],["Impact","Defense Evasion"],"Registry Value Integrity Checksum Changed","5","750"
"Sep 14, 2026 @ 15:33:00.889","Cyber-DC",["T1565.001","T1112"],["Impact","Defense Evasion"],"Registry Key Integrity Checksum Changed","5","594"
"Sep 14, 2026 @ 15:33:00.874","Cyber-DC",["T1565.001","T1112"],["Impact","Defense Evasion"],"Registry Value Integrity Checksum Changed","5","750"
"Sep 14, 2026 @ 15:33:00.863","Cyber-DC",["T1565.001","T1112"],["Impact","Defense Evasion"],"Registry Value Integrity Checksum Changed","5","750"
"Sep 14, 2026 @ 15:33:00.861","Cyber-DC",["T1565.001","T1112"],["Impact","Defense Evasion"],"Registry Value Integrity Checksum Changed","5","750"
"Sep 14, 2026 @ 15:33:00.860","Cyber-DC",["T1565.001","T1112"],["Impact","Defense Evasion"],"Registry Value Integrity Checksum Changed","5","750"
"Sep 14, 2026 @ 15:33:00.834","Cyber-DC",["T1565.001","T1112"],["Impact","Defense Evasion"],"Registry Value Integrity Checksum Changed","5","750"
"Sep 14, 2026 @ 15:33:00.797","Cyber-DC",["T1565.001","T1112"],["Impact","Defense Evasion"],"Registry Value Integrity Checksum Changed","5","750"
"Sep 14, 2026 @ 15:33:00.715","Cyber-DC",["T1565.001","T1112"],["Impact","Defense Evasion"],"Registry Value Integrity Checksum Changed","5","750"
"Sep 14, 2026 @ 15:33:00.698","Cyber-DC",["T1565.001","T1112"],["Impact","Defense Evasion"],"Registry Value Integrity Checksum Changed","5","750"
"Sep 14, 2026 @ 15:33:00.693","Cyber-DC",["T1565.001","T1112"],["Impact","Defense Evasion"],"Registry Value Integrity Checksum Changed","5","750"
"Sep 14, 2026 @ 15:33:00.693","Cyber-DC",["T1565.001","T1112"],["Impact","Defense Evasion"],"Registry Value Integrity Checksum Changed","5","750"
"Sep 14, 2026 @ 15:33:00.659","Cyber-DC",["T1565.001","T1112"],["Impact","Defense Evasion"],"Registry Key Integrity Checksum Changed","5","594"
"Sep 14, 2026 @ 15:33:00.428","Cyber-DC",["T1078"],["Defense Evasion","Persistence","Privilege Escalation","Initial Access"],"Windows Logon Success","3","60106"
"Sep 14, 2026 @ 15:33:00.345","Cyber-DC",["T1078"],["Defense Evasion","Persistence","Privilege Escalation","Initial Access"],"Windows Logon Success","3","60106"
"Sep 14, 2026 @ 15:33:00.310","Cyber-DC",["T1078"],["Defense Evasion","Persistence","Privilege Escalation","Initial Access"],"Windows Logon Success","3","60106"
"Sep 14, 2026 @ 15:33:00.307","Cyber-DC",["T1078"],["Defense Evasion","Persistence","Privilege Escalation","Initial Access"],"Windows Logon Success","3","60106"
"Sep 14, 2026 @ 15:32:57.026","Cyber-DC",["T1078"],["Defense Evasion","Persistence","Privilege Escalation","Initial Access"],"Windows Logon Success","3","60106"
"Sep 14, 2026 @ 15:32:39.092","Cyber-DC",["T1078"],["Defense Evasion","Persistence","Privilege Escalation","Initial Access"],"Windows Logon Success","3","60106"
"Sep 14, 2026 @ 15:32:31.220","Cyber-DC",["T1484"],["Defense Evasion","Privilege Escalation"],"Special privileges assigned to new logon.","3","67028"
"Sep 14, 2026 @ 15:32:31.171","Cyber-DC",["T1484"],["Defense Evasion","Privilege Escalation"],"Special privileges assigned to new logon.","3","67028"
"Sep 14, 2026 @ 15:32:29.204","Cyber-DC",["T1484"],["Defense Evasion","Privilege Escalation"],"Special privileges assigned to new logon.","3","67028"
"Sep 14, 2026 @ 15:32:29.204","Cyber-DC",["T1021.001","T1078.002"],["Lateral Movement","Defense Evasion","Persistence","Privilege Escalation","Initial Access"],"User: CORP\Administrator logged using Remote Desktop Connection (RDP) from ip:11.0.0.10.","3","92653"
"Sep 14, 2026 @ 15:32:29.171","Cyber-DC",["T1078"],["Defense Evasion","Persistence","Privilege Escalation","Initial Access"],"Windows Logon Success","3","60106"
"Sep 14, 2026 @ 15:32:29.121","Cyber-DC",["T1484"],["Defense Evasion","Privilege Escalation"],"Special privileges assigned to new logon.","3","67028"
"Sep 14, 2026 @ 15:32:29.121","Cyber-DC",["T1078"],["Defense Evasion","Persistence","Privilege Escalation","Initial Access"],"Windows Logon Success","3","60106"
"Sep 14, 2026 @ 15:32:29.077","Cyber-DC",["T1484"],["Defense Evasion","Privilege Escalation"],"Special privileges assigned to new logon.","3","67028"
"Sep 14, 2026 @ 15:32:29.028","Cyber-DC",["T1078"],["Defense Evasion","Persistence","Privilege Escalation","Initial Access"],"Windows Logon Success","3","60106"
"Sep 14, 2026 @ 15:32:27.722","Cyber-DC",["T1550.002","T1078.002","T1021.001"],["Defense Evasion","Lateral Movement","Persistence","Privilege Escalation","Initial Access"],"Successful Remote Logon Detected - User:\Administrator - NTLM authentication, possible pass-the-hash attack - Possible RDP connection. Verify that attacker is allowed to perform RDP connections","6","92657"
"Sep 14, 2026 @ 15:32:27.712","Cyber-DC",["T1484"],["Defense Evasion","Privilege Escalation"],"Special privileges assigned to new logon.","3","67028"
"Sep 14, 2026 @ 15:32:19.366","Cyber-DC",["T1078"],["Defense Evasion","Persistence","Privilege Escalation","Initial Access"],"Windows Logon Success","3","60106"
"Sep 14, 2026 @ 15:32:11.458","Cyber-DC",["T1078"],["Defense Evasion","Persistence","Privilege Escalation","Initial Access"],"Windows Logon Success","3","60106"
"Sep 14, 2026 @ 15:32:11.432","Cyber-DC",["T1078"],["Defense Evasion","Persistence","Privilege Escalation","Initial Access"],"Windows Logon Success","3","60106"
"Sep 14, 2026 @ 15:32:11.426","Cyber-DC",["T1078"],["Defense Evasion","Persistence","Privilege Escalation","Initial Access"],"Windows Logon Success","3","60106"
"Sep 14, 2026 @ 15:32:11.397","Cyber-DC",["T1078"],["Defense Evasion","Persistence","Privilege Escalation","Initial Access"],"Windows Logon Success","3","60106"
"Sep 14, 2026 @ 15:32:11.391","Cyber-DC",["T1078"],["Defense Evasion","Persistence","Privilege Escalation","Initial Access"],"Windows Logon Success","3","60106"
"Sep 14, 2026 @ 15:32:11.378","Cyber-DC",["T1078"],["Defense Evasion","Persistence","Privilege Escalation","Initial Access"],"Windows Logon Success","3","60106"
"Sep 14, 2026 @ 15:32:11.371","Cyber-DC",["T1078"],["Defense Evasion","Persistence","Privilege Escalation","Initial Access"],"Windows Logon Success","3","60106"
"Sep 14, 2026 @ 15:32:11.367","Cyber-DC",["T1078"],["Defense Evasion","Persistence","Privilege Escalation","Initial Access"],"Windows Logon Success","3","60106"
"Sep 14, 2026 @ 15:32:11.325","Cyber-DC",["T1078"],["Defense Evasion","Persistence","Privilege Escalation","Initial Access"],"Windows Logon Success","3","60106"
"Sep 14, 2026 @ 15:32:11.307","Cyber-DC",["T1078"],["Defense Evasion","Persistence","Privilege Escalation","Initial Access"],"Windows Logon Success","3","60106"
"Sep 14, 2026 @ 15:32:09.683","Cyber-DC",["T1078"],["Defense Evasion","Persistence","Privilege Escalation","Initial Access"],"Windows Logon Success","3","60106"
"Sep 14, 2026 @ 15:32:06.021","Cyber-DC",["T1078"],["Defense Evasion","Persistence","Privilege Escalation","Initial Access"],"Windows Logon Success","3","60106"
"Sep 14, 2026 @ 15:32:00.989","Cyber-DC",["T1078"],["Defense Evasion","Persistence","Privilege Escalation","Initial Access"],"Windows Logon Success","3","60106"
"Sep 14, 2026 @ 15:31:58.802","Cyber-DC",["T1078"],["Defense Evasion","Persistence","Privilege Escalation","Initial Access"],"Windows Logon Success","3","60106"
"Sep 14, 2026 @ 15:31:58.798","Cyber-DC",["T1078"],["Defense Evasion","Persistence","Privilege Escalation","Initial Access"],"Windows Logon Success","3","60106"
"Sep 14, 2026 @ 15:31:56.915","Cyber-DC",["T1078"],["Defense Evasion","Persistence","Privilege Escalation","Initial Access"],"Windows Logon Success","3","60106"
"Sep 14, 2026 @ 15:31:55.851","Cyber-DC",["T1078"],["Defense Evasion","Persistence","Privilege Escalation","Initial Access"],"Windows Logon Success","3","60106"
"Sep 14, 2026 @ 15:31:55.833","Cyber-DC",["T1078"],["Defense Evasion","Persistence","Privilege Escalation","Initial Access"],"Windows Logon Success","3","60106"
"Sep 14, 2026 @ 15:31:55.802","Cyber-DC",["T1078"],["Defense Evasion","Persistence","Privilege Escalation","Initial Access"],"Windows Logon Success","3","60106"
"Sep 14, 2026 @ 15:31:54.434","Cyber-DC",["T1484"],["Defense Evasion","Privilege Escalation"],"Special privileges assigned to new logon.","3","67028"
"Sep 14, 2026 @ 15:31:54.431","Cyber-DC",["T1078"],["Defense Evasion","Persistence","Privilege Escalation","Initial Access"],"Windows Workstation Logon Success","3","60118"
"Sep 14, 2026 @ 15:31:54.429","Cyber-DC",["T1078"],["Defense Evasion","Persistence","Privilege Escalation","Initial Access"],"Windows Logon Success","3","60106"
"Sep 14, 2026 @ 15:31:46.635","Cyber-DC",["T1078"],["Defense Evasion","Persistence","Privilege Escalation","Initial Access"],"Windows Logon Success","3","60106"
"Sep 14, 2026 @ 15:31:46.604","Cyber-DC",["T1078"],["Defense Evasion","Persistence","Privilege Escalation","Initial Access"],"Windows Logon Success","3","60106"
"Sep 14, 2026 @ 15:31:46.574","Cyber-DC",["T1078"],["Defense Evasion","Persistence","Privilege Escalation","Initial Access"],"Windows Logon Success","3","60106"
"Sep 14, 2026 @ 15:31:46.542","Cyber-DC",["T1078"],["Defense Evasion","Persistence","Privilege Escalation","Initial Access"],"Windows Logon Success","3","60106"
"Sep 14, 2026 @ 15:31:46.495","Cyber-DC",["T1078"],["Defense Evasion","Persistence","Privilege Escalation","Initial Access"],"Windows Logon Success","3","60106"
"Sep 14, 2026 @ 15:31:46.403","Cyber-DC",["T1078"],["Defense Evasion","Persistence","Privilege Escalation","Initial Access"],"Windows Logon Success","3","60106"
"Sep 14, 2026 @ 15:31:46.370","Cyber-DC",["T1078"],["Defense Evasion","Persistence","Privilege Escalation","Initial Access"],"Windows Logon Success","3","60106"
"Sep 14, 2026 @ 15:31:46.340","Cyber-DC",["T1078"],["Defense Evasion","Persistence","Privilege Escalation","Initial Access"],"Windows Logon Success","3","60106"
"Sep 14, 2026 @ 15:31:46.310","Cyber-DC",["T1078"],["Defense Evasion","Persistence","Privilege Escalation","Initial Access"],"Windows Logon Success","3","60106"
"Sep 14, 2026 @ 15:31:46.264","Cyber-DC",["T1078"],["Defense Evasion","Persistence","Privilege Escalation","Initial Access"],"Windows Logon Success","3","60106"
"Sep 14, 2026 @ 15:31:46.188","Cyber-DC",["T1078"],["Defense Evasion","Persistence","Privilege Escalation","Initial Access"],"Windows Logon Success","3","60106"
"Sep 14, 2026 @ 15:31:46.161","Cyber-DC",["T1078"],["Defense Evasion","Persistence","Privilege Escalation","Initial Access"],"Windows Logon Success","3","60106"
"Sep 14, 2026 @ 15:31:46.140","Cyber-DC",["T1078"],["Defense Evasion","Persistence","Privilege Escalation","Initial Access"],"Windows Logon Success","3","60106"
"Sep 14, 2026 @ 15:31:46.123","Cyber-DC",["T1078"],["Defense Evasion","Persistence","Privilege Escalation","Initial Access"],"Windows Logon Success","3","60106"
"Sep 14, 2026 @ 15:31:46.094","Cyber-DC",["T1078"],["Defense Evasion","Persistence","Privilege Escalation","Initial Access"],"Windows Logon Success","3","60106"
"Sep 14, 2026 @ 15:31:46.089","Cyber-DC",["T1078"],["Defense Evasion","Persistence","Privilege Escalation","Initial Access"],"Windows Logon Success","3","60106"
"Sep 14, 2026 @ 15:31:46.062","Cyber-DC",["T1078"],["Defense Evasion","Persistence","Privilege Escalation","Initial Access"],"Windows Logon Success","3","60106"
"Sep 14, 2026 @ 15:31:46.026","Cyber-DC",["T1078"],["Defense Evasion","Persistence","Privilege Escalation","Initial Access"],"Windows Logon Success","3","60106"
"Sep 14, 2026 @ 15:31:46.000","Cyber-DC",["T1078"],["Defense Evasion","Persistence","Privilege Escalation","Initial Access"],"Windows Logon Success","3","60106"
"Sep 14, 2026 @ 15:31:45.950","Cyber-DC",["T1078"],["Defense Evasion","Persistence","Privilege Escalation","Initial Access"],"Windows Logon Success","3","60106"
"Sep 14, 2026 @ 15:31:45.900","Cyber-DC",["T1078"],["Defense Evasion","Persistence","Privilege Escalation","Initial Access"],"Windows Logon Success","3","60106"
"Sep 14, 2026 @ 15:31:45.807","Cyber-DC",["T1078"],["Defense Evasion","Persistence","Privilege Escalation","Initial Access"],"Windows Logon Success","3","60106"
"Sep 14, 2026 @ 15:31:45.756","Cyber-DC",["T1078"],["Defense Evasion","Persistence","Privilege Escalation","Initial Access"],"Windows Logon Success","3","60106"
"Sep 14, 2026 @ 15:31:45.660","Cyber-DC",["T1078"],["Defense Evasion","Persistence","Privilege Escalation","Initial Access"],"Windows Logon Success","3","60106"
"Sep 14, 2026 @ 15:31:45.635","Cyber-DC",["T1078"],["Defense Evasion","Persistence","Privilege Escalation","Initial Access"],"Windows Logon Success","3","60106"
"Sep 14, 2026 @ 15:31:45.613","Cyber-DC",["T1078"],["Defense Evasion","Persistence","Privilege Escalation","Initial Access"],"Windows Logon Success","3","60106"
"Sep 14, 2026 @ 15:31:45.598","Cyber-DC",["T1078"],["Defense Evasion","Persistence","Privilege Escalation","Initial Access"],"Windows Logon Success","3","60106"
"Sep 14, 2026 @ 15:31:45.565","Cyber-DC",["T1078"],["Defense Evasion","Persistence","Privilege Escalation","Initial Access"],"Windows Logon Success","3","60106"
"Sep 14, 2026 @ 15:31:45.551","Cyber-DC",["T1078"],["Defense Evasion","Persistence","Privilege Escalation","Initial Access"],"Windows Logon Success","3","60106"
"Sep 14, 2026 @ 15:31:45.474","Cyber-DC",["T1078"],["Defense Evasion","Persistence","Privilege Escalation","Initial Access"],"Windows Logon Success","3","60106"
"Sep 14, 2026 @ 15:31:45.443","Cyber-DC",["T1078"],["Defense Evasion","Persistence","Privilege Escalation","Initial Access"],"Windows Logon Success","3","60106"
"Sep 14, 2026 @ 15:31:45.412","Cyber-DC",["T1078"],["Defense Evasion","Persistence","Privilege Escalation","Initial Access"],"Windows Logon Success","3","60106"
"Sep 14, 2026 @ 15:31:45.402","Cyber-DC",["T1078"],["Defense Evasion","Persistence","Privilege Escalation","Initial Access"],"Windows Logon Success","3","60106"
"Sep 14, 2026 @ 15:31:45.399","Cyber-DC",["T1078"],["Defense Evasion","Persistence","Privilege Escalation","Initial Access"],"Windows Logon Success","3","60106"
"Sep 14, 2026 @ 15:31:45.397","Cyber-DC",["T1078"],["Defense Evasion","Persistence","Privilege Escalation","Initial Access"],"Windows Logon Success","3","60106"
"Sep 14, 2026 @ 15:31:45.394","Cyber-DC",["T1078"],["Defense Evasion","Persistence","Privilege Escalation","Initial Access"],"Windows Logon Success","3","60106"
"Sep 14, 2026 @ 15:31:45.171","Cyber-DC",["T1078"],["Defense Evasion","Persistence","Privilege Escalation","Initial Access"],"Windows Logon Success","3","60106"
"Sep 14, 2026 @ 12:38:55.278","Cyber-DC",["T1078"],["Defense Evasion","Persistence","Privilege Escalation","Initial Access"],"Windows Logon Success","3","60106"
"Sep 14, 2026 @ 12:38:55.259","Cyber-DC",["T1078"],["Defense Evasion","Persistence","Privilege Escalation","Initial Access"],"Windows Logon Success","3","60106"
"Sep 14, 2026 @ 12:38:47.740","Cyber-DC",["T1078"],["Defense Evasion","Persistence","Privilege Escalation","Initial Access"],"Windows Logon Success","3","60106"
"Sep 14, 2026 @ 12:38:47.708","Cyber-DC",["T1078"],["Defense Evasion","Persistence","Privilege Escalation","Initial Access"],"Windows Logon Success","3","60106"
"Sep 14, 2026 @ 12:38:47.704","Cyber-DC",["T1078"],["Defense Evasion","Persistence","Privilege Escalation","Initial Access"],"Windows Logon Success","3","60106"
"Sep 14, 2026 @ 12:38:47.699","Cyber-DC",["T1078"],["Defense Evasion","Persistence","Privilege Escalation","Initial Access"],"Windows Logon Success","3","60106"
"Sep 14, 2026 @ 12:38:44.449","Cyber-DC",["T1078"],["Defense Evasion","Persistence","Privilege Escalation","Initial Access"],"Windows Logon Success","3","60106"
"Sep 14, 2026 @ 12:38:42.870","Cyber-DC",["T1078"],["Defense Evasion","Persistence","Privilege Escalation","Initial Access"],"Windows Logon Success","3","60106"
"Sep 14, 2026 @ 12:38:09.513","Cyber-DC",["T1565.001","T1112"],["Impact","Defense Evasion"],"Registry Value Integrity Checksum Changed","5","750"
"Sep 14, 2026 @ 12:38:09.512","Cyber-DC",["T1565.001","T1112"],["Impact","Defense Evasion"],"Registry Key Integrity Checksum Changed","5","594"
"Sep 14, 2026 @ 12:38:09.469","Cyber-DC",["T1565.001","T1112"],["Impact","Defense Evasion"],"Registry Value Integrity Checksum Changed","5","750"
"Sep 14, 2026 @ 12:38:09.427","Cyber-DC",["T1565.001","T1112"],["Impact","Defense Evasion"],"Registry Key Integrity Checksum Changed","5","594"
"Sep 14, 2026 @ 12:37:52.693","Cyber-DC",["T1078"],["Defense Evasion","Persistence","Privilege Escalation","Initial Access"],"Windows Logon Success","3","60106"
"Sep 14, 2026 @ 12:37:52.686","Cyber-DC",["T1078"],["Defense Evasion","Persistence","Privilege Escalation","Initial Access"],"Windows Logon Success","3","60106"
"Sep 14, 2026 @ 12:37:52.679","Cyber-DC",["T1078"],["Defense Evasion","Persistence","Privilege Escalation","Initial Access"],"Windows Logon Success","3","60106"
"Sep 14, 2026 @ 12:37:42.866","Cyber-DC",["T1078"],["Defense Evasion","Persistence","Privilege Escalation","Initial Access"],"Windows Logon Success","3","60106"
"Sep 14, 2026 @ 12:36:42.857","Cyber-DC",["T1078"],["Defense Evasion","Persistence","Privilege Escalation","Initial Access"],"Windows Logon Success","3","60106"
"Sep 14, 2026 @ 12:36:02.268","Cyber-Window-cilent",["T1078"],["Defense Evasion","Persistence","Privilege Escalation","Initial Access"],"Windows Logon Success","3","60106"
"Sep 14, 2026 @ 12:35:46.073","Cyber-DC",["T1565.001","T1112"],["Impact","Defense Evasion"],"Registry Value Integrity Checksum Changed","5","750"
"Sep 14, 2026 @ 12:35:46.072","Cyber-DC",["T1565.001","T1112"],["Impact","Defense Evasion"],"Registry Key Integrity Checksum Changed","5","594"
"Sep 14, 2026 @ 12:35:42.777","Cyber-DC",["T1078"],["Defense Evasion","Persistence","Privilege Escalation","Initial Access"],"Windows Logon Success","3","60106"
"Sep 14, 2026 @ 12:35:36.823","Cyber-DC",["T1078"],["Defense Evasion","Persistence","Privilege Escalation","Initial Access"],"Windows Logon Success","3","60106"
"Sep 14, 2026 @ 12:34:45.250","Cyber-DC",["T1565.001","T1112"],["Impact","Defense Evasion"],"Registry Value Integrity Checksum Changed","5","750"
"Sep 14, 2026 @ 12:34:45.249","Cyber-DC",["T1565.001","T1112"],["Impact","Defense Evasion"],"Registry Value Integrity Checksum Changed","5","750"
"Sep 14, 2026 @ 12:34:45.234","Cyber-DC",["T1565.001","T1112"],["Impact","Defense Evasion"],"Registry Value Integrity Checksum Changed","5","750"
"Sep 14, 2026 @ 12:34:45.233","Cyber-DC",["T1565.001","T1112"],["Impact","Defense Evasion"],"Registry Key Integrity Checksum Changed","5","594"
"Sep 14, 2026 @ 12:34:45.225","Cyber-DC",["T1565.001","T1112"],["Impact","Defense Evasion"],"Registry Value Integrity Checksum Changed","5","750"
"Sep 14, 2026 @ 12:34:45.220","Cyber-DC",["T1565.001","T1112"],["Impact","Defense Evasion"],"Registry Key Integrity Checksum Changed","5","594"
"Sep 14, 2026 @ 12:34:45.220","Cyber-DC",["T1565.001","T1112"],["Impact","Defense Evasion"],"Registry Value Integrity Checksum Changed","5","750"
"Sep 14, 2026 @ 12:34:42.754","Cyber-DC",["T1078"],["Defense Evasion","Persistence","Privilege Escalation","Initial Access"],"Windows Logon Success","3","60106"
"Sep 14, 2026 @ 12:34:40.313","Cyber-DC",["T1565.001","T1112"],["Impact","Defense Evasion"],"Registry Key Integrity Checksum Changed","5","594"
"Sep 14, 2026 @ 12:34:20.488","Cyber-Window-cilent",["T1565.001","T1112"],["Impact","Defense Evasion"],"Registry Value Integrity Checksum Changed","5","750"
"Sep 14, 2026 @ 12:34:20.443","Cyber-Window-cilent",["T1565.001","T1112"],["Impact","Defense Evasion"],"Registry Value Integrity Checksum Changed","5","750"
"Sep 14, 2026 @ 12:34:20.428","Cyber-Window-cilent",["T1565.001","T1112"],["Impact","Defense Evasion"],"Registry Value Integrity Checksum Changed","5","750"
"Sep 14, 2026 @ 12:34:20.428","Cyber-Window-cilent",["T1565.001","T1112"],["Impact","Defense Evasion"],"Registry Key Integrity Checksum Changed","5","594"
"Sep 14, 2026 @ 12:34:20.426","Cyber-Window-cilent",["T1565.001","T1112"],["Impact","Defense Evasion"],"Registry Value Integrity Checksum Changed","5","750"
"Sep 14, 2026 @ 12:34:20.399","Cyber-Window-cilent",["T1565.001","T1112"],["Impact","Defense Evasion"],"Registry Key Integrity Checksum Changed","5","594"
"Sep 14, 2026 @ 12:33:55.601","Cyber-DC",["T1078"],["Defense Evasion","Persistence","Privilege Escalation","Initial Access"],"Windows Logon Success","3","60106"
"Sep 14, 2026 @ 12:33:55.595","Cyber-DC",["T1078"],["Defense Evasion","Persistence","Privilege Escalation","Initial Access"],"Windows Logon Success","3","60106"
"Sep 14, 2026 @ 12:33:47.628","Cyber-DC",["T1078"],["Defense Evasion","Persistence","Privilege Escalation","Initial Access"],"Windows Logon Success","3","60106"
"Sep 14, 2026 @ 12:33:47.604","Cyber-DC",["T1078"],["Defense Evasion","Persistence","Privilege Escalation","Initial Access"],"Windows Logon Success","3","60106"
"Sep 14, 2026 @ 12:33:47.601","Cyber-DC",["T1078"],["Defense Evasion","Persistence","Privilege Escalation","Initial Access"],"Windows Logon Success","3","60106"
"Sep 14, 2026 @ 12:33:47.595","Cyber-DC",["T1078"],["Defense Evasion","Persistence","Privilege Escalation","Initial Access"],"Windows Logon Success","3","60106"
"Sep 14, 2026 @ 12:33:42.303","Cyber-DC",["T1078"],["Defense Evasion","Persistence","Privilege Escalation","Initial Access"],"Windows Logon Success","3","60106"
"Sep 14, 2026 @ 12:33:38.997","Cyber-DC",["T1565.001","T1112"],["Impact","Defense Evasion"],"Registry Value Integrity Checksum Changed","5","750"
"Sep 14, 2026 @ 12:33:38.997","Cyber-DC",["T1565.001","T1112"],["Impact","Defense Evasion"],"Registry Key Integrity Checksum Changed","5","594"
"Sep 14, 2026 @ 12:33:34.794","Cyber-DC",["T1565.001","T1112"],["Impact","Defense Evasion"],"Registry Value Integrity Checksum Changed","5","750"
"Sep 14, 2026 @ 12:33:34.792","Cyber-DC",["T1565.001","T1112"],["Impact","Defense Evasion"],"Registry Key Integrity Checksum Changed","5","594"
"Sep 14, 2026 @ 12:33:34.699","Cyber-DC",["T1565.001","T1112"],["Impact","Defense Evasion"],"Registry Value Integrity Checksum Changed","5","750"
"Sep 14, 2026 @ 12:33:34.696","Cyber-DC",["T1565.001","T1112"],["Impact","Defense Evasion"],"Registry Key Integrity Checksum Changed","5","594"
"Sep 14, 2026 @ 12:32:42.755","Cyber-DC",["T1078"],["Defense Evasion","Persistence","Privilege Escalation","Initial Access"],"Windows Logon Success","3","60106"
"Sep 14, 2026 @ 12:32:39.372","Cyber-DC",["T1078"],["Defense Evasion","Persistence","Privilege Escalation","Initial Access"],"Windows Logon Success","3","60106"
"Sep 14, 2026 @ 12:32:39.366","Cyber-DC",["T1078"],["Defense Evasion","Persistence","Privilege Escalation","Initial Access"],"Windows Logon Success","3","60106"
"Sep 14, 2026 @ 12:32:39.358","Cyber-DC",["T1078"],["Defense Evasion","Persistence","Privilege Escalation","Initial Access"],"Windows Logon Success","3","60106"
"Sep 14, 2026 @ 12:31:42.743","Cyber-DC",["T1078"],["Defense Evasion","Persistence","Privilege Escalation","Initial Access"],"Windows Logon Success","3","60106"
"Sep 14, 2026 @ 12:30:59.675","Cyber-DC",["T1565.001","T1112"],["Impact","Defense Evasion"],"Registry Value Integrity Checksum Changed","5","750"
"Sep 14, 2026 @ 12:30:59.634","Cyber-DC",["T1565.001","T1112"],["Impact","Defense Evasion"],"Registry Key Integrity Checksum Changed","5","594"
"Sep 14, 2026 @ 12:30:42.813","Cyber-DC",["T1078"],["Defense Evasion","Persistence","Privilege Escalation","Initial Access"],"Windows Logon Success","3","60106"
"Sep 14, 2026 @ 12:29:42.723","Cyber-DC",["T1078"],["Defense Evasion","Persistence","Privilege Escalation","Initial Access"],"Windows Logon Success","3","60106"
"Sep 14, 2026 @ 12:29:36.267","Cyber-DC",["T1565.001","T1112"],["Impact","Defense Evasion"],"Registry Key Integrity Checksum Changed","5","594"
"Sep 14, 2026 @ 12:29:00.865","Cyber-Window-cilent",["T1565.001","T1112"],["Impact","Defense Evasion"],"Registry Value Integrity Checksum Changed","5","750"
"Sep 14, 2026 @ 12:29:00.822","Cyber-Window-cilent",["T1565.001","T1112"],["Impact","Defense Evasion"],"Registry Value Integrity Checksum Changed","5","750"
"Sep 14, 2026 @ 12:29:00.807","Cyber-Window-cilent",["T1565.001","T1112"],["Impact","Defense Evasion"],"Registry Value Integrity Checksum Changed","5","750"
"Sep 14, 2026 @ 12:29:00.807","Cyber-Window-cilent",["T1565.001","T1112"],["Impact","Defense Evasion"],"Registry Value Integrity Checksum Changed","5","750"
"Sep 14, 2026 @ 12:29:00.807","Cyber-Window-cilent",["T1565.001","T1112"],["Impact","Defense Evasion"],"Registry Key Integrity Checksum Changed","5","594"
"Sep 14, 2026 @ 12:29:00.781","Cyber-Window-cilent",["T1565.001","T1112"],["Impact","Defense Evasion"],"Registry Key Integrity Checksum Changed","5","594"
"Sep 14, 2026 @ 12:28:55.183","Cyber-DC",["T1078"],["Defense Evasion","Persistence","Privilege Escalation","Initial Access"],"Windows Logon Success","3","60106"
"Sep 14, 2026 @ 12:28:55.159","Cyber-DC",["T1078"],["Defense Evasion","Persistence","Privilege Escalation","Initial Access"],"Windows Logon Success","3","60106"
"Sep 14, 2026 @ 12:28:47.640","Cyber-DC",["T1078"],["Defense Evasion","Persistence","Privilege Escalation","Initial Access"],"Windows Logon Success","3","60106"
"Sep 14, 2026 @ 12:28:47.561","Cyber-DC",["T1078"],["Defense Evasion","Persistence","Privilege Escalation","Initial Access"],"Windows Logon Success","3","60106"
"Sep 14, 2026 @ 12:28:47.529","Cyber-DC",["T1078"],["Defense Evasion","Persistence","Privilege Escalation","Initial Access"],"Windows Logon Success","3","60106"
"Sep 14, 2026 @ 12:28:47.519","Cyber-DC",["T1078"],["Defense Evasion","Persistence","Privilege Escalation","Initial Access"],"Windows Logon Success","3","60106"
"Sep 14, 2026 @ 12:28:44.460","Cyber-DC",["T1078"],["Defense Evasion","Persistence","Privilege Escalation","Initial Access"],"Windows Logon Success","3","60106"
"Sep 14, 2026 @ 12:28:42.721","Cyber-DC",["T1078"],["Defense Evasion","Persistence","Privilege Escalation","Initial Access"],"Windows Logon Success","3","60106"
"Sep 14, 2026 @ 12:28:29.957","Cyber-DC",["T1565.001","T1112"],["Impact","Defense Evasion"],"Registry Value Integrity Checksum Changed","5","750"
"Sep 14, 2026 @ 12:28:29.953","Cyber-DC",["T1565.001","T1112"],["Impact","Defense Evasion"],"Registry Key Integrity Checksum Changed","5","594"
"Sep 14, 2026 @ 12:28:29.858","Cyber-DC",["T1565.001","T1112"],["Impact","Defense Evasion"],"Registry Value Integrity Checksum Changed","5","750"
"Sep 14, 2026 @ 12:28:29.814","Cyber-DC",["T1565.001","T1112"],["Impact","Defense Evasion"],"Registry Key Integrity Checksum Changed","5","594"
"Sep 14, 2026 @ 12:28:14.243","Cyber-DC",["T1078"],["Defense Evasion","Persistence","Privilege Escalation","Initial Access"],"Windows Logon Success","3","60106"
"Sep 14, 2026 @ 12:28:14.239","Cyber-DC",["T1078"],["Defense Evasion","Persistence","Privilege Escalation","Initial Access"],"Windows Logon Success","3","60106"
"Sep 14, 2026 @ 12:28:14.229","Cyber-DC",["T1078"],["Defense Evasion","Persistence","Privilege Escalation","Initial Access"],"Windows Logon Success","3","60106"
"Sep 14, 2026 @ 12:27:42.712","Cyber-DC",["T1078"],["Defense Evasion","Persistence","Privilege Escalation","Initial Access"],"Windows Logon Success","3","60106"
"Sep 14, 2026 @ 12:27:41.234","Cyber-Window-cilent",["T1565.001","T1112"],["Impact","Defense Evasion"],"Registry Value Integrity Checksum Changed","5","750"
"Sep 14, 2026 @ 12:27:41.233","Cyber-Window-cilent",["T1565.001","T1112"],["Impact","Defense Evasion"],"Registry Value Integrity Checksum Changed","5","750"
"Sep 14, 2026 @ 12:27:41.233","Cyber-Window-cilent",["T1565.001","T1112"],["Impact","Defense Evasion"],"Registry Key Integrity Checksum Changed","5","594"
"Sep 14, 2026 @ 12:27:41.202","Cyber-Window-cilent",["T1565.001","T1112"],["Impact","Defense Evasion"],"Registry Key Integrity Checksum Changed","5","594"
"Sep 14, 2026 @ 12:26:42.698","Cyber-DC",["T1078"],["Defense Evasion","Persistence","Privilege Escalation","Initial Access"],"Windows Logon Success","3","60106"
"Sep 14, 2026 @ 12:26:01.775","Cyber-DC",["T1565.001","T1112"],["Impact","Defense Evasion"],"Registry Value Integrity Checksum Changed","5","750"
"Sep 14, 2026 @ 12:26:01.731","Cyber-DC",["T1565.001","T1112"],["Impact","Defense Evasion"],"Registry Key Integrity Checksum Changed","5","594"
"Sep 14, 2026 @ 12:25:42.718","Cyber-DC",["T1078"],["Defense Evasion","Persistence","Privilege Escalation","Initial Access"],"Windows Logon Success","3","60106"
"Sep 14, 2026 @ 12:25:36.779","Cyber-DC",["T1078"],["Defense Evasion","Persistence","Privilege Escalation","Initial Access"],"Windows Logon Success","3","60106"
"Sep 14, 2026 @ 12:25:00.037","Cyber-Window-cilent",["T1565.001","T1112"],["Impact","Defense Evasion"],"Registry Value Integrity Checksum Changed","5","750"
"Sep 14, 2026 @ 12:24:59.991","Cyber-Window-cilent",["T1565.001","T1112"],["Impact","Defense Evasion"],"Registry Value Integrity Checksum Changed","5","750"
"Sep 14, 2026 @ 12:24:59.976","Cyber-Window-cilent",["T1565.001","T1112"],["Impact","Defense Evasion"],"Registry Value Integrity Checksum Changed","5","750"
"Sep 14, 2026 @ 12:24:59.976","Cyber-Window-cilent",["T1565.001","T1112"],["Impact","Defense Evasion"],"Registry Value Integrity Checksum Changed","5","750"
"Sep 14, 2026 @ 12:24:59.976","Cyber-Window-cilent",["T1565.001","T1112"],["Impact","Defense Evasion"],"Registry Key Integrity Checksum Changed","5","594"
"Sep 14, 2026 @ 12:24:59.947","Cyber-Window-cilent",["T1565.001","T1112"],["Impact","Defense Evasion"],"Registry Key Integrity Checksum Changed","5","594"
"Sep 14, 2026 @ 12:24:42.720","Cyber-DC",["T1078"],["Defense Evasion","Persistence","Privilege Escalation","Initial Access"],"Windows Logon Success","3","60106"
"Sep 14, 2026 @ 12:24:40.387","Cyber-DC",["T1565.001","T1112"],["Impact","Defense Evasion"],"Registry Key Integrity Checksum Changed","5","594"
"Sep 14, 2026 @ 12:24:39.776","Cyber-DC",["T1565.001","T1112"],["Impact","Defense Evasion"],"Registry Value Integrity Checksum Changed","5","750"
"Sep 14, 2026 @ 12:24:39.775","Cyber-DC",["T1565.001","T1112"],["Impact","Defense Evasion"],"Registry Key Integrity Checksum Changed","5","594"
"Sep 14, 2026 @ 12:24:39.719","Cyber-DC",["T1565.001","T1112"],["Impact","Defense Evasion"],"Registry Value Integrity Checksum Changed","5","750"
"Sep 14, 2026 @ 12:24:39.678","Cyber-DC",["T1565.001","T1112"],["Impact","Defense Evasion"],"Registry Key Integrity Checksum Changed","5","594"
"Sep 14, 2026 @ 12:23:54.312","Cyber-DC",["T1078"],["Defense Evasion","Persistence","Privilege Escalation","Initial Access"],"Windows Logon Success","3","60106"
"Sep 14, 2026 @ 12:23:54.274","Cyber-DC",["T1078"],["Defense Evasion","Persistence","Privilege Escalation","Initial Access"],"Windows Logon Success","3","60106"
"Sep 14, 2026 @ 12:23:47.520","Cyber-DC",["T1078"],["Defense Evasion","Persistence","Privilege Escalation","Initial Access"],"Windows Logon Success","3","60106"
"Sep 14, 2026 @ 12:23:47.456","Cyber-DC",["T1078"],["Defense Evasion","Persistence","Privilege Escalation","Initial Access"],"Windows Logon Success","3","60106"
"Sep 14, 2026 @ 12:23:47.451","Cyber-DC",["T1078"],["Defense Evasion","Persistence","Privilege Escalation","Initial Access"],"Windows Logon Success","3","60106"
"Sep 14, 2026 @ 12:23:47.445","Cyber-DC",["T1078"],["Defense Evasion","Persistence","Privilege Escalation","Initial Access"],"Windows Logon Success","3","60106"
"Sep 14, 2026 @ 12:23:45.527","Cyber-DC",["T1078"],["Defense Evasion","Persistence","Privilege Escalation","Initial Access"],"Windows Logon Success","3","60106"
"Sep 14, 2026 @ 12:23:45.520","Cyber-DC",["T1078"],["Defense Evasion","Persistence","Privilege Escalation","Initial Access"],"Windows Logon Success","3","60106"
"Sep 14, 2026 @ 12:23:45.515","Cyber-DC",["T1078"],["Defense Evasion","Persistence","Privilege Escalation","Initial Access"],"Windows Logon Success","3","60106"
"Sep 14, 2026 @ 12:23:42.653","Cyber-DC",["T1078"],["Defense Evasion","Persistence","Privilege Escalation","Initial Access"],"Windows Logon Success","3","60106"
"Sep 14, 2026 @ 12:23:33.595","Cyber-DC",["T1565.001","T1112"],["Impact","Defense Evasion"],"Registry Value Integrity Checksum Changed","5","750"
"Sep 14, 2026 @ 12:23:33.552","Cyber-DC",["T1565.001","T1112"],["Impact","Defense Evasion"],"Registry Key Integrity Checksum Changed","5","594"
"Sep 14, 2026 @ 12:22:42.796","Cyber-DC",["T1078"],["Defense Evasion","Persistence","Privilege Escalation","Initial Access"],"Windows Logon Success","3","60106"
"Sep 14, 2026 @ 12:22:18.437","Cyber-DC",["T1565.001","T1112"],["Impact","Defense Evasion"],"Registry Value Integrity Checksum Changed","5","750"
"Sep 14, 2026 @ 12:22:18.436","Cyber-DC",["T1565.001","T1112"],["Impact","Defense Evasion"],"Registry Key Integrity Checksum Changed","5","594"
"Sep 14, 2026 @ 12:22:18.347","Cyber-DC",["T1565.001","T1112"],["Impact","Defense Evasion"],"Registry Key Integrity Checksum Changed","5","594"
"Sep 14, 2026 @ 12:22:18.347","Cyber-DC",["T1565.001","T1112"],["Impact","Defense Evasion"],"Registry Value Integrity Checksum Changed","5","750"
"Sep 14, 2026 @ 12:21:42.658","Cyber-DC",["T1078"],["Defense Evasion","Persistence","Privilege Escalation","Initial Access"],"Windows Logon Success","3","60106"
"Sep 14, 2026 @ 12:21:02.218","Cyber-Window-cilent",["T1078"],["Defense Evasion","Persistence","Privilege Escalation","Initial Access"],"Windows Logon Success","3","60106"
"Sep 14, 2026 @ 12:20:59.297","Cyber-DC",["T1565.001","T1112"],["Impact","Defense Evasion"],"Registry Value Integrity Checksum Changed","5","750"
"Sep 14, 2026 @ 12:20:59.295","Cyber-DC",["T1565.001","T1112"],["Impact","Defense Evasion"],"Registry Key Integrity Checksum Changed","5","594"
"Sep 14, 2026 @ 12:20:59.236","Cyber-DC",["T1565.001","T1112"],["Impact","Defense Evasion"],"Registry Value Integrity Checksum Changed","5","750"
"Sep 14, 2026 @ 12:20:59.194","Cyber-DC",["T1565.001","T1112"],["Impact","Defense Evasion"],"Registry Key Integrity Checksum Changed","5","594"
"Sep 14, 2026 @ 12:20:42.606","Cyber-DC",["T1078"],["Defense Evasion","Persistence","Privilege Escalation","Initial Access"],"Windows Logon Success","3","60106"
"Sep 14, 2026 @ 12:19:53.234","Cyber-DC",["T1078"],["Defense Evasion","Persistence","Privilege Escalation","Initial Access"],"Windows Logon Success","3","60106"
"Sep 14, 2026 @ 12:19:53.194","Cyber-DC",["T1078"],["Defense Evasion","Persistence","Privilege Escalation","Initial Access"],"Windows Logon Success","3","60106"
"Sep 14, 2026 @ 12:19:53.157","Cyber-DC",["T1078"],["Defense Evasion","Persistence","Privilege Escalation","Initial Access"],"Windows Logon Success","3","60106"
"Sep 14, 2026 @ 12:19:48.908","Cyber-DC",["T1565.001","T1112"],["Impact","Defense Evasion"],"Registry Key Integrity Checksum Changed","5","594"
"Sep 14, 2026 @ 12:19:42.574","Cyber-DC",["T1078"],["Defense Evasion","Persistence","Privilege Escalation","Initial Access"],"Windows Logon Success","3","60106"
"Sep 14, 2026 @ 12:19:40.492","Cyber-Window-cilent",["T1565.001","T1112"],["Impact","Defense Evasion"],"Registry Value Integrity Checksum Changed","5","750"
"Sep 14, 2026 @ 12:19:40.476","Cyber-Window-cilent",["T1565.001","T1112"],["Impact","Defense Evasion"],"Registry Value Integrity Checksum Changed","5","750"
"Sep 14, 2026 @ 12:19:40.460","Cyber-Window-cilent",["T1565.001","T1112"],["Impact","Defense Evasion"],"Registry Value Integrity Checksum Changed","5","750"
"Sep 14, 2026 @ 12:19:40.445","Cyber-Window-cilent",["T1565.001","T1112"],["Impact","Defense Evasion"],"Registry Key Integrity Checksum Changed","5","594"
"Sep 14, 2026 @ 12:19:40.441","Cyber-Window-cilent",["T1565.001","T1112"],["Impact","Defense Evasion"],"Registry Value Integrity Checksum Changed","5","750"
"Sep 14, 2026 @ 12:19:40.439","Cyber-Window-cilent",["T1565.001","T1112"],["Impact","Defense Evasion"],"Registry Value Integrity Checksum Changed","5","750"
"Sep 14, 2026 @ 12:19:40.438","Cyber-Window-cilent",["T1565.001","T1112"],["Impact","Defense Evasion"],"Registry Key Integrity Checksum Changed","5","594"
"Sep 14, 2026 @ 12:19:39.350","Cyber-Window-cilent",["T1565.001","T1112"],["Impact","Defense Evasion"],"Registry Value Integrity Checksum Changed","5","750"
"Sep 14, 2026 @ 12:19:39.348","Cyber-Window-cilent",["T1565.001","T1112"],["Impact","Defense Evasion"],"Registry Key Integrity Checksum Changed","5","594"
"Sep 14, 2026 @ 12:19:38.951","Cyber-DC",["T1078"],["Defense Evasion","Persistence","Privilege Escalation","Initial Access"],"Windows Logon Success","3","60106"
"Sep 14, 2026 @ 12:18:53.196","Cyber-DC",["T1078"],["Defense Evasion","Persistence","Privilege Escalation","Initial Access"],"Windows Logon Success","3","60106"
"Sep 14, 2026 @ 12:18:53.189","Cyber-DC",["T1078"],["Defense Evasion","Persistence","Privilege Escalation","Initial Access"],"Windows Logon Success","3","60106"
"Sep 14, 2026 @ 12:18:47.563","Cyber-DC",["T1078"],["Defense Evasion","Persistence","Privilege Escalation","Initial Access"],"Windows Logon Success","3","60106"
"Sep 14, 2026 @ 12:18:47.463","Cyber-DC",["T1078"],["Defense Evasion","Persistence","Privilege Escalation","Initial Access"],"Windows Logon Success","3","60106"
"Sep 14, 2026 @ 12:18:47.432","Cyber-DC",["T1078"],["Defense Evasion","Persistence","Privilege Escalation","Initial Access"],"Windows Logon Success","3","60106"
"Sep 14, 2026 @ 12:18:47.425","Cyber-DC",["T1078"],["Defense Evasion","Persistence","Privilege Escalation","Initial Access"],"Windows Logon Success","3","60106"
"Sep 14, 2026 @ 12:18:44.393","Cyber-DC",["T1078"],["Defense Evasion","Persistence","Privilege Escalation","Initial Access"],"Windows Logon Success","3","60106"
"Sep 14, 2026 @ 12:18:42.385","Cyber-DC",["T1078"],["Defense Evasion","Persistence","Privilege Escalation","Initial Access"],"Windows Logon Success","3","60106"
"Sep 14, 2026 @ 12:18:41.541","Cyber-DC",["T1565.001","T1112"],["Impact","Defense Evasion"],"Registry Value Integrity Checksum Changed","5","750"
"Sep 14, 2026 @ 12:18:41.498","Cyber-DC",["T1565.001","T1112"],["Impact","Defense Evasion"],"Registry Key Integrity Checksum Changed","5","594"
"Sep 14, 2026 @ 12:18:37.842","Cyber-DC",["T1565.001","T1112"],["Impact","Defense Evasion"],"Registry Value Integrity Checksum Changed","5","750"
"Sep 14, 2026 @ 12:18:37.840","Cyber-DC",["T1565.001","T1112"],["Impact","Defense Evasion"],"Registry Key Integrity Checksum Changed","5","594"
"Sep 14, 2026 @ 12:17:42.547","Cyber-DC",["T1078"],["Defense Evasion","Persistence","Privilege Escalation","Initial Access"],"Windows Logon Success","3","60106"
"Sep 14, 2026 @ 12:17:24.417","Cyber-DC",["T1565.001","T1112"],["Impact","Defense Evasion"],"Registry Value Integrity Checksum Changed","5","750"
"Sep 14, 2026 @ 12:17:24.417","Cyber-DC",["T1565.001","T1112"],["Impact","Defense Evasion"],"Registry Key Integrity Checksum Changed","5","594"
"Sep 14, 2026 @ 12:17:24.324","Cyber-DC",["T1565.001","T1112"],["Impact","Defense Evasion"],"Registry Value Integrity Checksum Changed","5","750"
"Sep 14, 2026 @ 12:17:24.322","Cyber-DC",["T1565.001","T1112"],["Impact","Defense Evasion"],"Registry Key Integrity Checksum Changed","5","594"
"Sep 14, 2026 @ 12:16:42.525","Cyber-DC",["T1078"],["Defense Evasion","Persistence","Privilege Escalation","Initial Access"],"Windows Logon Success","3","60106"
"Sep 14, 2026 @ 12:16:17.503","Cyber-DC",["T1078"],["Defense Evasion","Persistence","Privilege Escalation","Initial Access"],"Windows Logon Success","3","60106"
"Sep 14, 2026 @ 12:16:17.498","Cyber-DC",["T1078"],["Defense Evasion","Persistence","Privilege Escalation","Initial Access"],"Windows Logon Success","3","60106"
"Sep 14, 2026 @ 12:16:17.491","Cyber-DC",["T1078"],["Defense Evasion","Persistence","Privilege Escalation","Initial Access"],"Windows Logon Success","3","60106"
"Sep 14, 2026 @ 12:16:13.313","Cyber-DC",["T1565.001","T1112"],["Impact","Defense Evasion"],"Registry Value Integrity Checksum Changed","5","750"
"Sep 14, 2026 @ 12:16:13.313","Cyber-DC",["T1565.001","T1112"],["Impact","Defense Evasion"],"Registry Key Integrity Checksum Changed","5","594"
"Sep 14, 2026 @ 12:15:42.513","Cyber-DC",["T1078"],["Defense Evasion","Persistence","Privilege Escalation","Initial Access"],"Windows Logon Success","3","60106"
"Sep 14, 2026 @ 12:15:36.777","Cyber-DC",["T1078"],["Defense Evasion","Persistence","Privilege Escalation","Initial Access"],"Windows Logon Success","3","60106"
"Sep 14, 2026 @ 12:15:01.929","Cyber-DC",["T1565.001","T1112"],["Impact","Defense Evasion"],"Registry Key Integrity Checksum Changed","5","594"
"Sep 14, 2026 @ 12:14:42.503","Cyber-DC",["T1078"],["Defense Evasion","Persistence","Privilege Escalation","Initial Access"],"Windows Logon Success","3","60106"
"Sep 14, 2026 @ 12:14:21.551","Cyber-Window-cilent",["T1565.001","T1112"],["Impact","Defense Evasion"],"Registry Value Integrity Checksum Changed","5","750"
"Sep 14, 2026 @ 12:14:21.536","Cyber-Window-cilent",["T1565.001","T1112"],["Impact","Defense Evasion"],"Registry Value Integrity Checksum Changed","5","750"
"Sep 14, 2026 @ 12:14:21.520","Cyber-Window-cilent",["T1565.001","T1112"],["Impact","Defense Evasion"],"Registry Value Integrity Checksum Changed","5","750"
"Sep 14, 2026 @ 12:14:21.504","Cyber-Window-cilent",["T1565.001","T1112"],["Impact","Defense Evasion"],"Registry Key Integrity Checksum Changed","5","594"
"Sep 14, 2026 @ 12:14:21.490","Cyber-Window-cilent",["T1565.001","T1112"],["Impact","Defense Evasion"],"Registry Value Integrity Checksum Changed","5","750"
"Sep 14, 2026 @ 12:14:21.489","Cyber-Window-cilent",["T1565.001","T1112"],["Impact","Defense Evasion"],"Registry Key Integrity Checksum Changed","5","594"
"Sep 14, 2026 @ 12:14:04.897","Cyber-Window-cilent",["T1078"],["Defense Evasion","Persistence","Privilege Escalation","Initial Access"],"Windows Logon Success","3","60106"
"Sep 14, 2026 @ 12:13:53.613","Cyber-DC",["T1078"],["Defense Evasion","Persistence","Privilege Escalation","Initial Access"],"Windows Logon Success","3","60106"
"Sep 14, 2026 @ 12:13:53.609","Cyber-DC",["T1078"],["Defense Evasion","Persistence","Privilege Escalation","Initial Access"],"Windows Logon Success","3","60106"
"Sep 14, 2026 @ 12:13:47.403","Cyber-DC",["T1078"],["Defense Evasion","Persistence","Privilege Escalation","Initial Access"],"Windows Logon Success","3","60106"
"Sep 14, 2026 @ 12:13:47.338","Cyber-DC",["T1078"],["Defense Evasion","Persistence","Privilege Escalation","Initial Access"],"Windows Logon Success","3","60106"
"Sep 14, 2026 @ 12:13:47.333","Cyber-DC",["T1078"],["Defense Evasion","Persistence","Privilege Escalation","Initial Access"],"Windows Logon Success","3","60106"
"Sep 14, 2026 @ 12:13:47.331","Cyber-DC",["T1078"],["Defense Evasion","Persistence","Privilege Escalation","Initial Access"],"Windows Logon Success","3","60106"
"Sep 14, 2026 @ 12:13:47.324","Cyber-DC",["T1078"],["Defense Evasion","Persistence","Privilege Escalation","Initial Access"],"Windows Logon Success","3","60106"
"Sep 14, 2026 @ 12:13:42.477","Cyber-DC",["T1078"],["Defense Evasion","Persistence","Privilege Escalation","Initial Access"],"Windows Logon Success","3","60106"
"Sep 14, 2026 @ 12:13:41.126","Cyber-DC",["T1565.001","T1112"],["Impact","Defense Evasion"],"Registry Key Integrity Checksum Changed","5","594"
"Sep 14, 2026 @ 12:13:41.126","Cyber-DC",["T1565.001","T1112"],["Impact","Defense Evasion"],"Registry Value Integrity Checksum Changed","5","750"
"Sep 14, 2026 @ 12:13:41.030","Cyber-DC",["T1565.001","T1112"],["Impact","Defense Evasion"],"Registry Value Integrity Checksum Changed","5","750"
"Sep 14, 2026 @ 12:13:41.029","Cyber-DC",["T1565.001","T1112"],["Impact","Defense Evasion"],"Registry Key Integrity Checksum Changed","5","594"
"Sep 14, 2026 @ 12:12:54.427","Cyber-DC",["T1078"],["Defense Evasion","Persistence","Privilege Escalation","Initial Access"],"Windows Logon Success","3","60106"
"Sep 14, 2026 @ 12:12:54.422","Cyber-DC",["T1078"],["Defense Evasion","Persistence","Privilege Escalation","Initial Access"],"Windows Logon Success","3","60106"
"Sep 14, 2026 @ 12:12:54.415","Cyber-DC",["T1078"],["Defense Evasion","Persistence","Privilege Escalation","Initial Access"],"Windows Logon Success","3","60106"
"Sep 14, 2026 @ 12:12:42.466","Cyber-DC",["T1078"],["Defense Evasion","Persistence","Privilege Escalation","Initial Access"],"Windows Logon Success","3","60106"
"Sep 14, 2026 @ 12:12:39.244","Cyber-DC",["T1565.001","T1112"],["Impact","Defense Evasion"],"Registry Value Integrity Checksum Changed","5","750"
"Sep 14, 2026 @ 12:12:39.243","Cyber-DC",["T1565.001","T1112"],["Impact","Defense Evasion"],"Registry Key Integrity Checksum Changed","5","594"
"Sep 14, 2026 @ 12:12:39.165","Cyber-DC",["T1565.001","T1112"],["Impact","Defense Evasion"],"Registry Value Integrity Checksum Changed","5","750"
"Sep 14, 2026 @ 12:12:39.164","Cyber-DC",["T1565.001","T1112"],["Impact","Defense Evasion"],"Registry Key Integrity Checksum Changed","5","594"
"Sep 14, 2026 @ 12:11:42.415","Cyber-DC",["T1078"],["Defense Evasion","Persistence","Privilege Escalation","Initial Access"],"Windows Logon Success","3","60106"
"Sep 14, 2026 @ 12:11:27.345","Cyber-DC",["T1078"],["Defense Evasion","Persistence","Privilege Escalation","Initial Access"],"Windows Logon Success","3","60106"
"Sep 14, 2026 @ 12:11:10.941","Cyber-DC",["T1565.001","T1112"],["Impact","Defense Evasion"],"Registry Value Integrity Checksum Changed","5","750"
"Sep 14, 2026 @ 12:11:10.940","Cyber-DC",["T1565.001","T1112"],["Impact","Defense Evasion"],"Registry Key Integrity Checksum Changed","5","594"
"Sep 14, 2026 @ 12:10:42.400","Cyber-DC",["T1078"],["Defense Evasion","Persistence","Privilege Escalation","Initial Access"],"Windows Logon Success","3","60106"
"Sep 14, 2026 @ 12:10:25.618","Cyber-Window-cilent",["T1565.001","T1112"],["Impact","Defense Evasion"],"Registry Value Integrity Checksum Changed","5","750"
"Sep 14, 2026 @ 12:10:25.615","Cyber-Window-cilent",["T1565.001","T1112"],["Impact","Defense Evasion"],"Registry Key Integrity Checksum Changed","5","594"
"Sep 14, 2026 @ 12:10:25.614","Cyber-Window-cilent",["T1565.001","T1112"],["Impact","Defense Evasion"],"Registry Value Integrity Checksum Changed","5","750"
"Sep 14, 2026 @ 12:10:25.583","Cyber-Window-cilent",["T1565.001","T1112"],["Impact","Defense Evasion"],"Registry Key Integrity Checksum Changed","5","594"
"Sep 14, 2026 @ 12:10:11.961","Cyber-DC",["T1565.001","T1112"],["Impact","Defense Evasion"],"Registry Value Integrity Checksum Changed","5","750"
"Sep 14, 2026 @ 12:10:11.920","Cyber-DC",["T1565.001","T1112"],["Impact","Defense Evasion"],"Registry Key Integrity Checksum Changed","5","594"
"Sep 14, 2026 @ 12:09:42.411","Cyber-DC",["T1078"],["Defense Evasion","Persistence","Privilege Escalation","Initial Access"],"Windows Logon Success","3","60106"
"Sep 14, 2026 @ 12:09:21.547","Cyber-DC",["T1078"],["Defense Evasion","Persistence","Privilege Escalation","Initial Access"],"Windows Logon Success","3","60106"
"Sep 14, 2026 @ 12:09:12.619","Cyber-Window-cilent",["T1565.001","T1112"],["Impact","Defense Evasion"],"Registry Value Integrity Checksum Changed","5","750"
"Sep 14, 2026 @ 12:09:12.619","Cyber-Window-cilent",["T1565.001","T1112"],["Impact","Defense Evasion"],"Registry Value Integrity Checksum Changed","5","750"
"Sep 14, 2026 @ 12:09:12.619","Cyber-Window-cilent",["T1565.001","T1112"],["Impact","Defense Evasion"],"Registry Value Integrity Checksum Changed","5","750"
"Sep 14, 2026 @ 12:09:12.599","Cyber-Window-cilent",["T1565.001","T1112"],["Impact","Defense Evasion"],"Registry Key Integrity Checksum Changed","5","594"
"Sep 14, 2026 @ 12:09:12.591","Cyber-Window-cilent",["T1565.001","T1112"],["Impact","Defense Evasion"],"Registry Value Integrity Checksum Changed","5","750"
"Sep 14, 2026 @ 12:09:12.590","Cyber-Window-cilent",["T1565.001","T1112"],["Impact","Defense Evasion"],"Registry Key Integrity Checksum Changed","5","594"
"Sep 14, 2026 @ 12:08:53.142","Cyber-DC",["T1565.001","T1112"],["Impact","Defense Evasion"],"Registry Key Integrity Checksum Changed","5","594"
"Sep 14, 2026 @ 12:08:52.850","Cyber-DC",["T1078"],["Defense Evasion","Persistence","Privilege Escalation","Initial Access"],"Windows Logon Success","3","60106"
"Sep 14, 2026 @ 12:08:52.839","Cyber-DC",["T1078"],["Defense Evasion","Persistence","Privilege Escalation","Initial Access"],"Windows Logon Success","3","60106"
"Sep 14, 2026 @ 12:08:47.342","Cyber-DC",["T1078"],["Defense Evasion","Persistence","Privilege Escalation","Initial Access"],"Windows Logon Success","3","60106"
"Sep 14, 2026 @ 12:08:47.261","Cyber-DC",["T1078"],["Defense Evasion","Persistence","Privilege Escalation","Initial Access"],"Windows Logon Success","3","60106"
"Sep 14, 2026 @ 12:08:47.239","Cyber-DC",["T1078"],["Defense Evasion","Persistence","Privilege Escalation","Initial Access"],"Windows Logon Success","3","60106"
"Sep 14, 2026 @ 12:08:47.233","Cyber-DC",["T1078"],["Defense Evasion","Persistence","Privilege Escalation","Initial Access"],"Windows Logon Success","3","60106"
"Sep 14, 2026 @ 12:08:44.408","Cyber-DC",["T1078"],["Defense Evasion","Persistence","Privilege Escalation","Initial Access"],"Windows Logon Success","3","60106"
"Sep 14, 2026 @ 12:08:42.442","Cyber-DC",["T1078"],["Defense Evasion","Persistence","Privilege Escalation","Initial Access"],"Windows Logon Success","3","60106"
"Sep 14, 2026 @ 12:07:42.389","Cyber-DC",["T1078"],["Defense Evasion","Persistence","Privilege Escalation","Initial Access"],"Windows Logon Success","3","60106"
"Sep 14, 2026 @ 12:07:39.988","Cyber-DC",["T1565.001","T1112"],["Impact","Defense Evasion"],"Registry Value Integrity Checksum Changed","5","750"
"Sep 14, 2026 @ 12:07:39.987","Cyber-DC",["T1565.001","T1112"],["Impact","Defense Evasion"],"Registry Value Integrity Checksum Changed","5","750"
"Sep 14, 2026 @ 12:07:39.945","Cyber-DC",["T1565.001","T1112"],["Impact","Defense Evasion"],"Registry Key Integrity Checksum Changed","5","594"
"Sep 14, 2026 @ 12:06:42.376","Cyber-DC",["T1078"],["Defense Evasion","Persistence","Privilege Escalation","Initial Access"],"Windows Logon Success","3","60106"
"Sep 14, 2026 @ 12:06:40.406","Cyber-DC",["T1565.001","T1112"],["Impact","Defense Evasion"],"Registry Value Integrity Checksum Changed","5","750"
"Sep 14, 2026 @ 12:06:40.406","Cyber-DC",["T1565.001","T1112"],["Impact","Defense Evasion"],"Registry Value Integrity Checksum Changed","5","750"
"Sep 14, 2026 @ 12:06:40.362","Cyber-DC",["T1565.001","T1112"],["Impact","Defense Evasion"],"Registry Key Integrity Checksum Changed","5","594"
"Sep 14, 2026 @ 12:06:02.115","Cyber-Window-cilent",["T1078"],["Defense Evasion","Persistence","Privilege Escalation","Initial Access"],"Windows Logon Success","3","60106"
"Sep 14, 2026 @ 12:05:42.358","Cyber-DC",["T1078"],["Defense Evasion","Persistence","Privilege Escalation","Initial Access"],"Windows Logon Success","3","60106"
"Sep 14, 2026 @ 12:05:39.502","Cyber-DC",["T1078"],["Defense Evasion","Persistence","Privilege Escalation","Initial Access"],"Windows Logon Success","3","60106"
"Sep 14, 2026 @ 12:05:17.669","Cyber-DC",["T1078"],["Defense Evasion","Persistence","Privilege Escalation","Initial Access"],"Windows Logon Success","3","60106"
"Sep 14, 2026 @ 12:05:17.664","Cyber-DC",["T1078"],["Defense Evasion","Persistence","Privilege Escalation","Initial Access"],"Windows Logon Success","3","60106"
"Sep 14, 2026 @ 12:05:00.806","Cyber-DC",["T1565.001","T1112"],["Impact","Defense Evasion"],"Registry Value Integrity Checksum Changed","5","750"
"Sep 14, 2026 @ 12:05:00.795","Cyber-DC",["T1565.001","T1112"],["Impact","Defense Evasion"],"Registry Value Integrity Checksum Changed","5","750"
"Sep 14, 2026 @ 12:05:00.793","Cyber-DC",["T1565.001","T1112"],["Impact","Defense Evasion"],"Registry Value Integrity Checksum Changed","5","750"
"Sep 14, 2026 @ 12:05:00.789","Cyber-DC",["T1565.001","T1112"],["Impact","Defense Evasion"],"Registry Key Integrity Checksum Changed","5","594"
"Sep 14, 2026 @ 12:05:00.778","Cyber-DC",["T1565.001","T1112"],["Impact","Defense Evasion"],"Registry Value Integrity Checksum Changed","5","750"
"Sep 14, 2026 @ 12:05:00.776","Cyber-DC",["T1565.001","T1112"],["Impact","Defense Evasion"],"Registry Key Integrity Checksum Changed","5","594"
"Sep 14, 2026 @ 12:04:58.016","Cyber-Window-cilent",["T1565.001","T1112"],["Impact","Defense Evasion"],"Registry Value Integrity Checksum Changed","5","750"
"Sep 14, 2026 @ 12:04:57.042","Cyber-Window-cilent",["T1565.001","T1112"],["Impact","Defense Evasion"],"Registry Value Integrity Checksum Changed","5","750"
"Sep 14, 2026 @ 12:04:57.031","Cyber-Window-cilent",["T1565.001","T1112"],["Impact","Defense Evasion"],"Registry Value Integrity Checksum Changed","5","750"
"Sep 14, 2026 @ 12:04:57.029","Cyber-Window-cilent",["T1565.001","T1112"],["Impact","Defense Evasion"],"Registry Value Integrity Checksum Changed","5","750"
"Sep 14, 2026 @ 12:04:57.028","Cyber-Window-cilent",["T1565.001","T1112"],["Impact","Defense Evasion"],"Registry Key Integrity Checksum Changed","5","594"
"Sep 14, 2026 @ 12:04:57.005","Cyber-Window-cilent",["T1565.001","T1112"],["Impact","Defense Evasion"],"Registry Key Integrity Checksum Changed","5","594"
"Sep 14, 2026 @ 12:04:55.897","Cyber-DC",["T1565.001","T1112"],["Impact","Defense Evasion"],"Registry Key Integrity Checksum Changed","5","594"
"Sep 14, 2026 @ 12:04:55.169","Cyber-DC",["T1565.001","T1112"],["Impact","Defense Evasion"],"Registry Value Integrity Checksum Changed","5","750"
"Sep 14, 2026 @ 12:04:55.167","Cyber-DC",["T1565.001","T1112"],["Impact","Defense Evasion"],"Registry Key Integrity Checksum Changed","5","594"
"Sep 14, 2026 @ 12:04:42.318","Cyber-DC",["T1078"],["Defense Evasion","Persistence","Privilege Escalation","Initial Access"],"Windows Logon Success","3","60106"
"Sep 14, 2026 @ 12:03:52.644","Cyber-DC",["T1078"],["Defense Evasion","Persistence","Privilege Escalation","Initial Access"],"Windows Logon Success","3","60106"
"Sep 14, 2026 @ 12:03:52.640","Cyber-DC",["T1078"],["Defense Evasion","Persistence","Privilege Escalation","Initial Access"],"Windows Logon Success","3","60106"
"Sep 14, 2026 @ 12:03:47.198","Cyber-DC",["T1078"],["Defense Evasion","Persistence","Privilege Escalation","Initial Access"],"Windows Logon Success","3","60106"
"Sep 14, 2026 @ 12:03:47.189","Cyber-DC",["T1078"],["Defense Evasion","Persistence","Privilege Escalation","Initial Access"],"Windows Logon Success","3","60106"
"Sep 14, 2026 @ 12:03:47.189","Cyber-DC",["T1078"],["Defense Evasion","Persistence","Privilege Escalation","Initial Access"],"Windows Logon Success","3","60106"
"Sep 14, 2026 @ 12:03:47.188","Cyber-DC",["T1078"],["Defense Evasion","Persistence","Privilege Escalation","Initial Access"],"Windows Logon Success","3","60106"
"Sep 14, 2026 @ 12:03:39.901","Cyber-DC",["T1565.001","T1112"],["Impact","Defense Evasion"],"Registry Value Integrity Checksum Changed","5","750"
"Sep 14, 2026 @ 12:03:39.897","Cyber-DC",["T1565.001","T1112"],["Impact","Defense Evasion"],"Registry Key Integrity Checksum Changed","5","594"
"Sep 14, 2026 @ 12:03:38.288","Cyber-DC",["T1078"],["Defense Evasion","Persistence","Privilege Escalation","Initial Access"],"Windows Logon Success","3","60106"
"Sep 14, 2026 @ 12:03:35.310","Cyber-DC",["T1565.001","T1112"],["Impact","Defense Evasion"],"Registry Value Integrity Checksum Changed","5","750"
"Sep 14, 2026 @ 12:03:35.308","Cyber-DC",["T1565.001","T1112"],["Impact","Defense Evasion"],"Registry Key Integrity Checksum Changed","5","594"
"Sep 14, 2026 @ 12:02:38.283","Cyber-DC",["T1078"],["Defense Evasion","Persistence","Privilege Escalation","Initial Access"],"Windows Logon Success","3","60106"
"Sep 14, 2026 @ 12:02:23.838","Cyber-DC",["T1565.001","T1112"],["Impact","Defense Evasion"],"Registry Value Integrity Checksum Changed","5","750"
"Sep 14, 2026 @ 12:02:23.834","Cyber-DC",["T1565.001","T1112"],["Impact","Defense Evasion"],"Registry Key Integrity Checksum Changed","5","594"
"Sep 14, 2026 @ 12:01:49.718","Cyber-DC",["T1078"],["Defense Evasion","Persistence","Privilege Escalation","Initial Access"],"Windows Logon Success","3","60106"
"Sep 14, 2026 @ 12:01:38.234","Cyber-DC",["T1078"],["Defense Evasion","Persistence","Privilege Escalation","Initial Access"],"Windows Logon Success","3","60106"
"Sep 14, 2026 @ 12:00:56.072","Cyber-DC",["T1565.001","T1112"],["Impact","Defense Evasion"],"Registry Value Integrity Checksum Changed","5","750"
"Sep 14, 2026 @ 12:00:56.070","Cyber-DC",["T1565.001","T1112"],["Impact","Defense Evasion"],"Registry Key Integrity Checksum Changed","5","594"
"Sep 14, 2026 @ 12:00:38.222","Cyber-DC",["T1078"],["Defense Evasion","Persistence","Privilege Escalation","Initial Access"],"Windows Logon Success","3","60106"
"Sep 14, 2026 @ 12:00:05.145","Cyber-DC",["T1078"],["Defense Evasion","Persistence","Privilege Escalation","Initial Access"],"Windows Logon Success","3","60106"
"Sep 14, 2026 @ 11:59:45.672","Cyber-DC",["T1565.001","T1112"],["Impact","Defense Evasion"],"Registry Key Integrity Checksum Changed","5","594"
"Sep 14, 2026 @ 11:59:45.112","Cyber-DC",["T1565.001","T1112"],["Impact","Defense Evasion"],"Registry Value Integrity Checksum Changed","5","750"
"Sep 14, 2026 @ 11:59:45.071","Cyber-DC",["T1565.001","T1112"],["Impact","Defense Evasion"],"Registry Key Integrity Checksum Changed","5","594"
"Sep 14, 2026 @ 11:59:38.315","Cyber-DC",["T1078"],["Defense Evasion","Persistence","Privilege Escalation","Initial Access"],"Windows Logon Success","3","60106"
"Sep 14, 2026 @ 11:59:33.602","Cyber-Window-cilent",["T1565.001","T1112"],["Impact","Defense Evasion"],"Registry Value Integrity Checksum Changed","5","750"
"Sep 14, 2026 @ 11:59:33.553","Cyber-Window-cilent",["T1565.001","T1112"],["Impact","Defense Evasion"],"Registry Value Integrity Checksum Changed","5","750"
"Sep 14, 2026 @ 11:59:33.542","Cyber-Window-cilent",["T1565.001","T1112"],["Impact","Defense Evasion"],"Registry Value Integrity Checksum Changed","5","750"
"Sep 14, 2026 @ 11:59:33.538","Cyber-Window-cilent",["T1565.001","T1112"],["Impact","Defense Evasion"],"Registry Value Integrity Checksum Changed","5","750"
"Sep 14, 2026 @ 11:59:33.538","Cyber-Window-cilent",["T1565.001","T1112"],["Impact","Defense Evasion"],"Registry Key Integrity Checksum Changed","5","594"
"Sep 14, 2026 @ 11:59:33.506","Cyber-Window-cilent",["T1565.001","T1112"],["Impact","Defense Evasion"],"Registry Key Integrity Checksum Changed","5","594"
"Sep 14, 2026 @ 11:58:52.116","Cyber-DC",["T1078"],["Defense Evasion","Persistence","Privilege Escalation","Initial Access"],"Windows Logon Success","3","60106"
"Sep 14, 2026 @ 11:58:52.112","Cyber-DC",["T1078"],["Defense Evasion","Persistence","Privilege Escalation","Initial Access"],"Windows Logon Success","3","60106"
"Sep 14, 2026 @ 11:58:47.203","Cyber-DC",["T1078"],["Defense Evasion","Persistence","Privilege Escalation","Initial Access"],"Windows Logon Success","3","60106"
"Sep 14, 2026 @ 11:58:47.121","Cyber-DC",["T1078"],["Defense Evasion","Persistence","Privilege Escalation","Initial Access"],"Windows Logon Success","3","60106"
"Sep 14, 2026 @ 11:58:47.107","Cyber-DC",["T1078"],["Defense Evasion","Persistence","Privilege Escalation","Initial Access"],"Windows Logon Success","3","60106"
"Sep 14, 2026 @ 11:58:47.105","Cyber-DC",["T1078"],["Defense Evasion","Persistence","Privilege Escalation","Initial Access"],"Windows Logon Success","3","60106"
"Sep 14, 2026 @ 11:58:46.710","Cyber-DC",["T1565.001","T1112"],["Impact","Defense Evasion"],"Registry Value Integrity Checksum Changed","5","750"
"Sep 14, 2026 @ 11:58:46.663","Cyber-DC",["T1565.001","T1112"],["Impact","Defense Evasion"],"Registry Key Integrity Checksum Changed","5","594"
"Sep 14, 2026 @ 11:58:45.695","Cyber-DC",["T1565.001","T1112"],["Impact","Defense Evasion"],"Registry Value Integrity Checksum Changed","5","750"
"Sep 14, 2026 @ 11:58:45.694","Cyber-DC",["T1565.001","T1112"],["Impact","Defense Evasion"],"Registry Key Integrity Checksum Changed","5","594"
"Sep 14, 2026 @ 11:58:44.375","Cyber-DC",["T1078"],["Defense Evasion","Persistence","Privilege Escalation","Initial Access"],"Windows Logon Success","3","60106"
"Sep 14, 2026 @ 11:58:38.186","Cyber-DC",["T1078"],["Defense Evasion","Persistence","Privilege Escalation","Initial Access"],"Windows Logon Success","3","60106"
"Sep 14, 2026 @ 11:57:38.170","Cyber-DC",["T1078"],["Defense Evasion","Persistence","Privilege Escalation","Initial Access"],"Windows Logon Success","3","60106"
"Sep 14, 2026 @ 11:57:15.795","Cyber-DC",["T1565.001","T1112"],["Impact","Defense Evasion"],"Registry Value Integrity Checksum Changed","5","750"
"Sep 14, 2026 @ 11:57:15.793","Cyber-DC",["T1565.001","T1112"],["Impact","Defense Evasion"],"Registry Key Integrity Checksum Changed","5","594"
"Sep 14, 2026 @ 11:57:13.281","Cyber-DC",["T1565.001","T1112"],["Impact","Defense Evasion"],"Registry Key Integrity Checksum Changed","5","594"
"Sep 14, 2026 @ 11:57:13.204","Cyber-DC",["T1565.001","T1112"],["Impact","Defense Evasion"],"Registry Value Integrity Checksum Changed","5","750"
"Sep 14, 2026 @ 11:57:13.162","Cyber-DC",["T1565.001","T1112"],["Impact","Defense Evasion"],"Registry Key Integrity Checksum Changed","5","594"
"Sep 14, 2026 @ 11:57:09.102","Cyber-DC",["T1565.001","T1112"],["Impact","Defense Evasion"],"Registry Key Integrity Checksum Changed","5","594"
"Sep 14, 2026 @ 11:57:09.102","Cyber-DC",["T1565.001","T1112"],["Impact","Defense Evasion"],"Registry Value Integrity Checksum Changed","5","750"
"Sep 14, 2026 @ 11:57:08.141","Cyber-DC",["T1565.001","T1112"],["Impact","Defense Evasion"],"Registry Value Integrity Checksum Changed","5","750"
"Sep 14, 2026 @ 11:57:08.135","Cyber-DC",["T1565.001","T1112"],["Impact","Defense Evasion"],"Registry Key Integrity Checksum Changed","5","594"
"Sep 14, 2026 @ 11:57:08.053","Cyber-DC",["T1112"],["Defense Evasion"],"Registry Value Entry Added to the System","5","752"
"Sep 14, 2026 @ 11:57:08.047","Cyber-DC",["T1565.001","T1112"],["Impact","Defense Evasion"],"Registry Value Integrity Checksum Changed","5","750"
"Sep 14, 2026 @ 11:57:08.046","Cyber-DC",["T1565.001","T1112"],["Impact","Defense Evasion"],"Registry Key Integrity Checksum Changed","5","594"
"Sep 14, 2026 @ 11:56:58.026","Cyber-DC",["T1078"],["Defense Evasion","Persistence","Privilege Escalation","Initial Access"],"Windows Logon Success","3","60106"
"Sep 14, 2026 @ 11:56:58.002","Cyber-DC",["T1078"],["Defense Evasion","Persistence","Privilege Escalation","Initial Access"],"Windows Logon Success","3","60106"
"Sep 14, 2026 @ 11:56:57.959","Cyber-DC",["T1078"],["Defense Evasion","Persistence","Privilege Escalation","Initial Access"],"Windows Logon Success","3","60106"
"Sep 14, 2026 @ 11:56:55.347","Cyber-DC",["T1078"],["Defense Evasion","Persistence","Privilege Escalation","Initial Access"],"Windows Logon Success","3","60106"
"Sep 14, 2026 @ 11:56:44.458","Cyber-DC",["T1078"],["Defense Evasion","Persistence","Privilege Escalation","Initial Access"],"Windows Logon Success","3","60106"
"Sep 14, 2026 @ 11:56:43.533","Cyber-DC",["T1078"],["Defense Evasion","Persistence","Privilege Escalation","Initial Access"],"Windows Logon Success","3","60106"
"Sep 14, 2026 @ 11:56:43.516","Cyber-DC",["T1484"],["Defense Evasion","Privilege Escalation"],"Special privileges assigned to new logon.","3","67028"
"Sep 14, 2026 @ 11:56:43.501","Cyber-DC",["T1021.001","T1078.002"],["Lateral Movement","Defense Evasion","Persistence","Privilege Escalation","Initial Access"],"User: CORP\Administrator logged using Remote Desktop Connection (RDP) from ip:11.0.0.10.","3","92653"
"Sep 14, 2026 @ 11:56:43.440","Cyber-DC",["T1078"],["Defense Evasion","Persistence","Privilege Escalation","Initial Access"],"Windows Logon Success","3","60106"
"Sep 14, 2026 @ 11:56:43.432","Cyber-DC",["T1078"],["Defense Evasion","Persistence","Privilege Escalation","Initial Access"],"Windows Logon Success","3","60106"
"Sep 14, 2026 @ 11:56:43.431","Cyber-DC",["T1484"],["Defense Evasion","Privilege Escalation"],"Special privileges assigned to new logon.","3","67028"
"Sep 14, 2026 @ 11:56:43.422","Cyber-DC",["T1484"],["Defense Evasion","Privilege Escalation"],"Special privileges assigned to new logon.","3","67028"
"Sep 14, 2026 @ 11:56:43.395","Cyber-DC",["T1078"],["Defense Evasion","Persistence","Privilege Escalation","Initial Access"],"Windows Logon Success","3","60106"
"Sep 14, 2026 @ 11:56:42.042","Cyber-DC",["T1550.002","T1078.002","T1021.001"],["Defense Evasion","Lateral Movement","Persistence","Privilege Escalation","Initial Access"],"Successful Remote Logon Detected - User:\Administrator - NTLM authentication, possible pass-the-hash attack - Possible RDP connection. Verify that attacker is allowed to perform RDP connections","6","92657"
"Sep 14, 2026 @ 11:56:42.041","Cyber-DC",["T1484"],["Defense Evasion","Privilege Escalation"],"Special privileges assigned to new logon.","3","67028"
"Sep 14, 2026 @ 11:56:38.158","Cyber-DC",["T1078"],["Defense Evasion","Persistence","Privilege Escalation","Initial Access"],"Windows Logon Success","3","60106"
"Sep 14, 2026 @ 11:55:38.150","Cyber-DC",["T1078"],["Defense Evasion","Persistence","Privilege Escalation","Initial Access"],"Windows Logon Success","3","60106"
"Sep 14, 2026 @ 11:55:15.171","Cyber-DC",["T1078"],["Defense Evasion","Persistence","Privilege Escalation","Initial Access"],"Windows Logon Success","3","60106"
"Sep 14, 2026 @ 11:55:14.009","Cyber-DC",["T1078"],["Defense Evasion","Persistence","Privilege Escalation","Initial Access"],"Windows Logon Success","3","60106"
"Sep 14, 2026 @ 11:55:13.979","Cyber-DC",["T1078"],["Defense Evasion","Persistence","Privilege Escalation","Initial Access"],"Windows Logon Success","3","60106"
"Sep 14, 2026 @ 11:55:13.963","Cyber-DC",["T1078"],["Defense Evasion","Persistence","Privilege Escalation","Initial Access"],"Windows Logon Success","3","60106"
"Sep 14, 2026 @ 11:54:44.098","Cyber-DC",["T1565.001","T1112"],["Impact","Defense Evasion"],"Registry Key Integrity Checksum Changed","5","594"
"Sep 14, 2026 @ 11:54:38.146","Cyber-DC",["T1078"],["Defense Evasion","Persistence","Privilege Escalation","Initial Access"],"Windows Logon Success","3","60106"
"Sep 14, 2026 @ 11:54:15.198","Cyber-Window-cilent",["T1565.001","T1112"],["Impact","Defense Evasion"],"Registry Value Integrity Checksum Changed","5","750"
"Sep 14, 2026 @ 11:54:15.158","Cyber-Window-cilent",["T1565.001","T1112"],["Impact","Defense Evasion"],"Registry Value Integrity Checksum Changed","5","750"
"Sep 14, 2026 @ 11:54:15.143","Cyber-Window-cilent",["T1565.001","T1112"],["Impact","Defense Evasion"],"Registry Value Integrity Checksum Changed","5","750"
"Sep 14, 2026 @ 11:54:15.141","Cyber-Window-cilent",["T1565.001","T1112"],["Impact","Defense Evasion"],"Registry Value Integrity Checksum Changed","5","750"
"Sep 14, 2026 @ 11:54:15.141","Cyber-Window-cilent",["T1565.001","T1112"],["Impact","Defense Evasion"],"Registry Key Integrity Checksum Changed","5","594"
"Sep 14, 2026 @ 11:54:15.132","Cyber-Window-cilent",["T1565.001","T1112"],["Impact","Defense Evasion"],"Registry Key Integrity Checksum Changed","5","594"
"Sep 14, 2026 @ 11:54:13.397","Cyber-Linux-cilent",["T1110"],["Credential Access"],"syslog: User missed the password more than one time","10","2502"
"Sep 14, 2026 @ 11:54:13.387","Cyber-Linux-cilent",["T1110.001","T1021.004"],["Credential Access","Lateral Movement"],"sshd: authentication failed.","5","5760"
"Sep 14, 2026 @ 11:54:13.128","Cyber-Linux-cilent",["T1110"],["Credential Access"],"syslog: User missed the password more than one time","10","2502"
"Sep 14, 2026 @ 11:54:12.160","Cyber-Linux-cilent",["T1110.001","T1021.004"],["Credential Access","Lateral Movement"],"sshd: authentication failed.","5","5760"
"Sep 14, 2026 @ 11:53:55.323","Cyber-Linux-cilent",["T1110.001","T1021.004"],["Credential Access","Lateral Movement"],"sshd: authentication failed.","5","5760"
"Sep 14, 2026 @ 11:53:55.088","Cyber-Linux-cilent",["T1110.001","T1021.004"],["Credential Access","Lateral Movement"],"sshd: authentication failed.","5","5760"
"Sep 14, 2026 @ 11:53:51.826","Cyber-DC",["T1078"],["Defense Evasion","Persistence","Privilege Escalation","Initial Access"],"Windows Logon Success","3","60106"
"Sep 14, 2026 @ 11:53:51.818","Cyber-DC",["T1078"],["Defense Evasion","Persistence","Privilege Escalation","Initial Access"],"Windows Logon Success","3","60106"
"Sep 14, 2026 @ 11:53:47.260","Cyber-Linux-cilent",["T1110.001","T1021.004"],["Credential Access","Lateral Movement"],"sshd: authentication failed.","5","5760"
"Sep 14, 2026 @ 11:53:47.095","Cyber-DC",["T1078"],["Defense Evasion","Persistence","Privilege Escalation","Initial Access"],"Windows Logon Success","3","60106"
"Sep 14, 2026 @ 11:53:47.082","Cyber-DC",["T1078"],["Defense Evasion","Persistence","Privilege Escalation","Initial Access"],"Windows Logon Success","3","60106"
"Sep 14, 2026 @ 11:53:47.078","Cyber-DC",["T1078"],["Defense Evasion","Persistence","Privilege Escalation","Initial Access"],"Windows Logon Success","3","60106"
"Sep 14, 2026 @ 11:53:47.068","Cyber-DC",["T1078"],["Defense Evasion","Persistence","Privilege Escalation","Initial Access"],"Windows Logon Success","3","60106"
"Sep 14, 2026 @ 11:53:46.071","Cyber-Linux-cilent",["T1110.001","T1021.004"],["Credential Access","Lateral Movement"],"sshd: authentication failed.","5","5760"
"Sep 14, 2026 @ 11:53:43.243","Cyber-Linux-cilent",["T1110.001"],["Credential Access"],"PAM: User login failed.","5","5503"
"Sep 14, 2026 @ 11:53:43.061","Cyber-Linux-cilent",["T1110.001"],["Credential Access"],"PAM: User login failed.","5","5503"
"Sep 14, 2026 @ 11:53:36.821","Cyber-DC",["T1078"],["Defense Evasion","Persistence","Privilege Escalation","Initial Access"],"Windows Logon Success","3","60106"
"Sep 14, 2026 @ 11:52:58.124","Cyber-Window-cilent",["T1565.001","T1112"],["Impact","Defense Evasion"],"Registry Value Integrity Checksum Changed","5","750"
"Sep 14, 2026 @ 11:52:58.121","Cyber-Window-cilent",["T1565.001","T1112"],["Impact","Defense Evasion"],"Registry Value Integrity Checksum Changed","5","750"
"Sep 14, 2026 @ 11:52:58.121","Cyber-Window-cilent",["T1565.001","T1112"],["Impact","Defense Evasion"],"Registry Key Integrity Checksum Changed","5","594"
"Sep 14, 2026 @ 11:52:58.109","Cyber-Window-cilent",["T1565.001","T1112"],["Impact","Defense Evasion"],"Registry Key Integrity Checksum Changed","5","594"
"Sep 14, 2026 @ 11:52:36.933","Cyber-DC",["T1078"],["Defense Evasion","Persistence","Privilege Escalation","Initial Access"],"Windows Logon Success","3","60106"
"Sep 14, 2026 @ 11:52:29.003","Cyber-Svr",["T1110"],["Credential Access"],"syslog: User missed the password more than one time","10","2502"
"Sep 14, 2026 @ 11:52:28.855","Cyber-Svr",["T1110"],["Credential Access"],"syslog: User missed the password more than one time","10","2502"
"Sep 14, 2026 @ 11:52:26.997","Cyber-Svr",["T1110.001","T1021.004"],["Credential Access","Lateral Movement"],"sshd: authentication failed.","5","5760"
"Sep 14, 2026 @ 11:52:26.830","Cyber-Svr",["T1110.001","T1021.004"],["Credential Access","Lateral Movement"],"sshd: authentication failed.","5","5760"
"Sep 14, 2026 @ 11:52:20.963","Cyber-Svr",["T1110.001","T1021.004"],["Credential Access","Lateral Movement"],"sshd: authentication failed.","5","5760"
"Sep 14, 2026 @ 11:52:20.807","Cyber-Svr",["T1110.001","T1021.004"],["Credential Access","Lateral Movement"],"sshd: authentication failed.","5","5760"
"Sep 14, 2026 @ 11:52:16.944","Cyber-Svr",["T1110.001","T1021.004"],["Credential Access","Lateral Movement"],"sshd: authentication failed.","5","5760"
"Sep 14, 2026 @ 11:52:16.790","Cyber-Svr",["T1110.001","T1021.004"],["Credential Access","Lateral Movement"],"sshd: authentication failed.","5","5760"
"Sep 14, 2026 @ 11:52:14.941","Cyber-Svr",["T1110.001"],["Credential Access"],"PAM: User login failed.","5","5503"
"Sep 14, 2026 @ 11:52:14.581","Cyber-Svr",["T1110.001"],["Credential Access"],"PAM: User login failed.","5","5503"
"Sep 14, 2026 @ 11:51:36.800","Cyber-DC",["T1078"],["Defense Evasion","Persistence","Privilege Escalation","Initial Access"],"Windows Logon Success","3","60106"
"Sep 14, 2026 @ 11:51:02.026","Cyber-Window-cilent",["T1078"],["Defense Evasion","Persistence","Privilege Escalation","Initial Access"],"Windows Logon Success","3","60106"
"Sep 14, 2026 @ 11:50:58.168","Cyber-DC",["T1565.001","T1112"],["Impact","Defense Evasion"],"Registry Value Integrity Checksum Changed","5","750"
"Sep 14, 2026 @ 11:50:58.127","Cyber-DC",["T1565.001","T1112"],["Impact","Defense Evasion"],"Registry Key Integrity Checksum Changed","5","594"
"Sep 14, 2026 @ 11:50:36.799","Cyber-DC",["T1078"],["Defense Evasion","Persistence","Privilege Escalation","Initial Access"],"Windows Logon Success","3","60106"
"Sep 14, 2026 @ 11:50:06.236","Cyber-DC",["T1565.001","T1112"],["Impact","Defense Evasion"],"Registry Key Integrity Checksum Changed","5","594"
"Sep 14, 2026 @ 11:50:05.698","Cyber-DC",["T1565.001","T1112"],["Impact","Defense Evasion"],"Registry Value Integrity Checksum Changed","5","750"
"Sep 14, 2026 @ 11:50:05.697","Cyber-DC",["T1565.001","T1112"],["Impact","Defense Evasion"],"Registry Key Integrity Checksum Changed","5","594"
"Sep 14, 2026 @ 11:49:36.806","Cyber-DC",["T1078"],["Defense Evasion","Persistence","Privilege Escalation","Initial Access"],"Windows Logon Success","3","60106"
"Sep 14, 2026 @ 11:48:56.885","Cyber-Window-cilent",["T1565.001","T1112"],["Impact","Defense Evasion"],"Registry Value Integrity Checksum Changed","5","750"
"Sep 14, 2026 @ 11:48:56.866","Cyber-Window-cilent",["T1565.001","T1112"],["Impact","Defense Evasion"],"Registry Value Integrity Checksum Changed","5","750"
"Sep 14, 2026 @ 11:48:56.859","Cyber-Window-cilent",["T1565.001","T1112"],["Impact","Defense Evasion"],"Registry Value Integrity Checksum Changed","5","750"
"Sep 14, 2026 @ 11:48:56.857","Cyber-Window-cilent",["T1565.001","T1112"],["Impact","Defense Evasion"],"Registry Key Integrity Checksum Changed","5","594"
"Sep 14, 2026 @ 11:48:56.852","Cyber-Window-cilent",["T1565.001","T1112"],["Impact","Defense Evasion"],"Registry Value Integrity Checksum Changed","5","750"
"Sep 14, 2026 @ 11:48:55.849","Cyber-Window-cilent",["T1565.001","T1112"],["Impact","Defense Evasion"],"Registry Key Integrity Checksum Changed","5","594"
"Sep 14, 2026 @ 11:48:51.792","Cyber-DC",["T1565.001","T1112"],["Impact","Defense Evasion"],"Registry Key Integrity Checksum Changed","5","594"
"Sep 14, 2026 @ 11:48:51.792","Cyber-DC",["T1565.001","T1112"],["Impact","Defense Evasion"],"Registry Value Integrity Checksum Changed","5","750"
"Sep 14, 2026 @ 11:48:50.959","Cyber-DC",["T1078"],["Defense Evasion","Persistence","Privilege Escalation","Initial Access"],"Windows Logon Success","3","60106"
"Sep 14, 2026 @ 11:48:50.931","Cyber-DC",["T1078"],["Defense Evasion","Persistence","Privilege Escalation","Initial Access"],"Windows Logon Success","3","60106"
"Sep 14, 2026 @ 11:48:46.993","Cyber-DC",["T1078"],["Defense Evasion","Persistence","Privilege Escalation","Initial Access"],"Windows Logon Success","3","60106"
"Sep 14, 2026 @ 11:48:46.911","Cyber-DC",["T1078"],["Defense Evasion","Persistence","Privilege Escalation","Initial Access"],"Windows Logon Success","3","60106"
"Sep 14, 2026 @ 11:48:46.880","Cyber-DC",["T1078"],["Defense Evasion","Persistence","Privilege Escalation","Initial Access"],"Windows Logon Success","3","60106"
"Sep 14, 2026 @ 11:48:46.870","Cyber-DC",["T1078"],["Defense Evasion","Persistence","Privilege Escalation","Initial Access"],"Windows Logon Success","3","60106"
"Sep 14, 2026 @ 11:48:44.359","Cyber-DC",["T1078"],["Defense Evasion","Persistence","Privilege Escalation","Initial Access"],"Windows Logon Success","3","60106"
"Sep 14, 2026 @ 11:48:36.800","Cyber-DC",["T1078"],["Defense Evasion","Persistence","Privilege Escalation","Initial Access"],"Windows Logon Success","3","60106"
"Sep 14, 2026 @ 11:47:26.754","Cyber-DC",["T1078"],["Defense Evasion","Persistence","Privilege Escalation","Initial Access"],"Windows Logon Success","3","60106"
"Sep 14, 2026 @ 11:46:26.753","Cyber-DC",["T1078"],["Defense Evasion","Persistence","Privilege Escalation","Initial Access"],"Windows Logon Success","3","60106"
"Sep 14, 2026 @ 11:46:22.359","Cyber-DC",["T1565.001","T1112"],["Impact","Defense Evasion"],"Registry Value Integrity Checksum Changed","5","750"
"Sep 14, 2026 @ 11:46:22.351","Cyber-DC",["T1565.001","T1112"],["Impact","Defense Evasion"],"Registry Value Integrity Checksum Changed","5","750"
"Sep 14, 2026 @ 11:46:22.350","Cyber-DC",["T1565.001","T1112"],["Impact","Defense Evasion"],"Registry Key Integrity Checksum Changed","5","594"
"Sep 14, 2026 @ 11:45:48.456","Cyber-DC",["T1565.001"],["Impact"],"Integrity checksum changed.","7","550"
"Sep 14, 2026 @ 11:45:46.855","Cyber-DC",["T1078"],["Defense Evasion","Persistence","Privilege Escalation","Initial Access"],"Windows Logon Success","3","60106"
"Sep 14, 2026 @ 11:45:46.839","Cyber-DC",["T1078"],["Defense Evasion","Persistence","Privilege Escalation","Initial Access"],"Windows Logon Success","3","60106"
"Sep 14, 2026 @ 11:45:43.422","Cyber-DC",["T1565.001"],["Impact"],"Integrity checksum changed.","7","550"
"Sep 14, 2026 @ 11:45:36.707","Cyber-DC",["T1078"],["Defense Evasion","Persistence","Privilege Escalation","Initial Access"],"Windows Logon Success","3","60106"
"Sep 14, 2026 @ 11:45:26.723","Cyber-DC",["T1078"],["Defense Evasion","Persistence","Privilege Escalation","Initial Access"],"Windows Logon Success","3","60106"
"Sep 14, 2026 @ 11:44:59.672","Cyber-Window-cilent",["T1565.001","T1112"],["Impact","Defense Evasion"],"Registry Value Integrity Checksum Changed","5","750"
"Sep 14, 2026 @ 11:44:59.672","Cyber-Window-cilent",["T1565.001","T1112"],["Impact","Defense Evasion"],"Registry Value Integrity Checksum Changed","5","750"
"Sep 14, 2026 @ 11:44:59.629","Cyber-Window-cilent",["T1565.001","T1112"],["Impact","Defense Evasion"],"Registry Value Integrity Checksum Changed","5","750"
"Sep 14, 2026 @ 11:44:59.616","Cyber-Window-cilent",["T1565.001","T1112"],["Impact","Defense Evasion"],"Registry Value Integrity Checksum Changed","5","750"
"Sep 14, 2026 @ 11:44:59.612","Cyber-Window-cilent",["T1565.001","T1112"],["Impact","Defense Evasion"],"Registry Key Integrity Checksum Changed","5","594"
"Sep 14, 2026 @ 11:44:59.611","Cyber-Window-cilent",["T1565.001","T1112"],["Impact","Defense Evasion"],"Registry Value Integrity Checksum Changed","5","750"
"Sep 14, 2026 @ 11:44:59.593","Cyber-Window-cilent",["T1565.001","T1112"],["Impact","Defense Evasion"],"Registry Key Integrity Checksum Changed","5","594"
"Sep 14, 2026 @ 11:44:48.030","Cyber-Window-cilent",["T1078"],["Defense Evasion","Persistence","Privilege Escalation","Initial Access"],"Windows Logon Success","3","60106"
"Sep 14, 2026 @ 11:44:26.716","Cyber-DC",["T1078"],["Defense Evasion","Persistence","Privilege Escalation","Initial Access"],"Windows Logon Success","3","60106"
"Sep 14, 2026 @ 11:44:01.959","Cyber-DC",["T1565.001","T1112"],["Impact","Defense Evasion"],"Registry Key Integrity Checksum Changed","5","594"
"Sep 14, 2026 @ 11:43:50.063","Cyber-DC",["T1078"],["Defense Evasion","Persistence","Privilege Escalation","Initial Access"],"Windows Logon Success","3","60106"
"Sep 14, 2026 @ 11:43:50.058","Cyber-DC",["T1078"],["Defense Evasion","Persistence","Privilege Escalation","Initial Access"],"Windows Logon Success","3","60106"
"Sep 14, 2026 @ 11:43:46.970","Cyber-DC",["T1078"],["Defense Evasion","Persistence","Privilege Escalation","Initial Access"],"Windows Logon Success","3","60106"
"Sep 14, 2026 @ 11:43:46.875","Cyber-DC",["T1078"],["Defense Evasion","Persistence","Privilege Escalation","Initial Access"],"Windows Logon Success","3","60106"
"Sep 14, 2026 @ 11:43:46.843","Cyber-DC",["T1078"],["Defense Evasion","Persistence","Privilege Escalation","Initial Access"],"Windows Logon Success","3","60106"
"Sep 14, 2026 @ 11:43:46.820","Cyber-DC",["T1078"],["Defense Evasion","Persistence","Privilege Escalation","Initial Access"],"Windows Logon Success","3","60106"
"Sep 14, 2026 @ 11:43:46.818","Cyber-DC",["T1078"],["Defense Evasion","Persistence","Privilege Escalation","Initial Access"],"Windows Logon Success","3","60106"
"Sep 14, 2026 @ 11:43:26.720","Cyber-DC",["T1078"],["Defense Evasion","Persistence","Privilege Escalation","Initial Access"],"Windows Logon Success","3","60106"
"Sep 14, 2026 @ 11:42:49.214","Cyber-DC",["T1565.001","T1112"],["Impact","Defense Evasion"],"Registry Value Integrity Checksum Changed","5","750"
"Sep 14, 2026 @ 11:42:49.214","Cyber-DC",["T1565.001","T1112"],["Impact","Defense Evasion"],"Registry Key Integrity Checksum Changed","5","594"
"Sep 14, 2026 @ 11:42:47.665","Cyber-DC",["T1565.001","T1112"],["Impact","Defense Evasion"],"Registry Key Integrity Checksum Changed","5","594"
"Sep 14, 2026 @ 11:42:47.604","Cyber-DC",["T1565.001","T1112"],["Impact","Defense Evasion"],"Registry Value Integrity Checksum Changed","5","750"
"Sep 14, 2026 @ 11:42:47.604","Cyber-DC",["T1565.001","T1112"],["Impact","Defense Evasion"],"Registry Key Integrity Checksum Changed","5","594"
"Sep 14, 2026 @ 11:42:45.200","Cyber-DC",["T1565.001","T1112"],["Impact","Defense Evasion"],"Registry Value Integrity Checksum Changed","5","750"
"Sep 14, 2026 @ 11:42:45.198","Cyber-DC",["T1565.001","T1112"],["Impact","Defense Evasion"],"Registry Value Integrity Checksum Changed","5","750"
"Sep 14, 2026 @ 11:42:45.197","Cyber-DC",["T1565.001","T1112"],["Impact","Defense Evasion"],"Registry Key Integrity Checksum Changed","5","594"
"Sep 14, 2026 @ 11:42:44.596","Cyber-DC",["T1565.001","T1112"],["Impact","Defense Evasion"],"Registry Value Integrity Checksum Changed","5","750"
"Sep 14, 2026 @ 11:42:44.555","Cyber-DC",["T1565.001","T1112"],["Impact","Defense Evasion"],"Registry Key Integrity Checksum Changed","5","594"
"Sep 14, 2026 @ 11:42:26.692","Cyber-DC",["T1078"],["Defense Evasion","Persistence","Privilege Escalation","Initial Access"],"Windows Logon Success","3","60106"
"Sep 14, 2026 @ 11:42:02.656","Cyber-DC",["T1565.001"],["Impact"],"Integrity checksum changed.","7","550"
"Sep 14, 2026 @ 11:41:49.018","Cyber-DC",["T1484"],["Defense Evasion","Privilege Escalation"],"Special privileges assigned to new logon.","3","67028"
"Sep 14, 2026 @ 11:41:49.016","Cyber-DC",["T1484"],["Defense Evasion","Privilege Escalation"],"Special privileges assigned to new logon.","3","67028"
"Sep 14, 2026 @ 11:41:47.047","Cyber-DC",["T1078"],["Defense Evasion","Persistence","Privilege Escalation","Initial Access"],"Windows Logon Success","3","60106"
"Sep 14, 2026 @ 11:41:47.034","Cyber-DC",["T1484"],["Defense Evasion","Privilege Escalation"],"Special privileges assigned to new logon.","3","67028"
"Sep 14, 2026 @ 11:41:47.033","Cyber-DC",["T1021.001","T1078.002"],["Lateral Movement","Defense Evasion","Persistence","Privilege Escalation","Initial Access"],"User: CORP\Administrator logged using Remote Desktop Connection (RDP) from ip:11.0.0.10.","3","92653"
"Sep 14, 2026 @ 11:41:47.001","Cyber-DC",["T1078"],["Defense Evasion","Persistence","Privilege Escalation","Initial Access"],"Windows Logon Success","3","60106"
"Sep 14, 2026 @ 11:41:46.951","Cyber-DC",["T1078"],["Defense Evasion","Persistence","Privilege Escalation","Initial Access"],"Windows Logon Success","3","60106"
"Sep 14, 2026 @ 11:41:46.935","Cyber-DC",["T1484"],["Defense Evasion","Privilege Escalation"],"Special privileges assigned to new logon.","3","67028"
"Sep 14, 2026 @ 11:41:46.918","Cyber-DC",["T1484"],["Defense Evasion","Privilege Escalation"],"Special privileges assigned to new logon.","3","67028"
"Sep 14, 2026 @ 11:41:46.863","Cyber-DC",["T1078"],["Defense Evasion","Persistence","Privilege Escalation","Initial Access"],"Windows Logon Success","3","60106"
"Sep 14, 2026 @ 11:41:45.836","Cyber-DC",["T1550.002","T1078.002","T1021.001"],["Defense Evasion","Lateral Movement","Persistence","Privilege Escalation","Initial Access"],"Successful Remote Logon Detected - User:\Administrator - NTLM authentication, possible pass-the-hash attack - Possible RDP connection. Verify that attacker is allowed to perform RDP connections","6","92657"
"Sep 14, 2026 @ 11:41:45.834","Cyber-DC",["T1484"],["Defense Evasion","Privilege Escalation"],"Special privileges assigned to new logon.","3","67028"
"Sep 14, 2026 @ 11:41:42.877","Cyber-DC",["T1565.001","T1112"],["Impact","Defense Evasion"],"Registry Value Integrity Checksum Changed","5","750"
"Sep 14, 2026 @ 11:41:42.874","Cyber-DC",["T1565.001","T1112"],["Impact","Defense Evasion"],"Registry Key Integrity Checksum Changed","5","594"
"Sep 14, 2026 @ 11:41:38.163","Cyber-DC",["T1565.001","T1112"],["Impact","Defense Evasion"],"Registry Value Integrity Checksum Changed","5","750"
"Sep 14, 2026 @ 11:41:38.163","Cyber-DC",["T1565.001","T1112"],["Impact","Defense Evasion"],"Registry Value Integrity Checksum Changed","5","750"
"Sep 14, 2026 @ 11:41:38.162","Cyber-DC",["T1565.001","T1112"],["Impact","Defense Evasion"],"Registry Key Integrity Checksum Changed","5","594"
"Sep 14, 2026 @ 11:41:23.896","Cyber-DC",["T1078"],["Defense Evasion","Persistence","Privilege Escalation","Initial Access"],"Windows Logon Success","3","60106"
"Sep 14, 2026 @ 11:40:44.570","Cyber-DC",["T1078"],["Defense Evasion","Persistence","Privilege Escalation","Initial Access"],"Windows Logon Success","3","60106"
"Sep 14, 2026 @ 11:40:43.586","Cyber-DC",["T1078"],["Defense Evasion","Persistence","Privilege Escalation","Initial Access"],"Windows Logon Success","3","60106"
"Sep 14, 2026 @ 11:40:42.066","Cyber-DC",["T1484"],["Defense Evasion","Privilege Escalation"],"Special privileges assigned to new logon.","3","67028"
"Sep 14, 2026 @ 11:40:42.057","Cyber-DC",["T1078"],["Defense Evasion","Persistence","Privilege Escalation","Initial Access"],"Windows Workstation Logon Success","3","60118"
"Sep 14, 2026 @ 11:40:42.054","Cyber-DC",["T1078"],["Defense Evasion","Persistence","Privilege Escalation","Initial Access"],"Windows Logon Success","3","60106"
"Sep 14, 2026 @ 11:40:31.451","Cyber-DC",["T1565.001","T1112"],["Impact","Defense Evasion"],"Registry Value Integrity Checksum Changed","5","750"
"Sep 14, 2026 @ 11:40:31.437","Cyber-DC",["T1565.001","T1112"],["Impact","Defense Evasion"],"Registry Key Integrity Checksum Changed","5","594"
"Sep 14, 2026 @ 11:40:29.418","Cyber-DC",["T1565.001","T1112"],["Impact","Defense Evasion"],"Registry Key Integrity Checksum Changed","5","594"
"Sep 14, 2026 @ 11:40:29.376","Cyber-DC",["T1565.001","T1112"],["Impact","Defense Evasion"],"Registry Value Integrity Checksum Changed","5","750"
"Sep 14, 2026 @ 11:40:29.334","Cyber-DC",["T1565.001","T1112"],["Impact","Defense Evasion"],"Registry Key Integrity Checksum Changed","5","594"
"Sep 14, 2026 @ 11:40:26.747","Cyber-DC",["T1565.001","T1112"],["Impact","Defense Evasion"],"Registry Value Integrity Checksum Changed","5","750"
"Sep 14, 2026 @ 11:40:26.741","Cyber-DC",["T1565.001","T1112"],["Impact","Defense Evasion"],"Registry Key Integrity Checksum Changed","5","594"
"Sep 14, 2026 @ 11:40:26.741","Cyber-DC",["T1565.001","T1112"],["Impact","Defense Evasion"],"Registry Value Integrity Checksum Changed","5","750"
"Sep 14, 2026 @ 11:40:23.906","Cyber-DC",["T1078"],["Defense Evasion","Persistence","Privilege Escalation","Initial Access"],"Windows Logon Success","3","60106"
"Sep 14, 2026 @ 11:39:40.855","Cyber-Window-cilent",["T1565.001","T1112"],["Impact","Defense Evasion"],"Registry Value Integrity Checksum Changed","5","750"
"Sep 14, 2026 @ 11:39:40.855","Cyber-Window-cilent",["T1565.001","T1112"],["Impact","Defense Evasion"],"Registry Value Integrity Checksum Changed","5","750"
"Sep 14, 2026 @ 11:39:40.812","Cyber-Window-cilent",["T1565.001","T1112"],["Impact","Defense Evasion"],"Registry Value Integrity Checksum Changed","5","750"
"Sep 14, 2026 @ 11:39:40.802","Cyber-Window-cilent",["T1565.001","T1112"],["Impact","Defense Evasion"],"Registry Value Integrity Checksum Changed","5","750"
"Sep 14, 2026 @ 11:39:40.797","Cyber-Window-cilent",["T1565.001","T1112"],["Impact","Defense Evasion"],"Registry Key Integrity Checksum Changed","5","594"
"Sep 14, 2026 @ 11:39:40.796","Cyber-Window-cilent",["T1565.001","T1112"],["Impact","Defense Evasion"],"Registry Value Integrity Checksum Changed","5","750"
"Sep 14, 2026 @ 11:39:40.768","Cyber-Window-cilent",["T1565.001","T1112"],["Impact","Defense Evasion"],"Registry Key Integrity Checksum Changed","5","594"
"Sep 14, 2026 @ 11:39:36.673","Cyber-DC",["T1484"],["Defense Evasion","Privilege Escalation"],"Special privileges assigned to new logon.","3","67028"
"Sep 14, 2026 @ 11:39:36.630","Cyber-DC",["T1484"],["Defense Evasion","Privilege Escalation"],"Special privileges assigned to new logon.","3","67028"
"Sep 14, 2026 @ 11:39:34.158","Cyber-DC",["T1078"],["Defense Evasion","Persistence","Privilege Escalation","Initial Access"],"Windows Logon Success","3","60106"
"Sep 14, 2026 @ 11:39:34.143","Cyber-DC",["T1484"],["Defense Evasion","Privilege Escalation"],"Special privileges assigned to new logon.","3","67028"
"Sep 14, 2026 @ 11:39:34.127","Cyber-DC",["T1021.001","T1078.002"],["Lateral Movement","Defense Evasion","Persistence","Privilege Escalation","Initial Access"],"User: CORP\Administrator logged using Remote Desktop Connection (RDP) from ip:11.0.0.10.","3","92653"
"Sep 14, 2026 @ 11:39:34.088","Cyber-DC",["T1078"],["Defense Evasion","Persistence","Privilege Escalation","Initial Access"],"Windows Logon Success","3","60106"
"Sep 14, 2026 @ 11:39:34.040","Cyber-DC",["T1484"],["Defense Evasion","Privilege Escalation"],"Special privileges assigned to new logon.","3","67028"
"Sep 14, 2026 @ 11:39:34.040","Cyber-DC",["T1078"],["Defense Evasion","Persistence","Privilege Escalation","Initial Access"],"Windows Logon Success","3","60106"
"Sep 14, 2026 @ 11:39:34.002","Cyber-DC",["T1484"],["Defense Evasion","Privilege Escalation"],"Special privileges assigned to new logon.","3","67028"
"Sep 14, 2026 @ 11:39:33.981","Cyber-DC",["T1078"],["Defense Evasion","Persistence","Privilege Escalation","Initial Access"],"Windows Logon Success","3","60106"
"Sep 14, 2026 @ 11:39:32.802","Cyber-DC",["T1550.002","T1078.002","T1021.001"],["Defense Evasion","Lateral Movement","Persistence","Privilege Escalation","Initial Access"],"Successful Remote Logon Detected - User:\Administrator - NTLM authentication, possible pass-the-hash attack - Possible RDP connection. Verify that attacker is allowed to perform RDP connections","6","92657"
"Sep 14, 2026 @ 11:39:32.791","Cyber-DC",["T1484"],["Defense Evasion","Privilege Escalation"],"Special privileges assigned to new logon.","3","67028"
"Sep 14, 2026 @ 11:39:23.904","Cyber-DC",["T1078"],["Defense Evasion","Persistence","Privilege Escalation","Initial Access"],"Windows Logon Success","3","60106"
"Sep 14, 2026 @ 11:38:38.165","Cyber-DC",["T1562.001"],["Defense Evasion"],"Wazuh agent stopped.","3","506"
"Sep 14, 2026 @ 11:38:23.879","Cyber-DC",["T1078"],["Defense Evasion","Persistence","Privilege Escalation","Initial Access"],"Windows Logon Success","3","60106"
"Sep 14, 2026 @ 11:38:01.092","Cyber-DC",["T1078"],["Defense Evasion","Persistence","Privilege Escalation","Initial Access"],"Windows Logon Success","3","60106"
"Sep 14, 2026 @ 11:38:01.059","Cyber-DC",["T1078"],["Defense Evasion","Persistence","Privilege Escalation","Initial Access"],"Windows Logon Success","3","60106"
"Sep 14, 2026 @ 11:37:59.933","Cyber-DC",["T1078"],["Defense Evasion","Persistence","Privilege Escalation","Initial Access"],"Windows Logon Success","3","60106"
"Sep 14, 2026 @ 11:37:59.750","Cyber-DC",["T1078"],["Defense Evasion","Persistence","Privilege Escalation","Initial Access"],"Windows Logon Success","3","60106"
"Sep 14, 2026 @ 11:37:58.348","Cyber-DC",["T1484"],["Defense Evasion","Privilege Escalation"],"Special privileges assigned to new logon.","3","67028"
"Sep 14, 2026 @ 11:37:58.348","Cyber-DC",["T1078"],["Defense Evasion","Persistence","Privilege Escalation","Initial Access"],"Windows Workstation Logon Success","3","60118"
"Sep 14, 2026 @ 11:37:58.338","Cyber-DC",["T1078"],["Defense Evasion","Persistence","Privilege Escalation","Initial Access"],"Windows Logon Success","3","60106"
"Sep 14, 2026 @ 11:37:42.637","sec-box",["T1078"],["Defense Evasion","Persistence","Privilege Escalation","Initial Access"],"PAM: Login session opened.","3","5501"
"Sep 14, 2026 @ 11:37:42.635","sec-box",["T1548.003"],["Privilege Escalation","Defense Evasion"],"First time user executed sudo.","4","5403"
"Sep 14, 2026 @ 11:37:23.883","Cyber-DC",["T1078"],["Defense Evasion","Persistence","Privilege Escalation","Initial Access"],"Windows Logon Success","3","60106"
"Sep 14, 2026 @ 11:36:23.875","Cyber-DC",["T1078"],["Defense Evasion","Persistence","Privilege Escalation","Initial Access"],"Windows Logon Success","3","60106"
"Sep 14, 2026 @ 11:36:01.962","Cyber-Window-cilent",["T1078"],["Defense Evasion","Persistence","Privilege Escalation","Initial Access"],"Windows Logon Success","3","60106"
"Sep 14, 2026 @ 11:35:43.456","Cyber-Window-cilent",["T1565.001","T1112"],["Impact","Defense Evasion"],"Registry Value Integrity Checksum Changed","5","750"
"Sep 14, 2026 @ 11:35:43.453","Cyber-Window-cilent",["T1565.001","T1112"],["Impact","Defense Evasion"],"Registry Value Integrity Checksum Changed","5","750"
"Sep 14, 2026 @ 11:35:43.453","Cyber-Window-cilent",["T1565.001","T1112"],["Impact","Defense Evasion"],"Registry Key Integrity Checksum Changed","5","594"
"Sep 14, 2026 @ 11:35:43.426","Cyber-Window-cilent",["T1565.001","T1112"],["Impact","Defense Evasion"],"Registry Key Integrity Checksum Changed","5","594"
"Sep 14, 2026 @ 11:35:36.721","Cyber-DC",["T1078"],["Defense Evasion","Persistence","Privilege Escalation","Initial Access"],"Windows Logon Success","3","60106"
"Sep 14, 2026 @ 11:35:23.915","Cyber-DC",["T1078"],["Defense Evasion","Persistence","Privilege Escalation","Initial Access"],"Windows Logon Success","3","60106"
"Sep 14, 2026 @ 11:35:04.874","Cyber-DC",["T1565.001","T1112"],["Impact","Defense Evasion"],"Registry Value Integrity Checksum Changed","5","750"
"Sep 14, 2026 @ 11:35:04.829","Cyber-DC",["T1565.001","T1112"],["Impact","Defense Evasion"],"Registry Value Integrity Checksum Changed","5","750"
"Sep 14, 2026 @ 11:35:04.821","Cyber-DC",["T1565.001","T1112"],["Impact","Defense Evasion"],"Registry Key Integrity Checksum Changed","5","594"
"Sep 14, 2026 @ 11:35:04.815","Cyber-DC",["T1565.001","T1112"],["Impact","Defense Evasion"],"Registry Value Integrity Checksum Changed","5","750"
"Sep 14, 2026 @ 11:35:04.815","Cyber-DC",["T1565.001","T1112"],["Impact","Defense Evasion"],"Registry Value Integrity Checksum Changed","5","750"
"Sep 14, 2026 @ 11:35:04.781","Cyber-DC",["T1565.001","T1112"],["Impact","Defense Evasion"],"Registry Key Integrity Checksum Changed","5","594"
"Sep 14, 2026 @ 11:34:59.038","Cyber-DC",["T1565.001","T1112"],["Impact","Defense Evasion"],"Registry Value Integrity Checksum Changed","5","750"
"Sep 14, 2026 @ 11:34:59.032","Cyber-DC",["T1565.001","T1112"],["Impact","Defense Evasion"],"Registry Value Integrity Checksum Changed","5","750"
"Sep 14, 2026 @ 11:34:59.025","Cyber-DC",["T1565.001","T1112"],["Impact","Defense Evasion"],"Registry Key Integrity Checksum Changed","5","594"
"Sep 14, 2026 @ 11:34:25.921","Cyber-Window-cilent",["T1565.001","T1112"],["Impact","Defense Evasion"],"Registry Value Integrity Checksum Changed","5","750"
"Sep 14, 2026 @ 11:34:25.907","Cyber-Window-cilent",["T1565.001","T1112"],["Impact","Defense Evasion"],"Registry Value Integrity Checksum Changed","5","750"
"Sep 14, 2026 @ 11:34:25.894","Cyber-Window-cilent",["T1565.001","T1112"],["Impact","Defense Evasion"],"Registry Value Integrity Checksum Changed","5","750"
"Sep 14, 2026 @ 11:34:25.875","Cyber-Window-cilent",["T1565.001","T1112"],["Impact","Defense Evasion"],"Registry Key Integrity Checksum Changed","5","594"
"Sep 14, 2026 @ 11:34:25.860","Cyber-Window-cilent",["T1565.001","T1112"],["Impact","Defense Evasion"],"Registry Value Integrity Checksum Changed","5","750"
"Sep 14, 2026 @ 11:34:25.843","Cyber-Window-cilent",["T1565.001","T1112"],["Impact","Defense Evasion"],"Registry Key Integrity Checksum Changed","5","594"
"Sep 14, 2026 @ 11:34:25.843","Cyber-Window-cilent",["T1565.001","T1112"],["Impact","Defense Evasion"],"Registry Value Integrity Checksum Changed","5","750"
"Sep 14, 2026 @ 11:34:23.844","Cyber-DC",["T1078"],["Defense Evasion","Persistence","Privilege Escalation","Initial Access"],"Windows Logon Success","3","60106"
"Sep 14, 2026 @ 11:34:01.776","Cyber-DC",["T1565.001"],["Impact"],"Integrity checksum changed.","7","550"
"Sep 14, 2026 @ 11:33:59.155","Cyber-DC",["T1565.001"],["Impact"],"Integrity checksum changed.","7","550"
"Sep 14, 2026 @ 11:33:56.631","Cyber-DC",["T1565.001","T1112"],["Impact","Defense Evasion"],"Registry Value Integrity Checksum Changed","5","750"
"Sep 14, 2026 @ 11:33:56.590","Cyber-DC",["T1565.001","T1112"],["Impact","Defense Evasion"],"Registry Key Integrity Checksum Changed","5","594"
"Sep 14, 2026 @ 11:33:52.845","Cyber-DC",["T1565.001","T1112"],["Impact","Defense Evasion"],"Registry Key Integrity Checksum Changed","5","594"
"Sep 14, 2026 @ 11:33:52.178","Cyber-DC",["T1565.001","T1112"],["Impact","Defense Evasion"],"Registry Value Integrity Checksum Changed","5","750"
"Sep 14, 2026 @ 11:33:52.151","Cyber-DC",["T1565.001","T1112"],["Impact","Defense Evasion"],"Registry Value Integrity Checksum Changed","5","750"
"Sep 14, 2026 @ 11:33:52.125","Cyber-DC",["T1565.001","T1112"],["Impact","Defense Evasion"],"Registry Value Integrity Checksum Changed","5","750"
"Sep 14, 2026 @ 11:33:52.124","Cyber-DC",["T1565.001","T1112"],["Impact","Defense Evasion"],"Registry Key Integrity Checksum Changed","5","594"
"Sep 14, 2026 @ 11:33:48.174","Cyber-DC",["T1078"],["Defense Evasion","Persistence","Privilege Escalation","Initial Access"],"Windows Logon Success","3","60106"
"Sep 14, 2026 @ 11:33:48.170","Cyber-DC",["T1078"],["Defense Evasion","Persistence","Privilege Escalation","Initial Access"],"Windows Logon Success","3","60106"
"Sep 14, 2026 @ 11:33:46.759","Cyber-DC",["T1078"],["Defense Evasion","Persistence","Privilege Escalation","Initial Access"],"Windows Logon Success","3","60106"
"Sep 14, 2026 @ 11:33:46.709","Cyber-DC",["T1078"],["Defense Evasion","Persistence","Privilege Escalation","Initial Access"],"Windows Logon Success","3","60106"
"Sep 14, 2026 @ 11:33:46.693","Cyber-DC",["T1078"],["Defense Evasion","Persistence","Privilege Escalation","Initial Access"],"Windows Logon Success","3","60106"
"Sep 14, 2026 @ 11:33:46.686","Cyber-DC",["T1078"],["Defense Evasion","Persistence","Privilege Escalation","Initial Access"],"Windows Logon Success","3","60106"
"Sep 14, 2026 @ 11:33:23.841","Cyber-DC",["T1078"],["Defense Evasion","Persistence","Privilege Escalation","Initial Access"],"Windows Logon Success","3","60106"
"Sep 14, 2026 @ 11:32:23.845","Cyber-DC",["T1078"],["Defense Evasion","Persistence","Privilege Escalation","Initial Access"],"Windows Logon Success","3","60106"
"Sep 14, 2026 @ 11:31:23.827","Cyber-DC",["T1078"],["Defense Evasion","Persistence","Privilege Escalation","Initial Access"],"Windows Logon Success","3","60106"
"Sep 14, 2026 @ 11:30:23.797","Cyber-DC",["T1078"],["Defense Evasion","Persistence","Privilege Escalation","Initial Access"],"Windows Logon Success","3","60106"
"Sep 14, 2026 @ 11:29:23.798","Cyber-DC",["T1078"],["Defense Evasion","Persistence","Privilege Escalation","Initial Access"],"Windows Logon Success","3","60106"
"Sep 14, 2026 @ 11:28:55.064","Cyber-Window-cilent",["T1565.001","T1112"],["Impact","Defense Evasion"],"Registry Value Integrity Checksum Changed","5","750"
"Sep 14, 2026 @ 11:28:55.049","Cyber-Window-cilent",["T1565.001","T1112"],["Impact","Defense Evasion"],"Registry Value Integrity Checksum Changed","5","750"
"Sep 14, 2026 @ 11:28:55.033","Cyber-Window-cilent",["T1565.001","T1112"],["Impact","Defense Evasion"],"Registry Value Integrity Checksum Changed","5","750"
"Sep 14, 2026 @ 11:28:55.017","Cyber-Window-cilent",["T1565.001","T1112"],["Impact","Defense Evasion"],"Registry Key Integrity Checksum Changed","5","594"
"Sep 14, 2026 @ 11:28:55.007","Cyber-Window-cilent",["T1565.001","T1112"],["Impact","Defense Evasion"],"Registry Value Integrity Checksum Changed","5","750"
"Sep 14, 2026 @ 11:28:55.006","Cyber-Window-cilent",["T1565.001","T1112"],["Impact","Defense Evasion"],"Registry Key Integrity Checksum Changed","5","594"
"Sep 14, 2026 @ 11:28:52.587","Cyber-DC",["T1565.001","T1112"],["Impact","Defense Evasion"],"Registry Key Integrity Checksum Changed","5","594"
"Sep 14, 2026 @ 11:28:46.719","Cyber-DC",["T1078"],["Defense Evasion","Persistence","Privilege Escalation","Initial Access"],"Windows Logon Success","3","60106"
"Sep 14, 2026 @ 11:28:46.703","Cyber-DC",["T1078"],["Defense Evasion","Persistence","Privilege Escalation","Initial Access"],"Windows Logon Success","3","60106"
"Sep 14, 2026 @ 11:28:46.652","Cyber-DC",["T1078"],["Defense Evasion","Persistence","Privilege Escalation","Initial Access"],"Windows Logon Success","3","60106"
"Sep 14, 2026 @ 11:28:46.633","Cyber-DC",["T1078"],["Defense Evasion","Persistence","Privilege Escalation","Initial Access"],"Windows Logon Success","3","60106"
"Sep 14, 2026 @ 11:28:46.629","Cyber-DC",["T1078"],["Defense Evasion","Persistence","Privilege Escalation","Initial Access"],"Windows Logon Success","3","60106"
"Sep 14, 2026 @ 11:28:46.626","Cyber-DC",["T1078"],["Defense Evasion","Persistence","Privilege Escalation","Initial Access"],"Windows Logon Success","3","60106"
"Sep 14, 2026 @ 11:28:44.328","Cyber-DC",["T1078"],["Defense Evasion","Persistence","Privilege Escalation","Initial Access"],"Windows Logon Success","3","60106"
"Sep 14, 2026 @ 11:28:23.207","Cyber-DC",["T1078"],["Defense Evasion","Persistence","Privilege Escalation","Initial Access"],"Windows Logon Success","3","60106"
"Sep 14, 2026 @ 11:27:23.797","Cyber-DC",["T1078"],["Defense Evasion","Persistence","Privilege Escalation","Initial Access"],"Windows Logon Success","3","60106"
"Sep 14, 2026 @ 11:26:23.779","Cyber-DC",["T1078"],["Defense Evasion","Persistence","Privilege Escalation","Initial Access"],"Windows Logon Success","3","60106"
"Sep 14, 2026 @ 11:25:36.745","Cyber-DC",["T1078"],["Defense Evasion","Persistence","Privilege Escalation","Initial Access"],"Windows Logon Success","3","60106"
"Sep 14, 2026 @ 11:25:23.767","Cyber-DC",["T1078"],["Defense Evasion","Persistence","Privilege Escalation","Initial Access"],"Windows Logon Success","3","60106"
"Sep 14, 2026 @ 11:24:55.052","Cyber-Window-cilent",["T1565.001","T1112"],["Impact","Defense Evasion"],"Registry Value Integrity Checksum Changed","5","750"
"Sep 14, 2026 @ 11:24:55.051","Cyber-Window-cilent",["T1565.001","T1112"],["Impact","Defense Evasion"],"Registry Value Integrity Checksum Changed","5","750"
"Sep 14, 2026 @ 11:24:55.009","Cyber-Window-cilent",["T1565.001","T1112"],["Impact","Defense Evasion"],"Registry Value Integrity Checksum Changed","5","750"
"Sep 14, 2026 @ 11:24:55.006","Cyber-Window-cilent",["T1565.001","T1112"],["Impact","Defense Evasion"],"Registry Key Integrity Checksum Changed","5","594"
"Sep 14, 2026 @ 11:24:55.005","Cyber-Window-cilent",["T1565.001","T1112"],["Impact","Defense Evasion"],"Registry Value Integrity Checksum Changed","5","750"
"Sep 14, 2026 @ 11:24:55.005","Cyber-Window-cilent",["T1565.001","T1112"],["Impact","Defense Evasion"],"Registry Value Integrity Checksum Changed","5","750"
"Sep 14, 2026 @ 11:24:54.979","Cyber-Window-cilent",["T1565.001","T1112"],["Impact","Defense Evasion"],"Registry Key Integrity Checksum Changed","5","594"
"Sep 14, 2026 @ 11:24:23.763","Cyber-DC",["T1078"],["Defense Evasion","Persistence","Privilege Escalation","Initial Access"],"Windows Logon Success","3","60106"
"Sep 14, 2026 @ 11:24:15.268","Cyber-DC",["T1565.001","T1112"],["Impact","Defense Evasion"],"Registry Value Integrity Checksum Changed","5","750"
"Sep 14, 2026 @ 11:24:15.266","Cyber-DC",["T1565.001","T1112"],["Impact","Defense Evasion"],"Registry Key Integrity Checksum Changed","5","594"
"Sep 14, 2026 @ 11:24:13.310","Cyber-DC",["T1565.001","T1112"],["Impact","Defense Evasion"],"Registry Key Integrity Checksum Changed","5","594"
"Sep 14, 2026 @ 11:24:13.275","Cyber-DC",["T1565.001","T1112"],["Impact","Defense Evasion"],"Registry Value Integrity Checksum Changed","5","750"
"Sep 14, 2026 @ 11:24:13.234","Cyber-DC",["T1565.001","T1112"],["Impact","Defense Evasion"],"Registry Key Integrity Checksum Changed","5","594"
"Sep 14, 2026 @ 11:24:09.903","Cyber-DC",["T1565.001","T1112"],["Impact","Defense Evasion"],"Registry Value Integrity Checksum Changed","5","750"
"Sep 14, 2026 @ 11:24:09.903","Cyber-DC",["T1565.001","T1112"],["Impact","Defense Evasion"],"Registry Value Integrity Checksum Changed","5","750"
"Sep 14, 2026 @ 11:24:08.897","Cyber-DC",["T1565.001","T1112"],["Impact","Defense Evasion"],"Registry Key Integrity Checksum Changed","5","594"
"Sep 14, 2026 @ 11:24:08.682","Cyber-DC",["T1565.001","T1112"],["Impact","Defense Evasion"],"Registry Key Integrity Checksum Changed","5","594"
"Sep 14, 2026 @ 11:23:46.633","Cyber-DC",["T1078"],["Defense Evasion","Persistence","Privilege Escalation","Initial Access"],"Windows Logon Success","3","60106"
"Sep 14, 2026 @ 11:23:46.585","Cyber-DC",["T1078"],["Defense Evasion","Persistence","Privilege Escalation","Initial Access"],"Windows Logon Success","3","60106"
"Sep 14, 2026 @ 11:23:46.558","Cyber-DC",["T1078"],["Defense Evasion","Persistence","Privilege Escalation","Initial Access"],"Windows Logon Success","3","60106"
"Sep 14, 2026 @ 11:23:46.543","Cyber-DC",["T1078"],["Defense Evasion","Persistence","Privilege Escalation","Initial Access"],"Windows Logon Success","3","60106"
"Sep 14, 2026 @ 11:23:46.537","Cyber-DC",["T1078"],["Defense Evasion","Persistence","Privilege Escalation","Initial Access"],"Windows Logon Success","3","60106"
"Sep 14, 2026 @ 11:23:46.532","Cyber-DC",["T1078"],["Defense Evasion","Persistence","Privilege Escalation","Initial Access"],"Windows Logon Success","3","60106"
"Sep 14, 2026 @ 11:23:22.955","Cyber-DC",["T1078"],["Defense Evasion","Persistence","Privilege Escalation","Initial Access"],"Windows Logon Success","3","60106"
"Sep 14, 2026 @ 11:23:08.728","Cyber-DC",["T1078"],["Defense Evasion","Persistence","Privilege Escalation","Initial Access"],"Windows Logon Success","3","60106"
"Sep 14, 2026 @ 11:23:07.990","Cyber-DC",["T1484"],["Defense Evasion","Privilege Escalation"],"Special privileges assigned to new logon.","3","67028"
"Sep 14, 2026 @ 11:23:07.947","Cyber-DC",["T1484"],["Defense Evasion","Privilege Escalation"],"Special privileges assigned to new logon.","3","67028"
"Sep 14, 2026 @ 11:23:05.520","Cyber-DC",["T1484"],["Defense Evasion","Privilege Escalation"],"Special privileges assigned to new logon.","3","67028"
"Sep 14, 2026 @ 11:23:05.503","Cyber-DC",["T1021.001","T1078.002"],["Lateral Movement","Defense Evasion","Persistence","Privilege Escalation","Initial Access"],"User: CORP\Administrator logged using Remote Desktop Connection (RDP) from ip:11.0.0.10.","3","92653"
"Sep 14, 2026 @ 11:23:05.472","Cyber-DC",["T1078"],["Defense Evasion","Persistence","Privilege Escalation","Initial Access"],"Windows Logon Success","3","60106"
"Sep 14, 2026 @ 11:23:05.425","Cyber-DC",["T1078"],["Defense Evasion","Persistence","Privilege Escalation","Initial Access"],"Windows Logon Success","3","60106"
"Sep 14, 2026 @ 11:23:05.424","Cyber-DC",["T1484"],["Defense Evasion","Privilege Escalation"],"Special privileges assigned to new logon.","3","67028"
"Sep 14, 2026 @ 11:23:05.421","Cyber-DC",["T1484"],["Defense Evasion","Privilege Escalation"],"Special privileges assigned to new logon.","3","67028"
"Sep 14, 2026 @ 11:23:05.316","Cyber-DC",["T1078"],["Defense Evasion","Persistence","Privilege Escalation","Initial Access"],"Windows Logon Success","3","60106"
"Sep 14, 2026 @ 11:23:04.170","Cyber-DC",["T1484"],["Defense Evasion","Privilege Escalation"],"Special privileges assigned to new logon.","3","67028"
"Sep 14, 2026 @ 11:23:04.170","Cyber-DC",["T1550.002","T1078.002","T1021.001"],["Defense Evasion","Lateral Movement","Persistence","Privilege Escalation","Initial Access"],"Successful Remote Logon Detected - User:\Administrator - NTLM authentication, possible pass-the-hash attack - Possible RDP connection. Verify that attacker is allowed to perform RDP connections","6","92657"
"Sep 14, 2026 @ 11:22:23.712","Cyber-DC",["T1078"],["Defense Evasion","Persistence","Privilege Escalation","Initial Access"],"Windows Logon Success","3","60106"
"Sep 14, 2026 @ 11:21:23.677","Cyber-DC",["T1078"],["Defense Evasion","Persistence","Privilege Escalation","Initial Access"],"Windows Logon Success","3","60106"
"Sep 14, 2026 @ 11:20:37.526","Cyber-Window-cilent",["T1078"],["Defense Evasion","Persistence","Privilege Escalation","Initial Access"],"Windows Logon Success","3","60106"
"Sep 14, 2026 @ 11:20:37.497","Cyber-Window-cilent",["T1078"],["Defense Evasion","Persistence","Privilege Escalation","Initial Access"],"Windows Logon Success","3","60106"
"Sep 14, 2026 @ 11:20:37.494","Cyber-Window-cilent",["T1078"],["Defense Evasion","Persistence","Privilege Escalation","Initial Access"],"Windows Logon Success","3","60106"
"Sep 14, 2026 @ 11:20:34.474","Cyber-DC",["T1565.001","T1112"],["Impact","Defense Evasion"],"Registry Value Integrity Checksum Changed","5","750"
"Sep 14, 2026 @ 11:20:34.431","Cyber-DC",["T1565.001","T1112"],["Impact","Defense Evasion"],"Registry Key Integrity Checksum Changed","5","594"
"Sep 14, 2026 @ 11:20:28.230","Cyber-DC",["T1565.001","T1112"],["Impact","Defense Evasion"],"Registry Value Integrity Checksum Changed","5","750"
"Sep 14, 2026 @ 11:20:28.229","Cyber-DC",["T1565.001","T1112"],["Impact","Defense Evasion"],"Registry Key Integrity Checksum Changed","5","594"
"Sep 14, 2026 @ 11:20:23.619","Cyber-DC",["T1078"],["Defense Evasion","Persistence","Privilege Escalation","Initial Access"],"Windows Logon Success","3","60106"
"Sep 14, 2026 @ 11:20:22.574","Cyber-DC",["T1078"],["Defense Evasion","Persistence","Privilege Escalation","Initial Access"],"Windows Logon Success","3","60106"
"Sep 14, 2026 @ 11:20:21.479","Cyber-DC",["T1078"],["Defense Evasion","Persistence","Privilege Escalation","Initial Access"],"Windows Logon Success","3","60106"
"Sep 14, 2026 @ 11:20:19.871","Cyber-DC",["T1484"],["Defense Evasion","Privilege Escalation"],"Special privileges assigned to new logon.","3","67028"
"Sep 14, 2026 @ 11:20:19.854","Cyber-DC",["T1078"],["Defense Evasion","Persistence","Privilege Escalation","Initial Access"],"Windows Workstation Logon Success","3","60118"
"Sep 14, 2026 @ 11:20:19.838","Cyber-DC",["T1078"],["Defense Evasion","Persistence","Privilege Escalation","Initial Access"],"Windows Logon Success","3","60106"
"Sep 14, 2026 @ 11:19:47.132","Cyber-DC",["T1078"],["Defense Evasion","Persistence","Privilege Escalation","Initial Access"],"Windows Logon Success","3","60106"
"Sep 14, 2026 @ 11:19:37.096","Cyber-Window-cilent",["T1565.001","T1112"],["Impact","Defense Evasion"],"Registry Value Integrity Checksum Changed","5","750"
"Sep 14, 2026 @ 11:19:37.080","Cyber-Window-cilent",["T1565.001","T1112"],["Impact","Defense Evasion"],"Registry Value Integrity Checksum Changed","5","750"
"Sep 14, 2026 @ 11:19:37.064","Cyber-Window-cilent",["T1565.001","T1112"],["Impact","Defense Evasion"],"Registry Value Integrity Checksum Changed","5","750"
"Sep 14, 2026 @ 11:19:37.049","Cyber-Window-cilent",["T1565.001","T1112"],["Impact","Defense Evasion"],"Registry Key Integrity Checksum Changed","5","594"
"Sep 14, 2026 @ 11:19:37.033","Cyber-Window-cilent",["T1565.001","T1112"],["Impact","Defense Evasion"],"Registry Value Integrity Checksum Changed","5","750"
"Sep 14, 2026 @ 11:19:37.017","Cyber-Window-cilent",["T1565.001","T1112"],["Impact","Defense Evasion"],"Registry Key Integrity Checksum Changed","5","594"
"Sep 14, 2026 @ 11:19:37.001","Cyber-Window-cilent",["T1565.001","T1112"],["Impact","Defense Evasion"],"Registry Value Integrity Checksum Changed","5","750"
"Sep 14, 2026 @ 11:19:36.986","Cyber-Window-cilent",["T1565.001","T1112"],["Impact","Defense Evasion"],"Registry Key Integrity Checksum Changed","5","594"
"Sep 14, 2026 @ 11:19:36.982","Cyber-Window-cilent",["T1565.001","T1112"],["Impact","Defense Evasion"],"Registry Value Integrity Checksum Changed","5","750"
"Sep 14, 2026 @ 11:19:36.982","Cyber-Window-cilent",["T1565.001","T1112"],["Impact","Defense Evasion"],"Registry Key Integrity Checksum Changed","5","594"
"Sep 14, 2026 @ 11:19:36.010","Cyber-Window-cilent",["T1565.001","T1112"],["Impact","Defense Evasion"],"Registry Value Integrity Checksum Changed","5","750"
"Sep 14, 2026 @ 11:19:35.967","Cyber-Window-cilent",["T1565.001","T1112"],["Impact","Defense Evasion"],"Registry Key Integrity Checksum Changed","5","594"
"Sep 14, 2026 @ 11:19:23.652","Cyber-DC",["T1078"],["Defense Evasion","Persistence","Privilege Escalation","Initial Access"],"Windows Logon Success","3","60106"
"Sep 14, 2026 @ 11:18:58.765","Cyber-DC",["T1565.001","T1112"],["Impact","Defense Evasion"],"Registry Value Integrity Checksum Changed","5","750"
"Sep 14, 2026 @ 11:18:58.721","Cyber-DC",["T1565.001","T1112"],["Impact","Defense Evasion"],"Registry Key Integrity Checksum Changed","5","594"
"Sep 14, 2026 @ 11:18:55.270","Cyber-DC",["T1565.001","T1112"],["Impact","Defense Evasion"],"Registry Key Integrity Checksum Changed","5","594"
"Sep 14, 2026 @ 11:18:54.718","Cyber-DC",["T1565.001","T1112"],["Impact","Defense Evasion"],"Registry Key Integrity Checksum Changed","5","594"
"Sep 14, 2026 @ 11:18:54.718","Cyber-DC",["T1565.001","T1112"],["Impact","Defense Evasion"],"Registry Value Integrity Checksum Changed","5","750"
"Sep 14, 2026 @ 11:18:45.948","Cyber-DC",["T1078"],["Defense Evasion","Persistence","Privilege Escalation","Initial Access"],"Windows Logon Success","3","60106"
"Sep 14, 2026 @ 11:18:45.852","Cyber-DC",["T1078"],["Defense Evasion","Persistence","Privilege Escalation","Initial Access"],"Windows Logon Success","3","60106"
"Sep 14, 2026 @ 11:18:45.849","Cyber-DC",["T1078"],["Defense Evasion","Persistence","Privilege Escalation","Initial Access"],"Windows Logon Success","3","60106"
"Sep 14, 2026 @ 11:18:45.845","Cyber-DC",["T1078"],["Defense Evasion","Persistence","Privilege Escalation","Initial Access"],"Windows Logon Success","3","60106"
"Sep 14, 2026 @ 11:18:45.840","Cyber-DC",["T1078"],["Defense Evasion","Persistence","Privilege Escalation","Initial Access"],"Windows Logon Success","3","60106"
"Sep 14, 2026 @ 11:18:45.829","Cyber-DC",["T1078"],["Defense Evasion","Persistence","Privilege Escalation","Initial Access"],"Windows Logon Success","3","60106"
"Sep 14, 2026 @ 11:18:44.331","Cyber-DC",["T1078"],["Defense Evasion","Persistence","Privilege Escalation","Initial Access"],"Windows Logon Success","3","60106"
"Sep 14, 2026 @ 11:18:23.667","Cyber-DC",["T1078"],["Defense Evasion","Persistence","Privilege Escalation","Initial Access"],"Windows Logon Success","3","60106"
"Sep 14, 2026 @ 11:18:19.458","Cyber-DC",["T1078"],["Defense Evasion","Persistence","Privilege Escalation","Initial Access"],"Windows Logon Success","3","60106"
"Sep 14, 2026 @ 11:17:23.689","Cyber-DC",["T1078"],["Defense Evasion","Persistence","Privilege Escalation","Initial Access"],"Windows Logon Success","3","60106"
"Sep 14, 2026 @ 11:16:54.194","Cyber-DC",["T1565.001","T1112"],["Impact","Defense Evasion"],"Registry Value Integrity Checksum Changed","5","750"
"Sep 14, 2026 @ 11:16:54.190","Cyber-DC",["T1565.001","T1112"],["Impact","Defense Evasion"],"Registry Key Integrity Checksum Changed","5","594"
"Sep 14, 2026 @ 11:16:51.940","Cyber-DC",["T1565.001","T1112"],["Impact","Defense Evasion"],"Registry Key Integrity Checksum Changed","5","594"
"Sep 14, 2026 @ 11:16:51.823","Cyber-DC",["T1565.001","T1112"],["Impact","Defense Evasion"],"Registry Value Integrity Checksum Changed","5","750"
"Sep 14, 2026 @ 11:16:51.821","Cyber-DC",["T1565.001","T1112"],["Impact","Defense Evasion"],"Registry Key Integrity Checksum Changed","5","594"
"Sep 14, 2026 @ 11:16:48.223","Cyber-DC",["T1565.001","T1112"],["Impact","Defense Evasion"],"Registry Value Integrity Checksum Changed","5","750"
"Sep 14, 2026 @ 11:16:48.223","Cyber-DC",["T1565.001","T1112"],["Impact","Defense Evasion"],"Registry Value Integrity Checksum Changed","5","750"
"Sep 14, 2026 @ 11:16:48.181","Cyber-DC",["T1565.001","T1112"],["Impact","Defense Evasion"],"Registry Key Integrity Checksum Changed","5","594"
"Sep 14, 2026 @ 11:16:23.684","Cyber-DC",["T1078"],["Defense Evasion","Persistence","Privilege Escalation","Initial Access"],"Windows Logon Success","3","60106"
"Sep 14, 2026 @ 11:15:38.643","Cyber-DC",["T1484"],["Defense Evasion","Privilege Escalation"],"Special privileges assigned to new logon.","3","67028"
"Sep 14, 2026 @ 11:15:38.638","Cyber-DC",["T1484"],["Defense Evasion","Privilege Escalation"],"Special privileges assigned to new logon.","3","67028"
"Sep 14, 2026 @ 11:15:36.095","Cyber-DC",["T1078"],["Defense Evasion","Persistence","Privilege Escalation","Initial Access"],"Windows Logon Success","3","60106"
"Sep 14, 2026 @ 11:15:36.092","Cyber-DC",["T1484"],["Defense Evasion","Privilege Escalation"],"Special privileges assigned to new logon.","3","67028"
"Sep 14, 2026 @ 11:15:36.080","Cyber-DC",["T1021.001","T1078.002"],["Lateral Movement","Defense Evasion","Persistence","Privilege Escalation","Initial Access"],"User: CORP\Administrator logged using Remote Desktop Connection (RDP) from ip:11.0.0.10.","3","92653"
"Sep 14, 2026 @ 11:15:36.034","Cyber-DC",["T1078"],["Defense Evasion","Persistence","Privilege Escalation","Initial Access"],"Windows Logon Success","3","60106"
"Sep 14, 2026 @ 11:15:36.033","Cyber-DC",["T1078"],["Defense Evasion","Persistence","Privilege Escalation","Initial Access"],"Windows Logon Success","3","60106"
"Sep 14, 2026 @ 11:15:35.960","Cyber-DC",["T1484"],["Defense Evasion","Privilege Escalation"],"Special privileges assigned to new logon.","3","67028"
"Sep 14, 2026 @ 11:15:35.960","Cyber-DC",["T1078"],["Defense Evasion","Persistence","Privilege Escalation","Initial Access"],"Windows Logon Success","3","60106"
"Sep 14, 2026 @ 11:15:35.952","Cyber-DC",["T1484"],["Defense Evasion","Privilege Escalation"],"Special privileges assigned to new logon.","3","67028"
"Sep 14, 2026 @ 11:15:35.891","Cyber-DC",["T1078"],["Defense Evasion","Persistence","Privilege Escalation","Initial Access"],"Windows Logon Success","3","60106"
"Sep 14, 2026 @ 11:15:34.718","Cyber-DC",["T1484"],["Defense Evasion","Privilege Escalation"],"Special privileges assigned to new logon.","3","67028"
"Sep 14, 2026 @ 11:15:34.718","Cyber-DC",["T1550.002","T1078.002","T1021.001"],["Defense Evasion","Lateral Movement","Persistence","Privilege Escalation","Initial Access"],"Successful Remote Logon Detected - User:\Administrator - NTLM authentication, possible pass-the-hash attack - Possible RDP connection. Verify that attacker is allowed to perform RDP connections","6","92657"
"Sep 14, 2026 @ 11:15:23.036","Cyber-DC",["T1078"],["Defense Evasion","Persistence","Privilege Escalation","Initial Access"],"Windows Logon Success","3","60106"
"Sep 14, 2026 @ 11:14:23.666","Cyber-DC",["T1078"],["Defense Evasion","Persistence","Privilege Escalation","Initial Access"],"Windows Logon Success","3","60106"
"Sep 14, 2026 @ 11:14:19.356","Cyber-DC",["T1565.001","T1112"],["Impact","Defense Evasion"],"Registry Value Integrity Checksum Changed","5","750"
"Sep 14, 2026 @ 11:14:19.352","Cyber-DC",["T1565.001","T1112"],["Impact","Defense Evasion"],"Registry Key Integrity Checksum Changed","5","594"
"Sep 14, 2026 @ 11:14:15.306","Cyber-DC",["T1565.001","T1112"],["Impact","Defense Evasion"],"Registry Key Integrity Checksum Changed","5","594"
"Sep 14, 2026 @ 11:14:13.308","Cyber-DC",["T1078"],["Defense Evasion","Persistence","Privilege Escalation","Initial Access"],"Windows Logon Success","3","60106"
"Sep 14, 2026 @ 11:14:11.914","Cyber-DC",["T1078"],["Defense Evasion","Persistence","Privilege Escalation","Initial Access"],"Windows Logon Success","3","60106"
"Sep 14, 2026 @ 11:14:11.505","Cyber-DC",["T1078"],["Defense Evasion","Persistence","Privilege Escalation","Initial Access"],"Windows Logon Success","3","60106"
"Sep 14, 2026 @ 11:14:10.130","Cyber-DC",["T1484"],["Defense Evasion","Privilege Escalation"],"Special privileges assigned to new logon.","3","67028"
"Sep 14, 2026 @ 11:14:10.118","Cyber-DC",["T1078"],["Defense Evasion","Persistence","Privilege Escalation","Initial Access"],"Windows Workstation Logon Success","3","60118"
"Sep 14, 2026 @ 11:14:10.116","Cyber-DC",["T1078"],["Defense Evasion","Persistence","Privilege Escalation","Initial Access"],"Windows Logon Success","3","60106"
"Sep 14, 2026 @ 11:14:05.860","Cyber-Window-cilent",["T1565.001","T1112"],["Impact","Defense Evasion"],"Registry Value Integrity Checksum Changed","5","750"
"Sep 14, 2026 @ 11:14:05.812","Cyber-Window-cilent",["T1565.001","T1112"],["Impact","Defense Evasion"],"Registry Value Integrity Checksum Changed","5","750"
"Sep 14, 2026 @ 11:14:05.797","Cyber-Window-cilent",["T1565.001","T1112"],["Impact","Defense Evasion"],"Registry Value Integrity Checksum Changed","5","750"
"Sep 14, 2026 @ 11:14:05.797","Cyber-Window-cilent",["T1565.001","T1112"],["Impact","Defense Evasion"],"Registry Key Integrity Checksum Changed","5","594"
"Sep 14, 2026 @ 11:14:05.797","Cyber-Window-cilent",["T1565.001","T1112"],["Impact","Defense Evasion"],"Registry Value Integrity Checksum Changed","5","750"
"Sep 14, 2026 @ 11:14:05.767","Cyber-Window-cilent",["T1565.001","T1112"],["Impact","Defense Evasion"],"Registry Key Integrity Checksum Changed","5","594"
"Sep 14, 2026 @ 11:13:55.090","Cyber-Window-cilent",["T1078"],["Defense Evasion","Persistence","Privilege Escalation","Initial Access"],"Windows Logon Success","3","60106"
"Sep 14, 2026 @ 11:13:53.670","Cyber-Window-cilent",["T1078"],["Defense Evasion","Persistence","Privilege Escalation","Initial Access"],"Windows Logon Success","3","60106"
"Sep 14, 2026 @ 11:13:53.668","Cyber-Window-cilent",["T1078"],["Defense Evasion","Persistence","Privilege Escalation","Initial Access"],"Windows Logon Success","3","60106"
"Sep 14, 2026 @ 11:13:46.519","Cyber-DC",["T1078"],["Defense Evasion","Persistence","Privilege Escalation","Initial Access"],"Windows Logon Success","3","60106"
"Sep 14, 2026 @ 11:13:46.422","Cyber-DC",["T1078"],["Defense Evasion","Persistence","Privilege Escalation","Initial Access"],"Windows Logon Success","3","60106"
"Sep 14, 2026 @ 11:13:46.415","Cyber-DC",["T1078"],["Defense Evasion","Persistence","Privilege Escalation","Initial Access"],"Windows Logon Success","3","60106"
"Sep 14, 2026 @ 11:13:46.412","Cyber-DC",["T1078"],["Defense Evasion","Persistence","Privilege Escalation","Initial Access"],"Windows Logon Success","3","60106"
"Sep 14, 2026 @ 11:13:45.188","Cyber-DC",["T1078"],["Defense Evasion","Persistence","Privilege Escalation","Initial Access"],"Windows Logon Success","3","60106"
"Sep 14, 2026 @ 11:13:45.158","Cyber-DC",["T1078"],["Defense Evasion","Persistence","Privilege Escalation","Initial Access"],"Windows Logon Success","3","60106"
"Sep 14, 2026 @ 11:13:23.650","Cyber-DC",["T1078"],["Defense Evasion","Persistence","Privilege Escalation","Initial Access"],"Windows Logon Success","3","60106"
"Sep 14, 2026 @ 11:12:23.638","Cyber-DC",["T1078"],["Defense Evasion","Persistence","Privilege Escalation","Initial Access"],"Windows Logon Success","3","60106"
"Sep 14, 2026 @ 11:11:44.014","Cyber-DC",["T1565.001","T1112"],["Impact","Defense Evasion"],"Registry Value Integrity Checksum Changed","5","750"
"Sep 14, 2026 @ 11:11:44.014","Cyber-DC",["T1565.001","T1112"],["Impact","Defense Evasion"],"Registry Value Integrity Checksum Changed","5","750"
"Sep 14, 2026 @ 11:11:43.973","Cyber-DC",["T1565.001","T1112"],["Impact","Defense Evasion"],"Registry Key Integrity Checksum Changed","5","594"
"Sep 14, 2026 @ 11:11:20.476","Cyber-DC",["T1078"],["Defense Evasion","Persistence","Privilege Escalation","Initial Access"],"Windows Logon Success","3","60106"
"Sep 14, 2026 @ 11:11:12.778","Cyber-DC",["T1565.001"],["Impact"],"Integrity checksum changed.","7","550"
"Sep 14, 2026 @ 11:11:09.549","Cyber-DC",["T1565.001"],["Impact"],"Integrity checksum changed.","7","550"
"Sep 14, 2026 @ 11:10:20.472","Cyber-DC",["T1078"],["Defense Evasion","Persistence","Privilege Escalation","Initial Access"],"Windows Logon Success","3","60106"
"Sep 14, 2026 @ 11:10:19.785","Cyber-Window-cilent",["T1565.001","T1112"],["Impact","Defense Evasion"],"Registry Value Integrity Checksum Changed","5","750"
"Sep 14, 2026 @ 11:10:19.737","Cyber-Window-cilent",["T1565.001","T1112"],["Impact","Defense Evasion"],"Registry Value Integrity Checksum Changed","5","750"
"Sep 14, 2026 @ 11:10:19.723","Cyber-Window-cilent",["T1565.001","T1112"],["Impact","Defense Evasion"],"Registry Key Integrity Checksum Changed","5","594"
"Sep 14, 2026 @ 11:10:19.723","Cyber-Window-cilent",["T1565.001","T1112"],["Impact","Defense Evasion"],"Registry Value Integrity Checksum Changed","5","750"
"Sep 14, 2026 @ 11:10:19.722","Cyber-Window-cilent",["T1565.001","T1112"],["Impact","Defense Evasion"],"Registry Value Integrity Checksum Changed","5","750"
"Sep 14, 2026 @ 11:10:19.687","Cyber-Window-cilent",["T1565.001","T1112"],["Impact","Defense Evasion"],"Registry Key Integrity Checksum Changed","5","594"
"Sep 14, 2026 @ 11:09:20.474","Cyber-DC",["T1078"],["Defense Evasion","Persistence","Privilege Escalation","Initial Access"],"Windows Logon Success","3","60106"
"Sep 14, 2026 @ 11:09:05.284","Cyber-DC",["T1565.001","T1112"],["Impact","Defense Evasion"],"Registry Key Integrity Checksum Changed","5","594"
"Sep 14, 2026 @ 11:08:46.417","Cyber-DC",["T1078"],["Defense Evasion","Persistence","Privilege Escalation","Initial Access"],"Windows Logon Success","3","60106"
"Sep 14, 2026 @ 11:08:46.334","Cyber-DC",["T1078"],["Defense Evasion","Persistence","Privilege Escalation","Initial Access"],"Windows Logon Success","3","60106"
"Sep 14, 2026 @ 11:08:46.329","Cyber-DC",["T1078"],["Defense Evasion","Persistence","Privilege Escalation","Initial Access"],"Windows Logon Success","3","60106"
"Sep 14, 2026 @ 11:08:46.326","Cyber-DC",["T1078"],["Defense Evasion","Persistence","Privilege Escalation","Initial Access"],"Windows Logon Success","3","60106"
"Sep 14, 2026 @ 11:08:46.323","Cyber-DC",["T1078"],["Defense Evasion","Persistence","Privilege Escalation","Initial Access"],"Windows Logon Success","3","60106"
"Sep 14, 2026 @ 11:08:44.275","Cyber-DC",["T1078"],["Defense Evasion","Persistence","Privilege Escalation","Initial Access"],"Windows Logon Success","3","60106"
"Sep 14, 2026 @ 11:08:44.266","Cyber-DC",["T1078"],["Defense Evasion","Persistence","Privilege Escalation","Initial Access"],"Windows Logon Success","3","60106"
"Sep 14, 2026 @ 11:08:44.262","Cyber-DC",["T1078"],["Defense Evasion","Persistence","Privilege Escalation","Initial Access"],"Windows Logon Success","3","60106"
"Sep 14, 2026 @ 11:08:20.444","Cyber-DC",["T1078"],["Defense Evasion","Persistence","Privilege Escalation","Initial Access"],"Windows Logon Success","3","60106"
"Sep 14, 2026 @ 11:08:13.565","Cyber-DC",["T1078"],["Defense Evasion","Persistence","Privilege Escalation","Initial Access"],"Windows Logon Success","3","60106"
"Sep 14, 2026 @ 11:07:20.443","Cyber-DC",["T1078"],["Defense Evasion","Persistence","Privilege Escalation","Initial Access"],"Windows Logon Success","3","60106"
"Sep 14, 2026 @ 11:06:20.435","Cyber-DC",["T1078"],["Defense Evasion","Persistence","Privilege Escalation","Initial Access"],"Windows Logon Success","3","60106"
"Sep 14, 2026 @ 11:05:21.973","Cyber-Window-cilent",["T1565.001","T1112"],["Impact","Defense Evasion"],"Registry Value Integrity Checksum Changed","5","750"
"Sep 14, 2026 @ 11:05:21.931","Cyber-Window-cilent",["T1565.001","T1112"],["Impact","Defense Evasion"],"Registry Value Integrity Checksum Changed","5","750"
"Sep 14, 2026 @ 11:05:21.916","Cyber-Window-cilent",["T1565.001","T1112"],["Impact","Defense Evasion"],"Registry Value Integrity Checksum Changed","5","750"
"Sep 14, 2026 @ 11:05:21.915","Cyber-Window-cilent",["T1565.001","T1112"],["Impact","Defense Evasion"],"Registry Key Integrity Checksum Changed","5","594"
"Sep 14, 2026 @ 11:05:21.915","Cyber-Window-cilent",["T1565.001","T1112"],["Impact","Defense Evasion"],"Registry Value Integrity Checksum Changed","5","750"
"Sep 14, 2026 @ 11:05:21.891","Cyber-Window-cilent",["T1565.001","T1112"],["Impact","Defense Evasion"],"Registry Key Integrity Checksum Changed","5","594"
"Sep 14, 2026 @ 11:05:19.861","Cyber-DC",["T1078"],["Defense Evasion","Persistence","Privilege Escalation","Initial Access"],"Windows Logon Success","3","60106"
"Sep 14, 2026 @ 11:05:18.816","Cyber-DC",["T1078"],["Defense Evasion","Persistence","Privilege Escalation","Initial Access"],"Windows Logon Success","3","60106"
"Sep 14, 2026 @ 11:05:18.811","Cyber-DC",["T1078"],["Defense Evasion","Persistence","Privilege Escalation","Initial Access"],"Windows Logon Success","3","60106"
"Sep 14, 2026 @ 11:05:17.484","Cyber-DC",["T1078"],["Defense Evasion","Persistence","Privilege Escalation","Initial Access"],"Windows Logon Success","3","60106"
"Sep 14, 2026 @ 11:05:17.430","Cyber-DC",["T1078"],["Defense Evasion","Persistence","Privilege Escalation","Initial Access"],"Windows Logon Success","3","60106"
"Sep 14, 2026 @ 11:05:15.410","Cyber-DC",["T1078"],["Defense Evasion","Persistence","Privilege Escalation","Initial Access"],"Windows Logon Success","3","60106"
"Sep 14, 2026 @ 11:05:15.406","Cyber-DC",["T1078"],["Defense Evasion","Persistence","Privilege Escalation","Initial Access"],"Windows Logon Success","3","60106"
"Sep 14, 2026 @ 11:04:31.355","Cyber-DC",["T1565.001","T1112"],["Impact","Defense Evasion"],"Registry Value Integrity Checksum Changed","5","750"
"Sep 14, 2026 @ 11:04:31.354","Cyber-DC",["T1565.001","T1112"],["Impact","Defense Evasion"],"Registry Value Integrity Checksum Changed","5","750"
"Sep 14, 2026 @ 11:04:31.313","Cyber-DC",["T1565.001","T1112"],["Impact","Defense Evasion"],"Registry Value Integrity Checksum Changed","5","750"
"Sep 14, 2026 @ 11:04:31.298","Cyber-DC",["T1565.001","T1112"],["Impact","Defense Evasion"],"Registry Key Integrity Checksum Changed","5","594"
"Sep 14, 2026 @ 11:04:31.297","Cyber-DC",["T1565.001","T1112"],["Impact","Defense Evasion"],"Registry Value Integrity Checksum Changed","5","750"
"Sep 14, 2026 @ 11:04:31.297","Cyber-DC",["T1565.001","T1112"],["Impact","Defense Evasion"],"Registry Value Integrity Checksum Changed","5","750"
"Sep 14, 2026 @ 11:04:31.275","Cyber-DC",["T1565.001","T1112"],["Impact","Defense Evasion"],"Registry Key Integrity Checksum Changed","5","594"
"Sep 14, 2026 @ 11:04:26.159","Cyber-DC",["T1565.001","T1112"],["Impact","Defense Evasion"],"Registry Key Integrity Checksum Changed","5","594"
"Sep 14, 2026 @ 11:04:25.510","Cyber-DC",["T1565.001","T1112"],["Impact","Defense Evasion"],"Registry Value Integrity Checksum Changed","5","750"
"Sep 14, 2026 @ 11:04:25.509","Cyber-DC",["T1565.001","T1112"],["Impact","Defense Evasion"],"Registry Key Integrity Checksum Changed","5","594"
"Sep 14, 2026 @ 11:04:19.845","Cyber-DC",["T1078"],["Defense Evasion","Persistence","Privilege Escalation","Initial Access"],"Windows Logon Success","3","60106"
"Sep 14, 2026 @ 11:03:46.287","Cyber-DC",["T1078"],["Defense Evasion","Persistence","Privilege Escalation","Initial Access"],"Windows Logon Success","3","60106"
"Sep 14, 2026 @ 11:03:46.260","Cyber-DC",["T1078"],["Defense Evasion","Persistence","Privilege Escalation","Initial Access"],"Windows Logon Success","3","60106"
"Sep 14, 2026 @ 11:03:46.255","Cyber-DC",["T1078"],["Defense Evasion","Persistence","Privilege Escalation","Initial Access"],"Windows Logon Success","3","60106"
"Sep 14, 2026 @ 11:03:46.249","Cyber-DC",["T1078"],["Defense Evasion","Persistence","Privilege Escalation","Initial Access"],"Windows Logon Success","3","60106"
"Sep 14, 2026 @ 11:03:43.687","Cyber-DC",["T1078"],["Defense Evasion","Persistence","Privilege Escalation","Initial Access"],"Windows Logon Success","3","60106"
"Sep 14, 2026 @ 11:03:43.643","Cyber-DC",["T1078"],["Defense Evasion","Persistence","Privilege Escalation","Initial Access"],"Windows Logon Success","3","60106"
"Sep 14, 2026 @ 11:03:25.053","Cyber-Window-cilent",["T1565.001","T1112"],["Impact","Defense Evasion"],"Registry Value Integrity Checksum Changed","5","750"
"Sep 14, 2026 @ 11:03:25.052","Cyber-Window-cilent",["T1565.001","T1112"],["Impact","Defense Evasion"],"Registry Key Integrity Checksum Changed","5","594"
"Sep 14, 2026 @ 11:03:25.052","Cyber-Window-cilent",["T1565.001","T1112"],["Impact","Defense Evasion"],"Registry Value Integrity Checksum Changed","5","750"
"Sep 14, 2026 @ 11:03:25.022","Cyber-Window-cilent",["T1565.001","T1112"],["Impact","Defense Evasion"],"Registry Key Integrity Checksum Changed","5","594"
"Sep 14, 2026 @ 11:03:19.890","Cyber-DC",["T1078"],["Defense Evasion","Persistence","Privilege Escalation","Initial Access"],"Windows Logon Success","3","60106"
"Sep 14, 2026 @ 11:03:10.893","Cyber-DC",["T1565.001","T1112"],["Impact","Defense Evasion"],"Registry Value Integrity Checksum Changed","5","750"
"Sep 14, 2026 @ 11:03:10.892","Cyber-DC",["T1565.001","T1112"],["Impact","Defense Evasion"],"Registry Key Integrity Checksum Changed","5","594"
"Sep 14, 2026 @ 11:03:06.544","Cyber-DC",["T1565.001","T1112"],["Impact","Defense Evasion"],"Registry Key Integrity Checksum Changed","5","594"
"Sep 14, 2026 @ 11:03:06.544","Cyber-DC",["T1565.001","T1112"],["Impact","Defense Evasion"],"Registry Value Integrity Checksum Changed","5","750"
"Sep 14, 2026 @ 11:02:19.815","Cyber-DC",["T1078"],["Defense Evasion","Persistence","Privilege Escalation","Initial Access"],"Windows Logon Success","3","60106"
"Sep 14, 2026 @ 11:01:15.625","Cyber-DC",["T1078"],["Defense Evasion","Persistence","Privilege Escalation","Initial Access"],"Windows Logon Success","3","60106"
"Sep 14, 2026 @ 11:00:15.637","Cyber-DC",["T1078"],["Defense Evasion","Persistence","Privilege Escalation","Initial Access"],"Windows Logon Success","3","60106"
"Sep 14, 2026 @ 11:00:01.700","Cyber-Window-cilent",["T1565.001","T1112"],["Impact","Defense Evasion"],"Registry Value Integrity Checksum Changed","5","750"
"Sep 14, 2026 @ 11:00:01.686","Cyber-Window-cilent",["T1565.001","T1112"],["Impact","Defense Evasion"],"Registry Value Integrity Checksum Changed","5","750"
"Sep 14, 2026 @ 11:00:01.676","Cyber-Window-cilent",["T1565.001","T1112"],["Impact","Defense Evasion"],"Registry Value Integrity Checksum Changed","5","750"
"Sep 14, 2026 @ 11:00:01.675","Cyber-Window-cilent",["T1565.001","T1112"],["Impact","Defense Evasion"],"Registry Key Integrity Checksum Changed","5","594"
"Sep 14, 2026 @ 11:00:01.671","Cyber-Window-cilent",["T1565.001","T1112"],["Impact","Defense Evasion"],"Registry Value Integrity Checksum Changed","5","750"
"Sep 14, 2026 @ 11:00:00.653","Cyber-Window-cilent",["T1565.001","T1112"],["Impact","Defense Evasion"],"Registry Key Integrity Checksum Changed","5","594"
"Sep 14, 2026 @ 10:59:51.492","Cyber-Window-cilent",["T1078"],["Defense Evasion","Persistence","Privilege Escalation","Initial Access"],"Windows Logon Success","3","60106"
"Sep 14, 2026 @ 10:59:51.448","Cyber-Window-cilent",["T1078"],["Defense Evasion","Persistence","Privilege Escalation","Initial Access"],"Windows Logon Success","3","60106"
"Sep 14, 2026 @ 10:59:36.717","Cyber-Window-cilent",["T1078"],["Defense Evasion","Persistence","Privilege Escalation","Initial Access"],"Windows Logon Success","3","60106"
"Sep 14, 2026 @ 10:59:21.348","Cyber-DC",["T1565.001","T1112"],["Impact","Defense Evasion"],"Registry Key Integrity Checksum Changed","5","594"
"Sep 14, 2026 @ 10:59:15.614","Cyber-DC",["T1078"],["Defense Evasion","Persistence","Privilege Escalation","Initial Access"],"Windows Logon Success","3","60106"
"Sep 14, 2026 @ 10:59:13.172","Cyber-DC",["T1078"],["Defense Evasion","Persistence","Privilege Escalation","Initial Access"],"Windows Logon Success","3","60106"
"Sep 14, 2026 @ 10:58:46.296","Cyber-DC",["T1078"],["Defense Evasion","Persistence","Privilege Escalation","Initial Access"],"Windows Logon Success","3","60106"
"Sep 14, 2026 @ 10:58:46.212","Cyber-DC",["T1078"],["Defense Evasion","Persistence","Privilege Escalation","Initial Access"],"Windows Logon Success","3","60106"
"Sep 14, 2026 @ 10:58:46.198","Cyber-DC",["T1078"],["Defense Evasion","Persistence","Privilege Escalation","Initial Access"],"Windows Logon Success","3","60106"
"Sep 14, 2026 @ 10:58:46.194","Cyber-DC",["T1078"],["Defense Evasion","Persistence","Privilege Escalation","Initial Access"],"Windows Logon Success","3","60106"
"Sep 14, 2026 @ 10:58:44.242","Cyber-DC",["T1078"],["Defense Evasion","Persistence","Privilege Escalation","Initial Access"],"Windows Logon Success","3","60106"
"Sep 14, 2026 @ 10:58:42.825","Cyber-DC",["T1078"],["Defense Evasion","Persistence","Privilege Escalation","Initial Access"],"Windows Logon Success","3","60106"
"Sep 14, 2026 @ 10:58:42.800","Cyber-DC",["T1078"],["Defense Evasion","Persistence","Privilege Escalation","Initial Access"],"Windows Logon Success","3","60106"
"Sep 14, 2026 @ 10:58:15.590","Cyber-DC",["T1078"],["Defense Evasion","Persistence","Privilege Escalation","Initial Access"],"Windows Logon Success","3","60106"
"Sep 14, 2026 @ 10:57:11.992","Cyber-DC",["T1078"],["Defense Evasion","Persistence","Privilege Escalation","Initial Access"],"Windows Logon Success","3","60106"
"Sep 14, 2026 @ 10:56:12.046","Cyber-DC",["T1078"],["Defense Evasion","Persistence","Privilege Escalation","Initial Access"],"Windows Logon Success","3","60106"
"Sep 14, 2026 @ 10:55:58.693","Cyber-Window-cilent",["T1565.001","T1112"],["Impact","Defense Evasion"],"Registry Value Integrity Checksum Changed","5","750"
"Sep 14, 2026 @ 10:55:58.692","Cyber-Window-cilent",["T1565.001","T1112"],["Impact","Defense Evasion"],"Registry Value Integrity Checksum Changed","5","750"
"Sep 14, 2026 @ 10:55:58.651","Cyber-Window-cilent",["T1565.001","T1112"],["Impact","Defense Evasion"],"Registry Key Integrity Checksum Changed","5","594"
"Sep 14, 2026 @ 10:55:36.684","Cyber-DC",["T1078"],["Defense Evasion","Persistence","Privilege Escalation","Initial Access"],"Windows Logon Success","3","60106"
"Sep 14, 2026 @ 10:55:06.932","Cyber-DC",["T1078"],["Defense Evasion","Persistence","Privilege Escalation","Initial Access"],"Windows Logon Success","3","60106"
"Sep 14, 2026 @ 10:54:42.618","Cyber-Window-cilent",["T1565.001","T1112"],["Impact","Defense Evasion"],"Registry Value Integrity Checksum Changed","5","750"
"Sep 14, 2026 @ 10:54:42.571","Cyber-Window-cilent",["T1565.001","T1112"],["Impact","Defense Evasion"],"Registry Value Integrity Checksum Changed","5","750"
"Sep 14, 2026 @ 10:54:42.557","Cyber-Window-cilent",["T1565.001","T1112"],["Impact","Defense Evasion"],"Registry Key Integrity Checksum Changed","5","594"
"Sep 14, 2026 @ 10:54:42.557","Cyber-Window-cilent",["T1565.001","T1112"],["Impact","Defense Evasion"],"Registry Value Integrity Checksum Changed","5","750"
"Sep 14, 2026 @ 10:54:42.557","Cyber-Window-cilent",["T1565.001","T1112"],["Impact","Defense Evasion"],"Registry Value Integrity Checksum Changed","5","750"
"Sep 14, 2026 @ 10:54:42.525","Cyber-Window-cilent",["T1565.001","T1112"],["Impact","Defense Evasion"],"Registry Key Integrity Checksum Changed","5","594"
"Sep 14, 2026 @ 10:54:14.771","Cyber-DC",["T1565.001","T1112"],["Impact","Defense Evasion"],"Registry Value Integrity Checksum Changed","5","750"
"Sep 14, 2026 @ 10:54:14.771","Cyber-DC",["T1565.001","T1112"],["Impact","Defense Evasion"],"Registry Key Integrity Checksum Changed","5","594"
"Sep 14, 2026 @ 10:54:14.542","Cyber-DC",["T1565.001","T1112"],["Impact","Defense Evasion"],"Registry Key Integrity Checksum Changed","5","594"
"Sep 14, 2026 @ 10:54:06.903","Cyber-DC",["T1078"],["Defense Evasion","Persistence","Privilege Escalation","Initial Access"],"Windows Logon Success","3","60106"
"Sep 14, 2026 @ 10:53:46.164","Cyber-DC",["T1078"],["Defense Evasion","Persistence","Privilege Escalation","Initial Access"],"Windows Logon Success","3","60106"
"Sep 14, 2026 @ 10:53:46.126","Cyber-DC",["T1078"],["Defense Evasion","Persistence","Privilege Escalation","Initial Access"],"Windows Logon Success","3","60106"
"Sep 14, 2026 @ 10:53:46.121","Cyber-DC",["T1078"],["Defense Evasion","Persistence","Privilege Escalation","Initial Access"],"Windows Logon Success","3","60106"
"Sep 14, 2026 @ 10:53:46.117","Cyber-DC",["T1078"],["Defense Evasion","Persistence","Privilege Escalation","Initial Access"],"Windows Logon Success","3","60106"
"Sep 14, 2026 @ 10:53:42.389","Cyber-DC",["T1078"],["Defense Evasion","Persistence","Privilege Escalation","Initial Access"],"Windows Logon Success","3","60106"
"Sep 14, 2026 @ 10:53:42.381","Cyber-DC",["T1078"],["Defense Evasion","Persistence","Privilege Escalation","Initial Access"],"Windows Logon Success","3","60106"
"Sep 14, 2026 @ 10:53:11.002","Cyber-DC",["T1565.001","T1112"],["Impact","Defense Evasion"],"Registry Value Integrity Checksum Changed","5","750"
"Sep 14, 2026 @ 10:53:11.001","Cyber-DC",["T1565.001","T1112"],["Impact","Defense Evasion"],"Registry Key Integrity Checksum Changed","5","594"
"Sep 14, 2026 @ 10:53:10.738","Cyber-DC",["T1565.001","T1112"],["Impact","Defense Evasion"],"Registry Key Integrity Checksum Changed","5","594"
"Sep 14, 2026 @ 10:53:10.737","Cyber-DC",["T1112"],["Defense Evasion"],"Registry Value Entry Added to the System","5","752"
"Sep 14, 2026 @ 10:53:09.719","Cyber-DC",["T1112"],["Defense Evasion"],"Registry Value Entry Added to the System","5","752"
"Sep 14, 2026 @ 10:53:09.718","Cyber-DC",["T1112"],["Defense Evasion"],"Registry Value Entry Added to the System","5","752"
"Sep 14, 2026 @ 10:53:09.718","Cyber-DC",["T1112"],["Defense Evasion"],"Registry Value Entry Added to the System","5","752"
"Sep 14, 2026 @ 10:53:09.717","Cyber-DC",["T1112"],["Defense Evasion"],"Registry Key Entry Added to the System","5","598"
"Sep 14, 2026 @ 10:53:09.712","Cyber-DC",["T1112"],["Defense Evasion"],"Registry Value Entry Added to the System","5","752"
"Sep 14, 2026 @ 10:53:09.710","Cyber-DC",["T1112"],["Defense Evasion"],"Registry Key Entry Added to the System","5","598"
"Sep 14, 2026 @ 10:53:09.707","Cyber-DC",["T1112"],["Defense Evasion"],"Registry Key Entry Added to the System","5","598"
"Sep 14, 2026 @ 10:53:09.702","Cyber-DC",["T1112"],["Defense Evasion"],"Registry Value Entry Added to the System","5","752"
"Sep 14, 2026 @ 10:53:09.699","Cyber-DC",["T1112"],["Defense Evasion"],"Registry Value Entry Added to the System","5","752"
"Sep 14, 2026 @ 10:53:09.698","Cyber-DC",["T1112"],["Defense Evasion"],"Registry Key Entry Added to the System","5","598"
"Sep 14, 2026 @ 10:53:08.551","Cyber-DC",["T1565.001","T1112"],["Impact","Defense Evasion"],"Registry Key Integrity Checksum Changed","5","594"
"Sep 14, 2026 @ 10:53:08.543","Cyber-DC",["T1112"],["Defense Evasion"],"Registry Value Entry Added to the System","5","752"
"Sep 14, 2026 @ 10:53:08.542","Cyber-DC",["T1112"],["Defense Evasion"],"Registry Key Entry Added to the System","5","598"
"Sep 14, 2026 @ 10:53:07.966","Cyber-DC",["T1112"],["Defense Evasion"],"Registry Value Entry Added to the System","5","752"
"Sep 14, 2026 @ 10:53:07.965","Cyber-DC",["T1112"],["Defense Evasion"],"Registry Value Entry Added to the System","5","752"
"Sep 14, 2026 @ 10:53:07.952","Cyber-DC",["T1565.001","T1112"],["Impact","Defense Evasion"],"Registry Key Integrity Checksum Changed","5","594"
"Sep 14, 2026 @ 10:53:07.851","Cyber-DC",["T1565.001","T1112"],["Impact","Defense Evasion"],"Registry Key Integrity Checksum Changed","5","594"
"Sep 14, 2026 @ 10:53:07.851","Cyber-DC",["T1565.001","T1112"],["Impact","Defense Evasion"],"Registry Value Integrity Checksum Changed","5","750"
"Sep 14, 2026 @ 10:53:06.907","Cyber-DC",["T1078"],["Defense Evasion","Persistence","Privilege Escalation","Initial Access"],"Windows Logon Success","3","60106"
"Sep 14, 2026 @ 10:53:05.507","Cyber-DC",["T1565.001","T1112"],["Impact","Defense Evasion"],"Registry Key Integrity Checksum Changed","5","594"
"Sep 14, 2026 @ 10:53:04.030","Cyber-DC",["T1565.001","T1112"],["Impact","Defense Evasion"],"Registry Value Integrity Checksum Changed","5","750"
"Sep 14, 2026 @ 10:53:03.986","Cyber-DC",["T1565.001","T1112"],["Impact","Defense Evasion"],"Registry Key Integrity Checksum Changed","5","594"
"Sep 14, 2026 @ 10:52:19.517","Cyber-DC",["T1484"],["Defense Evasion","Privilege Escalation"],"Special privileges assigned to new logon.","3","67028"
"Sep 14, 2026 @ 10:52:19.509","Cyber-DC",["T1484"],["Defense Evasion","Privilege Escalation"],"Special privileges assigned to new logon.","3","67028"
"Sep 14, 2026 @ 10:52:17.274","Cyber-DC",["T1078"],["Defense Evasion","Persistence","Privilege Escalation","Initial Access"],"Windows Logon Success","3","60106"
"Sep 14, 2026 @ 10:52:17.257","Cyber-DC",["T1078"],["Defense Evasion","Persistence","Privilege Escalation","Initial Access"],"Windows Logon Success","3","60106"
"Sep 14, 2026 @ 10:52:17.255","Cyber-DC",["T1484"],["Defense Evasion","Privilege Escalation"],"Special privileges assigned to new logon.","3","67028"
"Sep 14, 2026 @ 10:52:17.253","Cyber-DC",["T1021.001","T1078.002"],["Lateral Movement","Defense Evasion","Persistence","Privilege Escalation","Initial Access"],"User: CORP\Administrator logged using Remote Desktop Connection (RDP) from ip:11.0.0.10.","3","92653"
"Sep 14, 2026 @ 10:52:17.248","Cyber-DC",["T1078"],["Defense Evasion","Persistence","Privilege Escalation","Initial Access"],"Windows Logon Success","3","60106"
"Sep 14, 2026 @ 10:52:17.237","Cyber-DC",["T1078"],["Defense Evasion","Persistence","Privilege Escalation","Initial Access"],"Windows Logon Success","3","60106"
"Sep 14, 2026 @ 10:52:16.534","Cyber-DC",["T1484"],["Defense Evasion","Privilege Escalation"],"Special privileges assigned to new logon.","3","67028"
"Sep 14, 2026 @ 10:52:16.527","Cyber-DC",["T1484"],["Defense Evasion","Privilege Escalation"],"Special privileges assigned to new logon.","3","67028"
"Sep 14, 2026 @ 10:52:16.206","Cyber-DC",["T1078"],["Defense Evasion","Persistence","Privilege Escalation","Initial Access"],"Windows Logon Success","3","60106"
"Sep 14, 2026 @ 10:52:15.090","Cyber-DC",["T1550.002","T1078.002","T1021.001"],["Defense Evasion","Lateral Movement","Persistence","Privilege Escalation","Initial Access"],"Successful Remote Logon Detected - User:\Administrator - NTLM authentication, possible pass-the-hash attack - Possible RDP connection. Verify that attacker is allowed to perform RDP connections","6","92657"
"Sep 14, 2026 @ 10:52:15.081","Cyber-DC",["T1484"],["Defense Evasion","Privilege Escalation"],"Special privileges assigned to new logon.","3","67028"
"Sep 14, 2026 @ 10:52:06.845","Cyber-DC",["T1078"],["Defense Evasion","Persistence","Privilege Escalation","Initial Access"],"Windows Logon Success","3","60106"
"Sep 14, 2026 @ 10:52:03.186","Cyber-DC",["T1112"],["Defense Evasion"],"Registry Value Entry Added to the System","5","752"
"Sep 14, 2026 @ 10:52:03.174","Cyber-DC",["T1565.001","T1112"],["Impact","Defense Evasion"],"Registry Value Integrity Checksum Changed","5","750"
"Sep 14, 2026 @ 10:52:03.174","Cyber-DC",["T1565.001","T1112"],["Impact","Defense Evasion"],"Registry Key Integrity Checksum Changed","5","594"
"Sep 14, 2026 @ 10:52:03.133","Cyber-DC",["T1565.001","T1112"],["Impact","Defense Evasion"],"Registry Key Integrity Checksum Changed","5","594"
"Sep 14, 2026 @ 10:51:59.383","Cyber-DC",["T1565.001","T1112"],["Impact","Defense Evasion"],"Registry Value Integrity Checksum Changed","5","750"
"Sep 14, 2026 @ 10:51:59.376","Cyber-DC",["T1565.001","T1112"],["Impact","Defense Evasion"],"Registry Value Integrity Checksum Changed","5","750"
"Sep 14, 2026 @ 10:51:59.375","Cyber-DC",["T1565.001","T1112"],["Impact","Defense Evasion"],"Registry Key Integrity Checksum Changed","5","594"
"Sep 14, 2026 @ 10:51:58.356","Cyber-DC",["T1565.001","T1112"],["Impact","Defense Evasion"],"Registry Key Integrity Checksum Changed","5","594"
"Sep 14, 2026 @ 10:51:58.356","Cyber-DC",["T1112"],["Defense Evasion"],"Registry Value Entry Added to the System","5","752"
"Sep 14, 2026 @ 10:51:06.961","Cyber-DC",["T1078"],["Defense Evasion","Persistence","Privilege Escalation","Initial Access"],"Windows Logon Success","3","60106"
"Sep 14, 2026 @ 10:50:51.755","Cyber-DC",["T1098","T1136","T1531"],["Persistence","Impact"],"Computer account added/changed/deleted","5","60121"
"Sep 14, 2026 @ 10:50:51.724","Cyber-DC",["T1098","T1136","T1531"],["Persistence","Impact"],"Computer account added/changed/deleted","5","60121"
"Sep 14, 2026 @ 10:50:51.691","Cyber-DC",["T1078"],["Defense Evasion","Persistence","Privilege Escalation","Initial Access"],"Windows Logon Success","3","60106"
"Sep 14, 2026 @ 10:50:51.579","Cyber-DC",["T1078"],["Defense Evasion","Persistence","Privilege Escalation","Initial Access"],"Windows Logon Success","3","60106"
"Sep 14, 2026 @ 10:50:51.564","Cyber-DC",["T1078"],["Defense Evasion","Persistence","Privilege Escalation","Initial Access"],"Windows Logon Success","3","60106"
"Sep 14, 2026 @ 10:50:51.563","Cyber-DC",["T1078"],["Defense Evasion","Persistence","Privilege Escalation","Initial Access"],"Windows Logon Success","3","60106"
"Sep 14, 2026 @ 10:50:51.557","Cyber-DC",["T1078"],["Defense Evasion","Persistence","Privilege Escalation","Initial Access"],"Windows Logon Success","3","60106"
"Sep 14, 2026 @ 10:50:28.682","Cyber-DC",["T1565.001","T1112"],["Impact","Defense Evasion"],"Registry Value Integrity Checksum Changed","5","750"
"Sep 14, 2026 @ 10:50:28.681","Cyber-DC",["T1565.001","T1112"],["Impact","Defense Evasion"],"Registry Value Integrity Checksum Changed","5","750"
"Sep 14, 2026 @ 10:50:28.679","Cyber-DC",["T1565.001","T1112"],["Impact","Defense Evasion"],"Registry Value Integrity Checksum Changed","5","750"
"Sep 14, 2026 @ 10:50:28.678","Cyber-DC",["T1565.001","T1112"],["Impact","Defense Evasion"],"Registry Key Integrity Checksum Changed","5","594"
"Sep 14, 2026 @ 10:50:06.832","Cyber-DC",["T1078"],["Defense Evasion","Persistence","Privilege Escalation","Initial Access"],"Windows Logon Success","3","60106"
"Sep 14, 2026 @ 10:49:30.942","Cyber-DC",["T1565.001","T1112"],["Impact","Defense Evasion"],"Registry Key Integrity Checksum Changed","5","594"
"Sep 14, 2026 @ 10:49:30.240","Cyber-DC",["T1565.001","T1112"],["Impact","Defense Evasion"],"Registry Value Integrity Checksum Changed","5","750"
"Sep 14, 2026 @ 10:49:30.198","Cyber-DC",["T1565.001","T1112"],["Impact","Defense Evasion"],"Registry Key Integrity Checksum Changed","5","594"
"Sep 14, 2026 @ 10:49:23.415","Cyber-Window-cilent",["T1565.001","T1112"],["Impact","Defense Evasion"],"Registry Value Integrity Checksum Changed","5","750"
"Sep 14, 2026 @ 10:49:23.376","Cyber-Window-cilent",["T1565.001","T1112"],["Impact","Defense Evasion"],"Registry Value Integrity Checksum Changed","5","750"
"Sep 14, 2026 @ 10:49:23.375","Cyber-Window-cilent",["T1565.001","T1112"],["Impact","Defense Evasion"],"Registry Value Integrity Checksum Changed","5","750"
"Sep 14, 2026 @ 10:49:23.374","Cyber-Window-cilent",["T1565.001","T1112"],["Impact","Defense Evasion"],"Registry Value Integrity Checksum Changed","5","750"
"Sep 14, 2026 @ 10:49:23.374","Cyber-Window-cilent",["T1565.001","T1112"],["Impact","Defense Evasion"],"Registry Key Integrity Checksum Changed","5","594"
"Sep 14, 2026 @ 10:49:23.366","Cyber-Window-cilent",["T1565.001","T1112"],["Impact","Defense Evasion"],"Registry Key Integrity Checksum Changed","5","594"
"Sep 14, 2026 @ 10:49:14.782","Cyber-Window-cilent",["T1565.001","T1112"],["Impact","Defense Evasion"],"Registry Value Integrity Checksum Changed","5","750"
"Sep 14, 2026 @ 10:49:14.782","Cyber-Window-cilent",["T1565.001","T1112"],["Impact","Defense Evasion"],"Registry Value Integrity Checksum Changed","5","750"
"Sep 14, 2026 @ 10:49:14.782","Cyber-Window-cilent",["T1565.001","T1112"],["Impact","Defense Evasion"],"Registry Key Integrity Checksum Changed","5","594"
"Sep 14, 2026 @ 10:49:06.813","Cyber-DC",["T1078"],["Defense Evasion","Persistence","Privilege Escalation","Initial Access"],"Windows Logon Success","3","60106"
"Sep 14, 2026 @ 10:48:46.095","Cyber-DC",["T1078"],["Defense Evasion","Persistence","Privilege Escalation","Initial Access"],"Windows Logon Success","3","60106"
"Sep 14, 2026 @ 10:48:46.047","Cyber-DC",["T1078"],["Defense Evasion","Persistence","Privilege Escalation","Initial Access"],"Windows Logon Success","3","60106"
"Sep 14, 2026 @ 10:48:46.044","Cyber-DC",["T1078"],["Defense Evasion","Persistence","Privilege Escalation","Initial Access"],"Windows Logon Success","3","60106"
"Sep 14, 2026 @ 10:48:46.039","Cyber-DC",["T1078"],["Defense Evasion","Persistence","Privilege Escalation","Initial Access"],"Windows Logon Success","3","60106"
"Sep 14, 2026 @ 10:48:44.221","Cyber-DC",["T1078"],["Defense Evasion","Persistence","Privilege Escalation","Initial Access"],"Windows Logon Success","3","60106"
"Sep 14, 2026 @ 10:48:42.094","Cyber-DC",["T1078"],["Defense Evasion","Persistence","Privilege Escalation","Initial Access"],"Windows Logon Success","3","60106"
"Sep 14, 2026 @ 10:48:42.068","Cyber-DC",["T1078"],["Defense Evasion","Persistence","Privilege Escalation","Initial Access"],"Windows Logon Success","3","60106"
"Sep 14, 2026 @ 10:48:19.331","Cyber-Window-cilent",["T1078"],["Defense Evasion","Persistence","Privilege Escalation","Initial Access"],"Windows Logon Success","3","60106"
"Sep 14, 2026 @ 10:48:17.868","Cyber-Window-cilent",["T1078"],["Defense Evasion","Persistence","Privilege Escalation","Initial Access"],"Windows Logon Success","3","60106"
"Sep 14, 2026 @ 10:48:17.862","Cyber-Window-cilent",["T1078"],["Defense Evasion","Persistence","Privilege Escalation","Initial Access"],"Windows Logon Success","3","60106"
"Sep 14, 2026 @ 10:48:08.611","Cyber-DC",["T1565.001","T1112"],["Impact","Defense Evasion"],"Registry Value Integrity Checksum Changed","5","750"
"Sep 14, 2026 @ 10:48:08.610","Cyber-DC",["T1565.001","T1112"],["Impact","Defense Evasion"],"Registry Key Integrity Checksum Changed","5","594"
"Sep 14, 2026 @ 10:48:05.261","Cyber-DC",["T1565.001","T1112"],["Impact","Defense Evasion"],"Registry Value Integrity Checksum Changed","5","750"
"Sep 14, 2026 @ 10:48:05.260","Cyber-DC",["T1565.001","T1112"],["Impact","Defense Evasion"],"Registry Key Integrity Checksum Changed","5","594"
"Sep 14, 2026 @ 10:48:03.910","Cyber-DC",["T1078"],["Defense Evasion","Persistence","Privilege Escalation","Initial Access"],"Windows Logon Success","3","60106"
"Sep 14, 2026 @ 10:47:17.082","Cyber-DC",["T1078"],["Defense Evasion","Persistence","Privilege Escalation","Initial Access"],"Windows Logon Success","3","60106"
"Sep 14, 2026 @ 10:47:17.060","Cyber-DC",["T1078"],["Defense Evasion","Persistence","Privilege Escalation","Initial Access"],"Windows Logon Success","3","60106"
"Sep 14, 2026 @ 10:47:03.925","Cyber-DC",["T1078"],["Defense Evasion","Persistence","Privilege Escalation","Initial Access"],"Windows Logon Success","3","60106"
"Sep 14, 2026 @ 10:47:03.478","Cyber-DC",["T1565.001","T1112"],["Impact","Defense Evasion"],"Registry Value Integrity Checksum Changed","5","750"
"Sep 14, 2026 @ 10:47:03.477","Cyber-DC",["T1565.001","T1112"],["Impact","Defense Evasion"],"Registry Key Integrity Checksum Changed","5","594"
"Sep 14, 2026 @ 10:46:03.902","Cyber-DC",["T1078"],["Defense Evasion","Persistence","Privilege Escalation","Initial Access"],"Windows Logon Success","3","60106"
"Sep 14, 2026 @ 10:45:40.147","Cyber-DC",["T1565.001","T1112"],["Impact","Defense Evasion"],"Registry Key Integrity Checksum Changed","5","594"
"Sep 14, 2026 @ 10:45:40.147","Cyber-DC",["T1565.001","T1112"],["Impact","Defense Evasion"],"Registry Value Integrity Checksum Changed","5","750"
"Sep 14, 2026 @ 10:45:36.855","Cyber-DC",["T1078"],["Defense Evasion","Persistence","Privilege Escalation","Initial Access"],"Windows Logon Success","3","60106"
"Sep 14, 2026 @ 10:45:20.030","Cyber-Window-cilent",["T1565.001","T1112"],["Impact","Defense Evasion"],"Registry Key Integrity Checksum Changed","5","594"
"Sep 14, 2026 @ 10:45:20.029","Cyber-Window-cilent",["T1565.001","T1112"],["Impact","Defense Evasion"],"Registry Value Integrity Checksum Changed","5","750"
"Sep 14, 2026 @ 10:45:20.029","Cyber-Window-cilent",["T1565.001","T1112"],["Impact","Defense Evasion"],"Registry Value Integrity Checksum Changed","5","750"
"Sep 14, 2026 @ 10:45:20.009","Cyber-Window-cilent",["T1565.001","T1112"],["Impact","Defense Evasion"],"Registry Key Integrity Checksum Changed","5","594"
"Sep 14, 2026 @ 10:45:18.934","Cyber-Window-cilent",["T1484"],["Defense Evasion","Privilege Escalation"],"Special privileges assigned to new logon.","3","67028"
"Sep 14, 2026 @ 10:45:18.934","Cyber-Window-cilent",["T1550.002","T1078.002"],["Defense Evasion","Lateral Movement","Persistence","Privilege Escalation","Initial Access"],"Successful Remote Logon Detected - User:\Administrator - NTLM authentication, possible pass-the-hash attack.","6","92652"
"Sep 14, 2026 @ 10:45:03.908","Cyber-DC",["T1078"],["Defense Evasion","Persistence","Privilege Escalation","Initial Access"],"Windows Logon Success","3","60106"
"Sep 14, 2026 @ 10:44:39.827","Cyber-Window-cilent",["T1550.002","T1078.002","T1021.001"],["Defense Evasion","Lateral Movement","Persistence","Privilege Escalation","Initial Access"],"Successful Remote Logon Detected - User:\Administrator - NTLM authentication, possible pass-the-hash attack - Possible RDP connection. Verify that ATTACKER is allowed to perform RDP connections","6","92657"
"Sep 14, 2026 @ 10:44:39.826","Cyber-Window-cilent",["T1484"],["Defense Evasion","Privilege Escalation"],"Special privileges assigned to new logon.","3","67028"
"Sep 14, 2026 @ 10:44:34.915","Cyber-DC",["T1565.001","T1112"],["Impact","Defense Evasion"],"Registry Key Integrity Checksum Changed","5","594"
"Sep 14, 2026 @ 10:44:03.889","Cyber-DC",["T1078"],["Defense Evasion","Persistence","Privilege Escalation","Initial Access"],"Windows Logon Success","3","60106"
"Sep 14, 2026 @ 10:43:58.564","Cyber-Window-cilent",["T1565.001","T1112"],["Impact","Defense Evasion"],"Registry Value Integrity Checksum Changed","5","750"
"Sep 14, 2026 @ 10:43:58.562","Cyber-Window-cilent",["T1565.001","T1112"],["Impact","Defense Evasion"],"Registry Value Integrity Checksum Changed","5","750"
"Sep 14, 2026 @ 10:43:58.561","Cyber-Window-cilent",["T1565.001","T1112"],["Impact","Defense Evasion"],"Registry Value Integrity Checksum Changed","5","750"
"Sep 14, 2026 @ 10:43:57.591","Cyber-Window-cilent",["T1565.001","T1112"],["Impact","Defense Evasion"],"Registry Value Integrity Checksum Changed","5","750"
"Sep 14, 2026 @ 10:43:57.591","Cyber-Window-cilent",["T1565.001","T1112"],["Impact","Defense Evasion"],"Registry Key Integrity Checksum Changed","5","594"
"Sep 14, 2026 @ 10:43:57.550","Cyber-Window-cilent",["T1565.001","T1112"],["Impact","Defense Evasion"],"Registry Key Integrity Checksum Changed","5","594"
"Sep 14, 2026 @ 10:43:46.081","Cyber-DC",["T1078"],["Defense Evasion","Persistence","Privilege Escalation","Initial Access"],"Windows Logon Success","3","60106"
"Sep 14, 2026 @ 10:43:45.983","Cyber-DC",["T1078"],["Defense Evasion","Persistence","Privilege Escalation","Initial Access"],"Windows Logon Success","3","60106"
"Sep 14, 2026 @ 10:43:45.977","Cyber-DC",["T1078"],["Defense Evasion","Persistence","Privilege Escalation","Initial Access"],"Windows Logon Success","3","60106"
"Sep 14, 2026 @ 10:43:45.974","Cyber-DC",["T1078"],["Defense Evasion","Persistence","Privilege Escalation","Initial Access"],"Windows Logon Success","3","60106"
"Sep 14, 2026 @ 10:43:41.065","Cyber-DC",["T1078"],["Defense Evasion","Persistence","Privilege Escalation","Initial Access"],"Windows Logon Success","3","60106"
"Sep 14, 2026 @ 10:43:41.055","Cyber-DC",["T1078"],["Defense Evasion","Persistence","Privilege Escalation","Initial Access"],"Windows Logon Success","3","60106"
"Sep 14, 2026 @ 10:43:03.874","Cyber-DC",["T1078"],["Defense Evasion","Persistence","Privilege Escalation","Initial Access"],"Windows Logon Success","3","60106"
"Sep 14, 2026 @ 10:42:56.265","Cyber-Window-cilent",["T1531"],["Impact"],"Logon Failure - Unknown user or bad password","5","60122"
"Sep 14, 2026 @ 10:42:03.863","Cyber-DC",["T1078"],["Defense Evasion","Persistence","Privilege Escalation","Initial Access"],"Windows Logon Success","3","60106"
"Sep 14, 2026 @ 10:41:18.170","Cyber-Window-cilent",["T1112"],["Defense Evasion"],"Registry Value Entry Added to the System","5","752"
"Sep 14, 2026 @ 10:41:18.160","Cyber-Window-cilent",["T1565.001","T1112"],["Impact","Defense Evasion"],"Registry Key Integrity Checksum Changed","5","594"
"Sep 14, 2026 @ 10:41:18.159","Cyber-Window-cilent",["T1565.001","T1112"],["Impact","Defense Evasion"],"Registry Value Integrity Checksum Changed","5","750"
"Sep 14, 2026 @ 10:41:18.116","Cyber-Window-cilent",["T1565.001","T1112"],["Impact","Defense Evasion"],"Registry Key Integrity Checksum Changed","5","594"
"Sep 14, 2026 @ 10:41:13.174","Cyber-Window-cilent",["T1112"],["Defense Evasion"],"Registry Value Entry Added to the System","5","752"
"Sep 14, 2026 @ 10:41:13.173","Cyber-Window-cilent",["T1565.001","T1112"],["Impact","Defense Evasion"],"Registry Key Integrity Checksum Changed","5","594"
"Sep 14, 2026 @ 10:41:03.850","Cyber-DC",["T1078"],["Defense Evasion","Persistence","Privilege Escalation","Initial Access"],"Windows Logon Success","3","60106"
"Sep 14, 2026 @ 10:40:03.946","Cyber-DC",["T1078"],["Defense Evasion","Persistence","Privilege Escalation","Initial Access"],"Windows Logon Success","3","60106"
"Sep 14, 2026 @ 10:40:02.735","Cyber-Window-cilent",["T1565.001","T1112"],["Impact","Defense Evasion"],"Registry Value Integrity Checksum Changed","5","750"
"Sep 14, 2026 @ 10:40:02.690","Cyber-Window-cilent",["T1565.001","T1112"],["Impact","Defense Evasion"],"Registry Value Integrity Checksum Changed","5","750"
"Sep 14, 2026 @ 10:40:02.675","Cyber-Window-cilent",["T1565.001","T1112"],["Impact","Defense Evasion"],"Registry Value Integrity Checksum Changed","5","750"
"Sep 14, 2026 @ 10:40:02.674","Cyber-Window-cilent",["T1565.001","T1112"],["Impact","Defense Evasion"],"Registry Value Integrity Checksum Changed","5","750"
"Sep 14, 2026 @ 10:40:02.674","Cyber-Window-cilent",["T1565.001","T1112"],["Impact","Defense Evasion"],"Registry Key Integrity Checksum Changed","5","594"
"Sep 14, 2026 @ 10:40:02.647","Cyber-Window-cilent",["T1565.001","T1112"],["Impact","Defense Evasion"],"Registry Key Integrity Checksum Changed","5","594"
"Sep 14, 2026 @ 10:39:56.726","Cyber-DC",["T1565.001","T1112"],["Impact","Defense Evasion"],"Registry Key Integrity Checksum Changed","5","594"
"Sep 14, 2026 @ 10:39:03.840","Cyber-DC",["T1078"],["Defense Evasion","Persistence","Privilege Escalation","Initial Access"],"Windows Logon Success","3","60106"
"Sep 14, 2026 @ 10:38:46.001","Cyber-DC",["T1078"],["Defense Evasion","Persistence","Privilege Escalation","Initial Access"],"Windows Logon Success","3","60106"
"Sep 14, 2026 @ 10:38:45.922","Cyber-DC",["T1078"],["Defense Evasion","Persistence","Privilege Escalation","Initial Access"],"Windows Logon Success","3","60106"
"Sep 14, 2026 @ 10:38:45.903","Cyber-DC",["T1078"],["Defense Evasion","Persistence","Privilege Escalation","Initial Access"],"Windows Logon Success","3","60106"
"Sep 14, 2026 @ 10:38:45.900","Cyber-DC",["T1078"],["Defense Evasion","Persistence","Privilege Escalation","Initial Access"],"Windows Logon Success","3","60106"
"Sep 14, 2026 @ 10:38:45.896","Cyber-DC",["T1078"],["Defense Evasion","Persistence","Privilege Escalation","Initial Access"],"Windows Logon Success","3","60106"
"Sep 14, 2026 @ 10:38:44.210","Cyber-DC",["T1078"],["Defense Evasion","Persistence","Privilege Escalation","Initial Access"],"Windows Logon Success","3","60106"
"Sep 14, 2026 @ 10:38:40.142","Cyber-DC",["T1078"],["Defense Evasion","Persistence","Privilege Escalation","Initial Access"],"Windows Logon Success","3","60106"
"Sep 14, 2026 @ 10:38:40.132","Cyber-DC",["T1078"],["Defense Evasion","Persistence","Privilege Escalation","Initial Access"],"Windows Logon Success","3","60106"
"Sep 14, 2026 @ 10:38:03.812","Cyber-DC",["T1078"],["Defense Evasion","Persistence","Privilege Escalation","Initial Access"],"Windows Logon Success","3","60106"
"Sep 14, 2026 @ 10:37:18.108","Cyber-Window-cilent",["T1565.001","T1112"],["Impact","Defense Evasion"],"Registry Value Integrity Checksum Changed","5","750"
"Sep 14, 2026 @ 10:37:18.065","Cyber-Window-cilent",["T1565.001","T1112"],["Impact","Defense Evasion"],"Registry Key Integrity Checksum Changed","5","594"
"Sep 14, 2026 @ 10:36:31.713","Cyber-DC",["T1078"],["Defense Evasion","Persistence","Privilege Escalation","Initial Access"],"Windows Logon Success","3","60106"
"Sep 14, 2026 @ 10:36:21.652","Cyber-DC",["T1078"],["Defense Evasion","Persistence","Privilege Escalation","Initial Access"],"Windows Logon Success","3","60106"
"Sep 14, 2026 @ 10:36:08.644","Cyber-Window-cilent",["T1565.001","T1112"],["Impact","Defense Evasion"],"Registry Value Integrity Checksum Changed","5","750"
"Sep 14, 2026 @ 10:36:08.644","Cyber-Window-cilent",["T1565.001","T1112"],["Impact","Defense Evasion"],"Registry Key Integrity Checksum Changed","5","594"
"Sep 14, 2026 @ 10:36:06.808","Cyber-Window-cilent",["T1565.001","T1112"],["Impact","Defense Evasion"],"Registry Value Integrity Checksum Changed","5","750"
"Sep 14, 2026 @ 10:36:06.801","Cyber-Window-cilent",["T1565.001","T1112"],["Impact","Defense Evasion"],"Registry Value Integrity Checksum Changed","5","750"
"Sep 14, 2026 @ 10:36:06.793","Cyber-Window-cilent",["T1565.001","T1112"],["Impact","Defense Evasion"],"Registry Key Integrity Checksum Changed","5","594"
"Sep 14, 2026 @ 10:36:06.793","Cyber-Window-cilent",["T1565.001","T1112"],["Impact","Defense Evasion"],"Registry Value Integrity Checksum Changed","5","750"
"Sep 14, 2026 @ 10:36:06.770","Cyber-Window-cilent",["T1565.001","T1112"],["Impact","Defense Evasion"],"Registry Key Integrity Checksum Changed","5","594"
"Sep 14, 2026 @ 10:35:36.661","Cyber-DC",["T1078"],["Defense Evasion","Persistence","Privilege Escalation","Initial Access"],"Windows Logon Success","3","60106"
"Sep 14, 2026 @ 10:35:31.657","Cyber-DC",["T1078"],["Defense Evasion","Persistence","Privilege Escalation","Initial Access"],"Windows Logon Success","3","60106"
"Sep 14, 2026 @ 10:35:10.172","Cyber-DC",["T1098","T1136","T1531"],["Persistence","Impact"],"Computer account added/changed/deleted","5","60121"
"Sep 14, 2026 @ 10:34:51.482","Cyber-Window-cilent",["T1565.001","T1112"],["Impact","Defense Evasion"],"Registry Value Integrity Checksum Changed","5","750"
"Sep 14, 2026 @ 10:34:51.436","Cyber-Window-cilent",["T1565.001","T1112"],["Impact","Defense Evasion"],"Registry Value Integrity Checksum Changed","5","750"
"Sep 14, 2026 @ 10:34:51.419","Cyber-Window-cilent",["T1565.001","T1112"],["Impact","Defense Evasion"],"Registry Value Integrity Checksum Changed","5","750"
"Sep 14, 2026 @ 10:34:51.418","Cyber-Window-cilent",["T1565.001","T1112"],["Impact","Defense Evasion"],"Registry Key Integrity Checksum Changed","5","594"
"Sep 14, 2026 @ 10:34:51.418","Cyber-Window-cilent",["T1565.001","T1112"],["Impact","Defense Evasion"],"Registry Value Integrity Checksum Changed","5","750"
"Sep 14, 2026 @ 10:34:51.391","Cyber-Window-cilent",["T1565.001","T1112"],["Impact","Defense Evasion"],"Registry Key Integrity Checksum Changed","5","594"
"Sep 14, 2026 @ 10:34:31.655","Cyber-DC",["T1078"],["Defense Evasion","Persistence","Privilege Escalation","Initial Access"],"Windows Logon Success","3","60106"
"Sep 14, 2026 @ 10:34:17.184","Cyber-DC",["T1565.001","T1112"],["Impact","Defense Evasion"],"Registry Value Integrity Checksum Changed","5","750"
"Sep 14, 2026 @ 10:34:17.169","Cyber-DC",["T1565.001","T1112"],["Impact","Defense Evasion"],"Registry Value Integrity Checksum Changed","5","750"
"Sep 14, 2026 @ 10:34:17.166","Cyber-DC",["T1565.001","T1112"],["Impact","Defense Evasion"],"Registry Value Integrity Checksum Changed","5","750"
"Sep 14, 2026 @ 10:34:17.165","Cyber-DC",["T1565.001","T1112"],["Impact","Defense Evasion"],"Registry Key Integrity Checksum Changed","5","594"
"Sep 14, 2026 @ 10:34:17.159","Cyber-DC",["T1565.001","T1112"],["Impact","Defense Evasion"],"Registry Value Integrity Checksum Changed","5","750"
"Sep 14, 2026 @ 10:34:17.159","Cyber-DC",["T1565.001","T1112"],["Impact","Defense Evasion"],"Registry Key Integrity Checksum Changed","5","594"
"Sep 14, 2026 @ 10:34:12.232","Cyber-DC",["T1565.001","T1112"],["Impact","Defense Evasion"],"Registry Key Integrity Checksum Changed","5","594"
"Sep 14, 2026 @ 10:33:45.892","Cyber-DC",["T1078"],["Defense Evasion","Persistence","Privilege Escalation","Initial Access"],"Windows Logon Success","3","60106"
"Sep 14, 2026 @ 10:33:45.869","Cyber-DC",["T1078"],["Defense Evasion","Persistence","Privilege Escalation","Initial Access"],"Windows Logon Success","3","60106"
"Sep 14, 2026 @ 10:33:45.865","Cyber-DC",["T1078"],["Defense Evasion","Persistence","Privilege Escalation","Initial Access"],"Windows Logon Success","3","60106"
"Sep 14, 2026 @ 10:33:45.862","Cyber-DC",["T1078"],["Defense Evasion","Persistence","Privilege Escalation","Initial Access"],"Windows Logon Success","3","60106"
"Sep 14, 2026 @ 10:33:33.536","Cyber-DC",["T1078"],["Defense Evasion","Persistence","Privilege Escalation","Initial Access"],"Windows Logon Success","3","60106"
"Sep 14, 2026 @ 10:33:33.530","Cyber-DC",["T1078"],["Defense Evasion","Persistence","Privilege Escalation","Initial Access"],"Windows Logon Success","3","60106"
"Sep 14, 2026 @ 10:33:31.633","Cyber-DC",["T1078"],["Defense Evasion","Persistence","Privilege Escalation","Initial Access"],"Windows Logon Success","3","60106"
"Sep 14, 2026 @ 10:33:28.260","Cyber-Window-cilent",["T1112"],["Defense Evasion"],"Registry Value Entry Added to the System","5","752"
"Sep 14, 2026 @ 10:33:28.254","Cyber-Window-cilent",["T1565.001","T1112"],["Impact","Defense Evasion"],"Registry Value Integrity Checksum Changed","5","750"
"Sep 14, 2026 @ 10:33:28.250","Cyber-Window-cilent",["T1565.001","T1112"],["Impact","Defense Evasion"],"Registry Key Integrity Checksum Changed","5","594"
"Sep 14, 2026 @ 10:33:28.250","Cyber-Window-cilent",["T1565.001","T1112"],["Impact","Defense Evasion"],"Registry Value Integrity Checksum Changed","5","750"
"Sep 14, 2026 @ 10:33:27.254","Cyber-Window-cilent",["T1565.001","T1112"],["Impact","Defense Evasion"],"Registry Key Integrity Checksum Changed","5","594"
"Sep 14, 2026 @ 10:33:27.254","Cyber-Window-cilent",["T1565.001","T1112"],["Impact","Defense Evasion"],"Registry Value Integrity Checksum Changed","5","750"
"Sep 14, 2026 @ 10:33:27.236","Cyber-Window-cilent",["T1112"],["Defense Evasion"],"Registry Value Entry Added to the System","5","752"
"Sep 14, 2026 @ 10:33:27.234","Cyber-Window-cilent",["T1565.001","T1112"],["Impact","Defense Evasion"],"Registry Value Integrity Checksum Changed","5","750"
"Sep 14, 2026 @ 10:33:27.234","Cyber-Window-cilent",["T1565.001","T1112"],["Impact","Defense Evasion"],"Registry Key Integrity Checksum Changed","5","594"
"Sep 14, 2026 @ 10:33:25.347","Cyber-DC",["T1484"],["Defense Evasion","Privilege Escalation"],"Special privileges assigned to new logon.","3","67028"
"Sep 14, 2026 @ 10:33:25.347","Cyber-DC",["T1078"],["Defense Evasion","Persistence","Privilege Escalation","Initial Access"],"Windows Logon Success","3","60106"
"Sep 14, 2026 @ 10:33:25.341","Cyber-DC",["T1484"],["Defense Evasion","Privilege Escalation"],"Special privileges assigned to new logon.","3","67028"
"Sep 14, 2026 @ 10:33:25.324","Cyber-Window-cilent",["T1078"],["Defense Evasion","Persistence","Privilege Escalation","Initial Access"],"Windows Logon Success","3","60106"
"Sep 14, 2026 @ 10:33:25.297","Cyber-Window-cilent",["T1484"],["Defense Evasion","Privilege Escalation"],"Special privileges assigned to new logon.","3","67028"
"Sep 14, 2026 @ 10:33:06.880","Cyber-DC",["T1565.001","T1112"],["Impact","Defense Evasion"],"Registry Value Integrity Checksum Changed","5","750"
"Sep 14, 2026 @ 10:33:06.839","Cyber-DC",["T1565.001","T1112"],["Impact","Defense Evasion"],"Registry Key Integrity Checksum Changed","5","594"
"Sep 14, 2026 @ 10:32:31.613","Cyber-DC",["T1078"],["Defense Evasion","Persistence","Privilege Escalation","Initial Access"],"Windows Logon Success","3","60106"
"Sep 14, 2026 @ 10:31:44.669","Cyber-DC",["T1565.001","T1112"],["Impact","Defense Evasion"],"Registry Value Integrity Checksum Changed","5","750"
"Sep 14, 2026 @ 10:31:44.627","Cyber-DC",["T1565.001","T1112"],["Impact","Defense Evasion"],"Registry Key Integrity Checksum Changed","5","594"
"Sep 14, 2026 @ 10:31:31.590","Cyber-DC",["T1078"],["Defense Evasion","Persistence","Privilege Escalation","Initial Access"],"Windows Logon Success","3","60106"
"Sep 14, 2026 @ 10:30:52.952","Cyber-Window-cilent",["T1565.001","T1112"],["Impact","Defense Evasion"],"Registry Value Integrity Checksum Changed","5","750"
"Sep 14, 2026 @ 10:30:52.937","Cyber-Window-cilent",["T1565.001","T1112"],["Impact","Defense Evasion"],"Registry Value Integrity Checksum Changed","5","750"
"Sep 14, 2026 @ 10:30:52.937","Cyber-Window-cilent",["T1565.001","T1112"],["Impact","Defense Evasion"],"Registry Value Integrity Checksum Changed","5","750"
"Sep 14, 2026 @ 10:30:52.920","Cyber-Window-cilent",["T1565.001","T1112"],["Impact","Defense Evasion"],"Registry Value Integrity Checksum Changed","5","750"
"Sep 14, 2026 @ 10:30:52.904","Cyber-Window-cilent",["T1565.001","T1112"],["Impact","Defense Evasion"],"Registry Key Integrity Checksum Changed","5","594"
"Sep 14, 2026 @ 10:30:52.904","Cyber-Window-cilent",["T1565.001","T1112"],["Impact","Defense Evasion"],"Registry Value Integrity Checksum Changed","5","750"
"Sep 14, 2026 @ 10:30:52.897","Cyber-Window-cilent",["T1565.001","T1112"],["Impact","Defense Evasion"],"Registry Value Integrity Checksum Changed","5","750"
"Sep 14, 2026 @ 10:30:52.896","Cyber-Window-cilent",["T1565.001","T1112"],["Impact","Defense Evasion"],"Registry Key Integrity Checksum Changed","5","594"
"Sep 14, 2026 @ 10:30:47.068","Cyber-Window-cilent",["T1565.001","T1112"],["Impact","Defense Evasion"],"Registry Value Integrity Checksum Changed","5","750"
"Sep 14, 2026 @ 10:30:47.067","Cyber-Window-cilent",["T1565.001","T1112"],["Impact","Defense Evasion"],"Registry Key Integrity Checksum Changed","5","594"
"Sep 14, 2026 @ 10:30:31.576","Cyber-DC",["T1078"],["Defense Evasion","Persistence","Privilege Escalation","Initial Access"],"Windows Logon Success","3","60106"
"Sep 14, 2026 @ 10:30:29.571","Cyber-DC",["T1565.001","T1112"],["Impact","Defense Evasion"],"Registry Value Integrity Checksum Changed","5","750"
"Sep 14, 2026 @ 10:30:29.570","Cyber-DC",["T1565.001","T1112"],["Impact","Defense Evasion"],"Registry Key Integrity Checksum Changed","5","594"
"Sep 14, 2026 @ 10:29:55.936","Cyber-Window-cilent",["T1078"],["Defense Evasion","Persistence","Privilege Escalation","Initial Access"],"Windows Logon Success","3","60106"
"Sep 14, 2026 @ 10:29:42.788","Cyber-Window-cilent",["T1565.001","T1112"],["Impact","Defense Evasion"],"Registry Value Integrity Checksum Changed","5","750"
"Sep 14, 2026 @ 10:29:42.746","Cyber-Window-cilent",["T1565.001","T1112"],["Impact","Defense Evasion"],"Registry Value Integrity Checksum Changed","5","750"
"Sep 14, 2026 @ 10:29:42.732","Cyber-Window-cilent",["T1565.001","T1112"],["Impact","Defense Evasion"],"Registry Value Integrity Checksum Changed","5","750"
"Sep 14, 2026 @ 10:29:42.731","Cyber-Window-cilent",["T1565.001","T1112"],["Impact","Defense Evasion"],"Registry Key Integrity Checksum Changed","5","594"
"Sep 14, 2026 @ 10:29:42.731","Cyber-Window-cilent",["T1565.001","T1112"],["Impact","Defense Evasion"],"Registry Value Integrity Checksum Changed","5","750"
"Sep 14, 2026 @ 10:29:42.713","Cyber-Window-cilent",["T1565.001","T1112"],["Impact","Defense Evasion"],"Registry Key Integrity Checksum Changed","5","594"
"Sep 14, 2026 @ 10:29:30.610","Cyber-DC",["T1078"],["Defense Evasion","Persistence","Privilege Escalation","Initial Access"],"Windows Logon Success","3","60106"
"Sep 14, 2026 @ 10:29:12.497","Cyber-DC",["T1565.001","T1112"],["Impact","Defense Evasion"],"Registry Key Integrity Checksum Changed","5","594"
"Sep 14, 2026 @ 10:28:45.812","Cyber-DC",["T1078"],["Defense Evasion","Persistence","Privilege Escalation","Initial Access"],"Windows Logon Success","3","60106"
"Sep 14, 2026 @ 10:28:45.789","Cyber-DC",["T1078"],["Defense Evasion","Persistence","Privilege Escalation","Initial Access"],"Windows Logon Success","3","60106"
"Sep 14, 2026 @ 10:28:45.786","Cyber-DC",["T1078"],["Defense Evasion","Persistence","Privilege Escalation","Initial Access"],"Windows Logon Success","3","60106"
"Sep 14, 2026 @ 10:28:45.782","Cyber-DC",["T1078"],["Defense Evasion","Persistence","Privilege Escalation","Initial Access"],"Windows Logon Success","3","60106"
"Sep 14, 2026 @ 10:28:44.332","Cyber-DC",["T1078"],["Defense Evasion","Persistence","Privilege Escalation","Initial Access"],"Windows Logon Success","3","60106"
"Sep 14, 2026 @ 10:28:33.477","Cyber-DC",["T1078"],["Defense Evasion","Persistence","Privilege Escalation","Initial Access"],"Windows Logon Success","3","60106"
"Sep 14, 2026 @ 10:28:33.470","Cyber-DC",["T1078"],["Defense Evasion","Persistence","Privilege Escalation","Initial Access"],"Windows Logon Success","3","60106"
"Sep 14, 2026 @ 10:28:31.631","Cyber-DC",["T1078"],["Defense Evasion","Persistence","Privilege Escalation","Initial Access"],"Windows Logon Success","3","60106"
"Sep 14, 2026 @ 10:28:26.588","Cyber-Window-cilent",["T1565.001","T1112"],["Impact","Defense Evasion"],"Registry Value Integrity Checksum Changed","5","750"
"Sep 14, 2026 @ 10:28:26.587","Cyber-Window-cilent",["T1565.001","T1112"],["Impact","Defense Evasion"],"Registry Key Integrity Checksum Changed","5","594"
"Sep 14, 2026 @ 10:28:26.586","Cyber-Window-cilent",["T1565.001","T1112"],["Impact","Defense Evasion"],"Registry Value Integrity Checksum Changed","5","750"
"Sep 14, 2026 @ 10:28:26.577","Cyber-Window-cilent",["T1565.001","T1112"],["Impact","Defense Evasion"],"Registry Key Integrity Checksum Changed","5","594"
"Sep 14, 2026 @ 10:27:31.615","Cyber-DC",["T1078"],["Defense Evasion","Persistence","Privilege Escalation","Initial Access"],"Windows Logon Success","3","60106"
"Sep 14, 2026 @ 10:27:08.426","Cyber-Window-cilent",["T1565.001","T1112"],["Impact","Defense Evasion"],"Registry Value Integrity Checksum Changed","5","750"
"Sep 14, 2026 @ 10:27:08.426","Cyber-Window-cilent",["T1565.001","T1112"],["Impact","Defense Evasion"],"Registry Value Integrity Checksum Changed","5","750"
"Sep 14, 2026 @ 10:27:08.383","Cyber-Window-cilent",["T1565.001","T1112"],["Impact","Defense Evasion"],"Registry Key Integrity Checksum Changed","5","594"
"Sep 14, 2026 @ 10:26:31.537","Cyber-DC",["T1078"],["Defense Evasion","Persistence","Privilege Escalation","Initial Access"],"Windows Logon Success","3","60106"
"Sep 14, 2026 @ 10:25:48.383","Cyber-Window-cilent",["T1565.001","T1112"],["Impact","Defense Evasion"],"Registry Value Integrity Checksum Changed","5","750"
"Sep 14, 2026 @ 10:25:48.340","Cyber-Window-cilent",["T1565.001","T1112"],["Impact","Defense Evasion"],"Registry Key Integrity Checksum Changed","5","594"
"Sep 14, 2026 @ 10:25:36.638","Cyber-DC",["T1078"],["Defense Evasion","Persistence","Privilege Escalation","Initial Access"],"Windows Logon Success","3","60106"
"Sep 14, 2026 @ 10:25:31.581","Cyber-DC",["T1078"],["Defense Evasion","Persistence","Privilege Escalation","Initial Access"],"Windows Logon Success","3","60106"
"Sep 14, 2026 @ 10:24:39.447","Cyber-Window-cilent",["T1565.001","T1112"],["Impact","Defense Evasion"],"Registry Value Integrity Checksum Changed","5","750"
"Sep 14, 2026 @ 10:24:39.401","Cyber-Window-cilent",["T1565.001","T1112"],["Impact","Defense Evasion"],"Registry Value Integrity Checksum Changed","5","750"
"Sep 14, 2026 @ 10:24:39.386","Cyber-Window-cilent",["T1565.001","T1112"],["Impact","Defense Evasion"],"Registry Key Integrity Checksum Changed","5","594"
"Sep 14, 2026 @ 10:24:39.386","Cyber-Window-cilent",["T1565.001","T1112"],["Impact","Defense Evasion"],"Registry Value Integrity Checksum Changed","5","750"
"Sep 14, 2026 @ 10:24:39.385","Cyber-Window-cilent",["T1565.001","T1112"],["Impact","Defense Evasion"],"Registry Value Integrity Checksum Changed","5","750"
"Sep 14, 2026 @ 10:24:39.356","Cyber-Window-cilent",["T1565.001","T1112"],["Impact","Defense Evasion"],"Registry Key Integrity Checksum Changed","5","594"
"Sep 14, 2026 @ 10:24:31.527","Cyber-DC",["T1078"],["Defense Evasion","Persistence","Privilege Escalation","Initial Access"],"Windows Logon Success","3","60106"
"Sep 14, 2026 @ 10:24:18.980","Cyber-DC",["T1565.001","T1112"],["Impact","Defense Evasion"],"Registry Key Integrity Checksum Changed","5","594"
"Sep 14, 2026 @ 10:23:45.710","Cyber-DC",["T1078"],["Defense Evasion","Persistence","Privilege Escalation","Initial Access"],"Windows Logon Success","3","60106"
"Sep 14, 2026 @ 10:23:45.698","Cyber-DC",["T1078"],["Defense Evasion","Persistence","Privilege Escalation","Initial Access"],"Windows Logon Success","3","60106"
"Sep 14, 2026 @ 10:23:45.693","Cyber-DC",["T1078"],["Defense Evasion","Persistence","Privilege Escalation","Initial Access"],"Windows Logon Success","3","60106"
"Sep 14, 2026 @ 10:23:45.689","Cyber-DC",["T1078"],["Defense Evasion","Persistence","Privilege Escalation","Initial Access"],"Windows Logon Success","3","60106"
"Sep 14, 2026 @ 10:23:33.168","Cyber-DC",["T1078"],["Defense Evasion","Persistence","Privilege Escalation","Initial Access"],"Windows Logon Success","3","60106"
"Sep 14, 2026 @ 10:23:33.162","Cyber-DC",["T1078"],["Defense Evasion","Persistence","Privilege Escalation","Initial Access"],"Windows Logon Success","3","60106"
"Sep 14, 2026 @ 10:23:31.662","Cyber-DC",["T1078"],["Defense Evasion","Persistence","Privilege Escalation","Initial Access"],"Windows Logon Success","3","60106"
"Sep 14, 2026 @ 10:23:14.586","Cyber-Window-cilent",["T1565.001","T1112"],["Impact","Defense Evasion"],"Registry Value Integrity Checksum Changed","5","750"
"Sep 14, 2026 @ 10:23:14.543","Cyber-Window-cilent",["T1565.001","T1112"],["Impact","Defense Evasion"],"Registry Key Integrity Checksum Changed","5","594"
"Sep 14, 2026 @ 10:22:31.512","Cyber-DC",["T1078"],["Defense Evasion","Persistence","Privilege Escalation","Initial Access"],"Windows Logon Success","3","60106"
"Sep 14, 2026 @ 10:21:31.510","Cyber-DC",["T1078"],["Defense Evasion","Persistence","Privilege Escalation","Initial Access"],"Windows Logon Success","3","60106"
"Sep 14, 2026 @ 10:21:01.859","Cyber-Window-cilent",["T1078"],["Defense Evasion","Persistence","Privilege Escalation","Initial Access"],"Windows Logon Success","3","60106"
"Sep 14, 2026 @ 10:20:31.666","Cyber-DC",["T1078"],["Defense Evasion","Persistence","Privilege Escalation","Initial Access"],"Windows Logon Success","3","60106"
"Sep 14, 2026 @ 10:19:33.585","Cyber-DC",["T1078"],["Defense Evasion","Persistence","Privilege Escalation","Initial Access"],"Windows Logon Success","3","60106"
"Sep 14, 2026 @ 10:19:33.059","Cyber-Window-cilent",["T1565.001","T1112"],["Impact","Defense Evasion"],"Registry Value Integrity Checksum Changed","5","750"
"Sep 14, 2026 @ 10:19:33.044","Cyber-Window-cilent",["T1565.001","T1112"],["Impact","Defense Evasion"],"Registry Value Integrity Checksum Changed","5","750"
"Sep 14, 2026 @ 10:19:33.028","Cyber-Window-cilent",["T1565.001","T1112"],["Impact","Defense Evasion"],"Registry Value Integrity Checksum Changed","5","750"
"Sep 14, 2026 @ 10:19:33.011","Cyber-Window-cilent",["T1565.001","T1112"],["Impact","Defense Evasion"],"Registry Key Integrity Checksum Changed","5","594"
"Sep 14, 2026 @ 10:19:32.996","Cyber-Window-cilent",["T1565.001","T1112"],["Impact","Defense Evasion"],"Registry Value Integrity Checksum Changed","5","750"
"Sep 14, 2026 @ 10:19:32.995","Cyber-Window-cilent",["T1565.001","T1112"],["Impact","Defense Evasion"],"Registry Key Integrity Checksum Changed","5","594"
"Sep 14, 2026 @ 10:19:32.174","Cyber-Window-cilent",["T1112"],["Defense Evasion"],"Registry Value Entry Added to the System","5","752"
"Sep 14, 2026 @ 10:19:32.132","Cyber-Window-cilent",["T1565.001","T1112"],["Impact","Defense Evasion"],"Registry Key Integrity Checksum Changed","5","594"
"Sep 14, 2026 @ 10:19:31.478","Cyber-DC",["T1078"],["Defense Evasion","Persistence","Privilege Escalation","Initial Access"],"Windows Logon Success","3","60106"
"Sep 14, 2026 @ 10:19:23.378","Cyber-DC",["T1565.001","T1112"],["Impact","Defense Evasion"],"Registry Key Integrity Checksum Changed","5","594"
"Sep 14, 2026 @ 10:18:45.776","Cyber-DC",["T1078"],["Defense Evasion","Persistence","Privilege Escalation","Initial Access"],"Windows Logon Success","3","60106"
"Sep 14, 2026 @ 10:18:45.680","Cyber-DC",["T1078"],["Defense Evasion","Persistence","Privilege Escalation","Initial Access"],"Windows Logon Success","3","60106"
"Sep 14, 2026 @ 10:18:45.656","Cyber-DC",["T1078"],["Defense Evasion","Persistence","Privilege Escalation","Initial Access"],"Windows Logon Success","3","60106"
"Sep 14, 2026 @ 10:18:45.653","Cyber-DC",["T1078"],["Defense Evasion","Persistence","Privilege Escalation","Initial Access"],"Windows Logon Success","3","60106"
"Sep 14, 2026 @ 10:18:44.166","Cyber-DC",["T1078"],["Defense Evasion","Persistence","Privilege Escalation","Initial Access"],"Windows Logon Success","3","60106"
"Sep 14, 2026 @ 10:18:33.764","Cyber-DC",["T1565.001","T1112"],["Impact","Defense Evasion"],"Registry Value Integrity Checksum Changed","5","750"
"Sep 14, 2026 @ 10:18:33.763","Cyber-DC",["T1565.001","T1112"],["Impact","Defense Evasion"],"Registry Key Integrity Checksum Changed","5","594"
"Sep 14, 2026 @ 10:18:31.579","Cyber-DC",["T1078"],["Defense Evasion","Persistence","Privilege Escalation","Initial Access"],"Windows Logon Success","3","60106"
"Sep 14, 2026 @ 10:18:31.562","Cyber-DC",["T1078"],["Defense Evasion","Persistence","Privilege Escalation","Initial Access"],"Windows Logon Success","3","60106"
"Sep 14, 2026 @ 10:18:31.551","Cyber-DC",["T1078"],["Defense Evasion","Persistence","Privilege Escalation","Initial Access"],"Windows Logon Success","3","60106"
"Sep 14, 2026 @ 10:18:10.571","Cyber-Window-cilent",["T1565.001","T1112"],["Impact","Defense Evasion"],"Registry Value Integrity Checksum Changed","5","750"
"Sep 14, 2026 @ 10:18:10.571","Cyber-Window-cilent",["T1565.001","T1112"],["Impact","Defense Evasion"],"Registry Value Integrity Checksum Changed","5","750"
"Sep 14, 2026 @ 10:18:10.525","Cyber-Window-cilent",["T1565.001","T1112"],["Impact","Defense Evasion"],"Registry Key Integrity Checksum Changed","5","594"
"Sep 14, 2026 @ 10:17:59.563","Cyber-Window-cilent",["T1078"],["Defense Evasion","Persistence","Privilege Escalation","Initial Access"],"Windows Logon Success","3","60106"
"Sep 14, 2026 @ 10:17:59.562","Cyber-Window-cilent",["T1078"],["Defense Evasion","Persistence","Privilege Escalation","Initial Access"],"Windows Logon Success","3","60106"
"Sep 14, 2026 @ 10:17:59.557","Cyber-Window-cilent",["T1078"],["Defense Evasion","Persistence","Privilege Escalation","Initial Access"],"Windows Logon Success","3","60106"
"Sep 14, 2026 @ 10:17:31.488","Cyber-DC",["T1078"],["Defense Evasion","Persistence","Privilege Escalation","Initial Access"],"Windows Logon Success","3","60106"
"Sep 14, 2026 @ 10:16:31.467","Cyber-DC",["T1078"],["Defense Evasion","Persistence","Privilege Escalation","Initial Access"],"Windows Logon Success","3","60106"
"Sep 14, 2026 @ 10:15:37.496","Cyber-DC",["T1565.001","T1112"],["Impact","Defense Evasion"],"Registry Value Integrity Checksum Changed","5","750"
"Sep 14, 2026 @ 10:15:37.496","Cyber-DC",["T1565.001","T1112"],["Impact","Defense Evasion"],"Registry Key Integrity Checksum Changed","5","594"
"Sep 14, 2026 @ 10:15:36.673","Cyber-DC",["T1078"],["Defense Evasion","Persistence","Privilege Escalation","Initial Access"],"Windows Logon Success","3","60106"
"Sep 14, 2026 @ 10:15:31.494","Cyber-DC",["T1078"],["Defense Evasion","Persistence","Privilege Escalation","Initial Access"],"Windows Logon Success","3","60106"
"Sep 14, 2026 @ 10:14:28.403","Cyber-Window-cilent",["T1565.001","T1112"],["Impact","Defense Evasion"],"Registry Value Integrity Checksum Changed","5","750"
"Sep 14, 2026 @ 10:14:28.354","Cyber-Window-cilent",["T1565.001","T1112"],["Impact","Defense Evasion"],"Registry Value Integrity Checksum Changed","5","750"
"Sep 14, 2026 @ 10:14:28.341","Cyber-Window-cilent",["T1565.001","T1112"],["Impact","Defense Evasion"],"Registry Value Integrity Checksum Changed","5","750"
"Sep 14, 2026 @ 10:14:28.338","Cyber-Window-cilent",["T1565.001","T1112"],["Impact","Defense Evasion"],"Registry Key Integrity Checksum Changed","5","594"
"Sep 14, 2026 @ 10:14:28.338","Cyber-Window-cilent",["T1565.001","T1112"],["Impact","Defense Evasion"],"Registry Value Integrity Checksum Changed","5","750"
"Sep 14, 2026 @ 10:14:28.306","Cyber-Window-cilent",["T1565.001","T1112"],["Impact","Defense Evasion"],"Registry Key Integrity Checksum Changed","5","594"
"Sep 14, 2026 @ 10:13:51.841","Cyber-DC",["T1078"],["Defense Evasion","Persistence","Privilege Escalation","Initial Access"],"Windows Logon Success","3","60106"
"Sep 14, 2026 @ 10:13:45.601","Cyber-DC",["T1078"],["Defense Evasion","Persistence","Privilege Escalation","Initial Access"],"Windows Logon Success","3","60106"
"Sep 14, 2026 @ 10:13:45.560","Cyber-DC",["T1078"],["Defense Evasion","Persistence","Privilege Escalation","Initial Access"],"Windows Logon Success","3","60106"
"Sep 14, 2026 @ 10:13:45.557","Cyber-DC",["T1078"],["Defense Evasion","Persistence","Privilege Escalation","Initial Access"],"Windows Logon Success","3","60106"
"Sep 14, 2026 @ 10:13:45.552","Cyber-DC",["T1078"],["Defense Evasion","Persistence","Privilege Escalation","Initial Access"],"Windows Logon Success","3","60106"
"Sep 14, 2026 @ 10:13:42.955","Cyber-DC",["T1565.001","T1112"],["Impact","Defense Evasion"],"Registry Key Integrity Checksum Changed","5","594"
"Sep 14, 2026 @ 10:13:32.123","Cyber-DC",["T1078"],["Defense Evasion","Persistence","Privilege Escalation","Initial Access"],"Windows Logon Success","3","60106"
"Sep 14, 2026 @ 10:13:32.114","Cyber-DC",["T1078"],["Defense Evasion","Persistence","Privilege Escalation","Initial Access"],"Windows Logon Success","3","60106"
"Sep 14, 2026 @ 10:13:06.208","Cyber-Window-cilent",["T1565.001","T1112"],["Impact","Defense Evasion"],"Registry Value Integrity Checksum Changed","5","750"
"Sep 14, 2026 @ 10:13:06.160","Cyber-Window-cilent",["T1565.001","T1112"],["Impact","Defense Evasion"],"Registry Value Integrity Checksum Changed","5","750"
"Sep 14, 2026 @ 10:13:06.151","Cyber-Window-cilent",["T1565.001","T1112"],["Impact","Defense Evasion"],"Registry Value Integrity Checksum Changed","5","750"
"Sep 14, 2026 @ 10:13:06.146","Cyber-Window-cilent",["T1565.001","T1112"],["Impact","Defense Evasion"],"Registry Key Integrity Checksum Changed","5","594"
"Sep 14, 2026 @ 10:13:06.145","Cyber-Window-cilent",["T1565.001","T1112"],["Impact","Defense Evasion"],"Registry Value Integrity Checksum Changed","5","750"
"Sep 14, 2026 @ 10:13:06.112","Cyber-Window-cilent",["T1565.001","T1112"],["Impact","Defense Evasion"],"Registry Key Integrity Checksum Changed","5","594"
"Sep 14, 2026 @ 10:12:59.708","Cyber-Window-cilent",["T1565.001","T1112"],["Impact","Defense Evasion"],"Registry Key Integrity Checksum Changed","5","594"
"Sep 14, 2026 @ 10:12:59.708","Cyber-Window-cilent",["T1565.001","T1112"],["Impact","Defense Evasion"],"Registry Value Integrity Checksum Changed","5","750"
"Sep 14, 2026 @ 10:12:57.031","Cyber-Window-cilent",["T1078"],["Defense Evasion","Persistence","Privilege Escalation","Initial Access"],"Windows Logon Success","3","60106"
"Sep 14, 2026 @ 10:12:55.710","Cyber-Window-cilent",["T1078"],["Defense Evasion","Persistence","Privilege Escalation","Initial Access"],"Windows Logon Success","3","60106"
"Sep 14, 2026 @ 10:12:55.618","Cyber-Window-cilent",["T1078"],["Defense Evasion","Persistence","Privilege Escalation","Initial Access"],"Windows Logon Success","3","60106"
"Sep 14, 2026 @ 10:12:51.704","Cyber-DC",["T1078"],["Defense Evasion","Persistence","Privilege Escalation","Initial Access"],"Windows Logon Success","3","60106"
"Sep 14, 2026 @ 10:12:47.970","Cyber-Window-cilent",["T1078"],["Defense Evasion","Persistence","Privilege Escalation","Initial Access"],"Windows Logon Success","3","60106"
"Sep 14, 2026 @ 10:12:47.964","Cyber-Window-cilent",["T1078"],["Defense Evasion","Persistence","Privilege Escalation","Initial Access"],"Windows Logon Success","3","60106"
"Sep 14, 2026 @ 10:12:47.959","Cyber-Window-cilent",["T1078"],["Defense Evasion","Persistence","Privilege Escalation","Initial Access"],"Windows Logon Success","3","60106"
"Sep 14, 2026 @ 10:11:51.690","Cyber-DC",["T1078"],["Defense Evasion","Persistence","Privilege Escalation","Initial Access"],"Windows Logon Success","3","60106"
"Sep 14, 2026 @ 10:10:51.584","Cyber-DC",["T1078"],["Defense Evasion","Persistence","Privilege Escalation","Initial Access"],"Windows Logon Success","3","60106"
"Sep 14, 2026 @ 10:10:33.914","Cyber-Window-cilent",["T1565.001","T1112"],["Impact","Defense Evasion"],"Registry Value Integrity Checksum Changed","5","750"
"Sep 14, 2026 @ 10:10:32.953","Cyber-Window-cilent",["T1565.001","T1112"],["Impact","Defense Evasion"],"Registry Value Integrity Checksum Changed","5","750"
"Sep 14, 2026 @ 10:10:32.953","Cyber-Window-cilent",["T1565.001","T1112"],["Impact","Defense Evasion"],"Registry Key Integrity Checksum Changed","5","594"
"Sep 14, 2026 @ 10:10:32.909","Cyber-Window-cilent",["T1565.001","T1112"],["Impact","Defense Evasion"],"Registry Key Integrity Checksum Changed","5","594"
"Sep 14, 2026 @ 10:09:51.552","Cyber-DC",["T1078"],["Defense Evasion","Persistence","Privilege Escalation","Initial Access"],"Windows Logon Success","3","60106"
"Sep 14, 2026 @ 10:09:47.428","Cyber-DC",["T1078"],["Defense Evasion","Persistence","Privilege Escalation","Initial Access"],"Windows Logon Success","3","60106"
"Sep 14, 2026 @ 10:09:47.423","Cyber-DC",["T1078"],["Defense Evasion","Persistence","Privilege Escalation","Initial Access"],"Windows Logon Success","3","60106"
"Sep 14, 2026 @ 10:09:11.197","Cyber-Window-cilent",["T1565.001","T1112"],["Impact","Defense Evasion"],"Registry Value Integrity Checksum Changed","5","750"
"Sep 14, 2026 @ 10:09:11.153","Cyber-Window-cilent",["T1565.001","T1112"],["Impact","Defense Evasion"],"Registry Value Integrity Checksum Changed","5","750"
"Sep 14, 2026 @ 10:09:11.151","Cyber-Window-cilent",["T1565.001","T1112"],["Impact","Defense Evasion"],"Registry Value Integrity Checksum Changed","5","750"
"Sep 14, 2026 @ 10:09:11.151","Cyber-Window-cilent",["T1565.001","T1112"],["Impact","Defense Evasion"],"Registry Value Integrity Checksum Changed","5","750"
"Sep 14, 2026 @ 10:09:11.151","Cyber-Window-cilent",["T1565.001","T1112"],["Impact","Defense Evasion"],"Registry Key Integrity Checksum Changed","5","594"
"Sep 14, 2026 @ 10:09:11.144","Cyber-Window-cilent",["T1565.001","T1112"],["Impact","Defense Evasion"],"Registry Key Integrity Checksum Changed","5","594"
"Sep 14, 2026 @ 10:08:52.097","Cyber-DC",["T1565.001","T1112"],["Impact","Defense Evasion"],"Registry Key Integrity Checksum Changed","5","594"
"Sep 14, 2026 @ 10:08:51.712","Cyber-DC",["T1078"],["Defense Evasion","Persistence","Privilege Escalation","Initial Access"],"Windows Logon Success","3","60106"
"Sep 14, 2026 @ 10:08:45.509","Cyber-DC",["T1078"],["Defense Evasion","Persistence","Privilege Escalation","Initial Access"],"Windows Logon Success","3","60106"
"Sep 14, 2026 @ 10:08:45.500","Cyber-DC",["T1078"],["Defense Evasion","Persistence","Privilege Escalation","Initial Access"],"Windows Logon Success","3","60106"
"Sep 14, 2026 @ 10:08:45.492","Cyber-DC",["T1078"],["Defense Evasion","Persistence","Privilege Escalation","Initial Access"],"Windows Logon Success","3","60106"
"Sep 14, 2026 @ 10:08:45.488","Cyber-DC",["T1078"],["Defense Evasion","Persistence","Privilege Escalation","Initial Access"],"Windows Logon Success","3","60106"
"Sep 14, 2026 @ 10:08:44.156","Cyber-DC",["T1078"],["Defense Evasion","Persistence","Privilege Escalation","Initial Access"],"Windows Logon Success","3","60106"
"Sep 14, 2026 @ 10:08:31.215","Cyber-DC",["T1078"],["Defense Evasion","Persistence","Privilege Escalation","Initial Access"],"Windows Logon Success","3","60106"
"Sep 14, 2026 @ 10:08:31.210","Cyber-DC",["T1078"],["Defense Evasion","Persistence","Privilege Escalation","Initial Access"],"Windows Logon Success","3","60106"
"Sep 14, 2026 @ 10:07:51.551","Cyber-DC",["T1078"],["Defense Evasion","Persistence","Privilege Escalation","Initial Access"],"Windows Logon Success","3","60106"
"Sep 14, 2026 @ 10:06:51.533","Cyber-DC",["T1078"],["Defense Evasion","Persistence","Privilege Escalation","Initial Access"],"Windows Logon Success","3","60106"
"Sep 14, 2026 @ 10:06:01.754","Cyber-Window-cilent",["T1078"],["Defense Evasion","Persistence","Privilege Escalation","Initial Access"],"Windows Logon Success","3","60106"
"Sep 14, 2026 @ 10:05:51.575","Cyber-DC",["T1078"],["Defense Evasion","Persistence","Privilege Escalation","Initial Access"],"Windows Logon Success","3","60106"
"Sep 14, 2026 @ 10:05:24.242","Cyber-DC",["T1565.001","T1112"],["Impact","Defense Evasion"],"Registry Value Integrity Checksum Changed","5","750"
"Sep 14, 2026 @ 10:05:24.239","Cyber-DC",["T1565.001","T1112"],["Impact","Defense Evasion"],"Registry Value Integrity Checksum Changed","5","750"
"Sep 14, 2026 @ 10:05:24.235","Cyber-DC",["T1565.001","T1112"],["Impact","Defense Evasion"],"Registry Value Integrity Checksum Changed","5","750"
"Sep 14, 2026 @ 10:05:24.233","Cyber-DC",["T1565.001","T1112"],["Impact","Defense Evasion"],"Registry Key Integrity Checksum Changed","5","594"
"Sep 14, 2026 @ 10:05:24.225","Cyber-DC",["T1565.001","T1112"],["Impact","Defense Evasion"],"Registry Value Integrity Checksum Changed","5","750"
"Sep 14, 2026 @ 10:05:23.224","Cyber-DC",["T1565.001","T1112"],["Impact","Defense Evasion"],"Registry Key Integrity Checksum Changed","5","594"
"Sep 14, 2026 @ 10:05:17.648","Cyber-DC",["T1078"],["Defense Evasion","Persistence","Privilege Escalation","Initial Access"],"Windows Logon Success","3","60106"
"Sep 14, 2026 @ 10:05:10.047","Cyber-Window-cilent",["T1565.001","T1112"],["Impact","Defense Evasion"],"Registry Value Integrity Checksum Changed","5","750"
"Sep 14, 2026 @ 10:05:10.003","Cyber-Window-cilent",["T1565.001","T1112"],["Impact","Defense Evasion"],"Registry Value Integrity Checksum Changed","5","750"
"Sep 14, 2026 @ 10:05:09.988","Cyber-Window-cilent",["T1565.001","T1112"],["Impact","Defense Evasion"],"Registry Value Integrity Checksum Changed","5","750"
"Sep 14, 2026 @ 10:05:09.988","Cyber-Window-cilent",["T1565.001","T1112"],["Impact","Defense Evasion"],"Registry Key Integrity Checksum Changed","5","594"
"Sep 14, 2026 @ 10:05:09.987","Cyber-Window-cilent",["T1565.001","T1112"],["Impact","Defense Evasion"],"Registry Value Integrity Checksum Changed","5","750"
"Sep 14, 2026 @ 10:05:09.960","Cyber-Window-cilent",["T1565.001","T1112"],["Impact","Defense Evasion"],"Registry Key Integrity Checksum Changed","5","594"
"Sep 14, 2026 @ 10:04:51.510","Cyber-DC",["T1078"],["Defense Evasion","Persistence","Privilege Escalation","Initial Access"],"Windows Logon Success","3","60106"
"Sep 14, 2026 @ 10:03:51.529","Cyber-DC",["T1078"],["Defense Evasion","Persistence","Privilege Escalation","Initial Access"],"Windows Logon Success","3","60106"
"Sep 14, 2026 @ 10:03:46.574","Cyber-DC",["T1565.001","T1112"],["Impact","Defense Evasion"],"Registry Value Integrity Checksum Changed","5","750"
"Sep 14, 2026 @ 10:03:46.560","Cyber-DC",["T1565.001","T1112"],["Impact","Defense Evasion"],"Registry Value Integrity Checksum Changed","5","750"
"Sep 14, 2026 @ 10:03:46.557","Cyber-DC",["T1565.001","T1112"],["Impact","Defense Evasion"],"Registry Value Integrity Checksum Changed","5","750"
"Sep 14, 2026 @ 10:03:46.555","Cyber-DC",["T1565.001","T1112"],["Impact","Defense Evasion"],"Registry Key Integrity Checksum Changed","5","594"
"Sep 14, 2026 @ 10:03:46.074","Cyber-DC",["T1565.001","T1112"],["Impact","Defense Evasion"],"Registry Value Integrity Checksum Changed","5","750"
"Sep 14, 2026 @ 10:03:46.074","Cyber-DC",["T1565.001","T1112"],["Impact","Defense Evasion"],"Registry Key Integrity Checksum Changed","5","594"
"Sep 14, 2026 @ 10:03:45.550","Cyber-DC",["T1078"],["Defense Evasion","Persistence","Privilege Escalation","Initial Access"],"Windows Logon Success","3","60106"
"Sep 14, 2026 @ 10:03:45.481","Cyber-DC",["T1078"],["Defense Evasion","Persistence","Privilege Escalation","Initial Access"],"Windows Logon Success","3","60106"
"Sep 14, 2026 @ 10:03:45.448","Cyber-DC",["T1078"],["Defense Evasion","Persistence","Privilege Escalation","Initial Access"],"Windows Logon Success","3","60106"
"Sep 14, 2026 @ 10:03:45.413","Cyber-DC",["T1078"],["Defense Evasion","Persistence","Privilege Escalation","Initial Access"],"Windows Logon Success","3","60106"
"Sep 14, 2026 @ 10:03:45.403","Cyber-DC",["T1078"],["Defense Evasion","Persistence","Privilege Escalation","Initial Access"],"Windows Logon Success","3","60106"
"Sep 14, 2026 @ 10:03:42.385","Cyber-DC",["T1565.001","T1112"],["Impact","Defense Evasion"],"Registry Key Integrity Checksum Changed","5","594"
"Sep 14, 2026 @ 10:03:30.399","Cyber-DC",["T1078"],["Defense Evasion","Persistence","Privilege Escalation","Initial Access"],"Windows Logon Success","3","60106"
"Sep 14, 2026 @ 10:03:30.390","Cyber-DC",["T1078"],["Defense Evasion","Persistence","Privilege Escalation","Initial Access"],"Windows Logon Success","3","60106"
"Sep 14, 2026 @ 10:03:11.343","Cyber-DC",["T1078"],["Defense Evasion","Persistence","Privilege Escalation","Initial Access"],"Windows Logon Success","3","60106"
"Sep 14, 2026 @ 10:03:11.341","Cyber-DC",["T1484"],["Defense Evasion","Privilege Escalation"],"Special privileges assigned to new logon.","3","67028"
"Sep 14, 2026 @ 10:03:11.338","Cyber-DC",["T1078"],["Defense Evasion","Persistence","Privilege Escalation","Initial Access"],"Windows Logon Success","3","60106"
"Sep 14, 2026 @ 10:03:11.337","Cyber-DC",["T1078"],["Defense Evasion","Persistence","Privilege Escalation","Initial Access"],"Windows Logon Success","3","60106"
"Sep 14, 2026 @ 10:02:51.506","Cyber-DC",["T1078"],["Defense Evasion","Persistence","Privilege Escalation","Initial Access"],"Windows Logon Success","3","60106"
"Sep 14, 2026 @ 10:02:25.992","Cyber-Window-cilent",["T1565.001","T1112"],["Impact","Defense Evasion"],"Registry Value Integrity Checksum Changed","5","750"
"Sep 14, 2026 @ 10:02:25.992","Cyber-Window-cilent",["T1565.001","T1112"],["Impact","Defense Evasion"],"Registry Value Integrity Checksum Changed","5","750"
"Sep 14, 2026 @ 10:02:25.937","Cyber-Window-cilent",["T1565.001","T1112"],["Impact","Defense Evasion"],"Registry Key Integrity Checksum Changed","5","594"
"Sep 14, 2026 @ 10:01:51.500","Cyber-DC",["T1078"],["Defense Evasion","Persistence","Privilege Escalation","Initial Access"],"Windows Logon Success","3","60106"
"Sep 14, 2026 @ 10:01:01.791","Cyber-Window-cilent",["T1078"],["Defense Evasion","Persistence","Privilege Escalation","Initial Access"],"Windows Logon Success","3","60106"
"Sep 14, 2026 @ 10:00:53.313","Cyber-Window-cilent",["T1078"],["Defense Evasion","Persistence","Privilege Escalation","Initial Access"],"Windows Logon Success","3","60106"
"Sep 14, 2026 @ 10:00:51.711","Cyber-DC",["T1078"],["Defense Evasion","Persistence","Privilege Escalation","Initial Access"],"Windows Logon Success","3","60106"
"Sep 14, 2026 @ 09:59:56.730","Cyber-Window-cilent",["T1565.001","T1112"],["Impact","Defense Evasion"],"Registry Value Integrity Checksum Changed","5","750"
"Sep 14, 2026 @ 09:59:56.688","Cyber-Window-cilent",["T1565.001","T1112"],["Impact","Defense Evasion"],"Registry Value Integrity Checksum Changed","5","750"
"Sep 14, 2026 @ 09:59:56.688","Cyber-Window-cilent",["T1565.001","T1112"],["Impact","Defense Evasion"],"Registry Value Integrity Checksum Changed","5","750"
"Sep 14, 2026 @ 09:59:56.687","Cyber-Window-cilent",["T1565.001","T1112"],["Impact","Defense Evasion"],"Registry Value Integrity Checksum Changed","5","750"
"Sep 14, 2026 @ 09:59:56.687","Cyber-Window-cilent",["T1565.001","T1112"],["Impact","Defense Evasion"],"Registry Key Integrity Checksum Changed","5","594"
"Sep 14, 2026 @ 09:59:56.663","Cyber-Window-cilent",["T1565.001","T1112"],["Impact","Defense Evasion"],"Registry Key Integrity Checksum Changed","5","594"
"Sep 14, 2026 @ 09:59:51.490","Cyber-DC",["T1078"],["Defense Evasion","Persistence","Privilege Escalation","Initial Access"],"Windows Logon Success","3","60106"
"Sep 14, 2026 @ 09:59:01.747","Cyber-DC",["T1078"],["Defense Evasion","Persistence","Privilege Escalation","Initial Access"],"Windows Logon Success","3","60106"
"Sep 14, 2026 @ 09:58:52.319","Cyber-DC",["T1565.001","T1112"],["Impact","Defense Evasion"],"Registry Key Integrity Checksum Changed","5","594"
"Sep 14, 2026 @ 09:58:51.524","Cyber-DC",["T1078"],["Defense Evasion","Persistence","Privilege Escalation","Initial Access"],"Windows Logon Success","3","60106"
"Sep 14, 2026 @ 09:58:45.519","Cyber-DC",["T1078"],["Defense Evasion","Persistence","Privilege Escalation","Initial Access"],"Windows Logon Success","3","60106"
"Sep 14, 2026 @ 09:58:45.420","Cyber-DC",["T1078"],["Defense Evasion","Persistence","Privilege Escalation","Initial Access"],"Windows Logon Success","3","60106"
"Sep 14, 2026 @ 09:58:45.400","Cyber-DC",["T1078"],["Defense Evasion","Persistence","Privilege Escalation","Initial Access"],"Windows Logon Success","3","60106"
"Sep 14, 2026 @ 09:58:45.383","Cyber-DC",["T1078"],["Defense Evasion","Persistence","Privilege Escalation","Initial Access"],"Windows Logon Success","3","60106"
"Sep 14, 2026 @ 09:58:44.163","Cyber-DC",["T1078"],["Defense Evasion","Persistence","Privilege Escalation","Initial Access"],"Windows Logon Success","3","60106"
"Sep 14, 2026 @ 09:58:30.139","Cyber-DC",["T1078"],["Defense Evasion","Persistence","Privilege Escalation","Initial Access"],"Windows Logon Success","3","60106"
"Sep 14, 2026 @ 09:58:30.132","Cyber-DC",["T1078"],["Defense Evasion","Persistence","Privilege Escalation","Initial Access"],"Windows Logon Success","3","60106"
"Sep 14, 2026 @ 09:57:51.449","Cyber-DC",["T1078"],["Defense Evasion","Persistence","Privilege Escalation","Initial Access"],"Windows Logon Success","3","60106"
"Sep 14, 2026 @ 09:57:42.243","Cyber-Linux-cilent",["T1078"],["Defense Evasion","Persistence","Privilege Escalation","Initial Access"],"PAM: Login session opened.","3","5501"
"Sep 14, 2026 @ 09:57:42.242","Cyber-Linux-cilent",["T1078","T1021"],["Defense Evasion","Persistence","Privilege Escalation","Initial Access","Lateral Movement"],"sshd: authentication success.","3","5715"
"Sep 14, 2026 @ 09:57:41.467","Cyber-Linux-cilent",["T1078"],["Defense Evasion","Persistence","Privilege Escalation","Initial Access"],"PAM: Login session opened.","3","5501"
"Sep 14, 2026 @ 09:57:41.424","Cyber-Linux-cilent",["T1078","T1021"],["Defense Evasion","Persistence","Privilege Escalation","Initial Access","Lateral Movement"],"sshd: authentication success.","3","5715"
"Sep 14, 2026 @ 09:57:08.100","Cyber-Linux-cilent",["T1078"],["Defense Evasion","Persistence","Privilege Escalation","Initial Access"],"PAM: Login session opened.","3","5501"
"Sep 14, 2026 @ 09:57:08.084","Cyber-Linux-cilent",["T1078"],["Defense Evasion","Persistence","Privilege Escalation","Initial Access"],"PAM: Login session opened.","3","5501"
"Sep 14, 2026 @ 09:57:08.084","Cyber-Linux-cilent",["T1078","T1021"],["Defense Evasion","Persistence","Privilege Escalation","Initial Access","Lateral Movement"],"sshd: authentication success.","3","5715"
"Sep 14, 2026 @ 09:57:07.376","Cyber-Linux-cilent",["T1078"],["Defense Evasion","Persistence","Privilege Escalation","Initial Access"],"PAM: Login session opened.","3","5501"
"Sep 14, 2026 @ 09:57:07.376","Cyber-Linux-cilent",["T1078"],["Defense Evasion","Persistence","Privilege Escalation","Initial Access"],"PAM: Login session opened.","3","5501"
"Sep 14, 2026 @ 09:57:07.334","Cyber-Linux-cilent",["T1078","T1021"],["Defense Evasion","Persistence","Privilege Escalation","Initial Access","Lateral Movement"],"sshd: authentication success.","3","5715"
"Sep 14, 2026 @ 09:56:51.461","Cyber-DC",["T1078"],["Defense Evasion","Persistence","Privilege Escalation","Initial Access"],"Windows Logon Success","3","60106"
"Sep 14, 2026 @ 09:55:51.654","Cyber-DC",["T1078"],["Defense Evasion","Persistence","Privilege Escalation","Initial Access"],"Windows Logon Success","3","60106"
"Sep 14, 2026 @ 09:55:36.617","Cyber-DC",["T1078"],["Defense Evasion","Persistence","Privilege Escalation","Initial Access"],"Windows Logon Success","3","60106"
"Sep 14, 2026 @ 09:54:51.418","Cyber-DC",["T1078"],["Defense Evasion","Persistence","Privilege Escalation","Initial Access"],"Windows Logon Success","3","60106"
"Sep 14, 2026 @ 09:54:34.508","Cyber-Window-cilent",["T1565.001","T1112"],["Impact","Defense Evasion"],"Registry Value Integrity Checksum Changed","5","750"
"Sep 14, 2026 @ 09:54:34.506","Cyber-Window-cilent",["T1565.001","T1112"],["Impact","Defense Evasion"],"Registry Value Integrity Checksum Changed","5","750"
"Sep 14, 2026 @ 09:54:34.505","Cyber-Window-cilent",["T1565.001","T1112"],["Impact","Defense Evasion"],"Registry Value Integrity Checksum Changed","5","750"
"Sep 14, 2026 @ 09:54:34.501","Cyber-Window-cilent",["T1565.001","T1112"],["Impact","Defense Evasion"],"Registry Key Integrity Checksum Changed","5","594"
"Sep 14, 2026 @ 09:54:33.539","Cyber-Window-cilent",["T1565.001","T1112"],["Impact","Defense Evasion"],"Registry Value Integrity Checksum Changed","5","750"
"Sep 14, 2026 @ 09:54:33.495","Cyber-Window-cilent",["T1565.001","T1112"],["Impact","Defense Evasion"],"Registry Key Integrity Checksum Changed","5","594"
"Sep 14, 2026 @ 09:53:51.400","Cyber-DC",["T1078"],["Defense Evasion","Persistence","Privilege Escalation","Initial Access"],"Windows Logon Success","3","60106"
"Sep 14, 2026 @ 09:53:45.368","Cyber-DC",["T1078"],["Defense Evasion","Persistence","Privilege Escalation","Initial Access"],"Windows Logon Success","3","60106"
"Sep 14, 2026 @ 09:53:45.326","Cyber-DC",["T1078"],["Defense Evasion","Persistence","Privilege Escalation","Initial Access"],"Windows Logon Success","3","60106"
"Sep 14, 2026 @ 09:53:45.321","Cyber-DC",["T1078"],["Defense Evasion","Persistence","Privilege Escalation","Initial Access"],"Windows Logon Success","3","60106"
"Sep 14, 2026 @ 09:53:45.319","Cyber-DC",["T1078"],["Defense Evasion","Persistence","Privilege Escalation","Initial Access"],"Windows Logon Success","3","60106"
"Sep 14, 2026 @ 09:53:37.007","Cyber-DC",["T1565.001","T1112"],["Impact","Defense Evasion"],"Registry Key Integrity Checksum Changed","5","594"
"Sep 14, 2026 @ 09:53:29.072","Cyber-DC",["T1078"],["Defense Evasion","Persistence","Privilege Escalation","Initial Access"],"Windows Logon Success","3","60106"
"Sep 14, 2026 @ 09:53:29.055","Cyber-DC",["T1078"],["Defense Evasion","Persistence","Privilege Escalation","Initial Access"],"Windows Logon Success","3","60106"
"Sep 14, 2026 @ 09:53:13.706","Cyber-Window-cilent",["T1565.001","T1112"],["Impact","Defense Evasion"],"Registry Value Integrity Checksum Changed","5","750"
"Sep 14, 2026 @ 09:53:13.706","Cyber-Window-cilent",["T1565.001","T1112"],["Impact","Defense Evasion"],"Registry Key Integrity Checksum Changed","5","594"
"Sep 14, 2026 @ 09:53:13.705","Cyber-Window-cilent",["T1565.001","T1112"],["Impact","Defense Evasion"],"Registry Value Integrity Checksum Changed","5","750"
"Sep 14, 2026 @ 09:53:13.689","Cyber-Window-cilent",["T1565.001","T1112"],["Impact","Defense Evasion"],"Registry Key Integrity Checksum Changed","5","594"
"Sep 14, 2026 @ 09:52:51.411","Cyber-DC",["T1078"],["Defense Evasion","Persistence","Privilege Escalation","Initial Access"],"Windows Logon Success","3","60106"
"Sep 14, 2026 @ 09:52:33.498","Cyber-DC",["T1565.001","T1112"],["Impact","Defense Evasion"],"Registry Value Integrity Checksum Changed","5","750"
"Sep 14, 2026 @ 09:52:33.456","Cyber-DC",["T1565.001","T1112"],["Impact","Defense Evasion"],"Registry Key Integrity Checksum Changed","5","594"
"Sep 14, 2026 @ 09:51:51.502","Cyber-DC",["T1078"],["Defense Evasion","Persistence","Privilege Escalation","Initial Access"],"Windows Logon Success","3","60106"
"Sep 14, 2026 @ 09:51:44.693","Cyber-Window-cilent",["T1565.001","T1112"],["Impact","Defense Evasion"],"Registry Value Integrity Checksum Changed","5","750"
"Sep 14, 2026 @ 09:51:44.654","Cyber-Window-cilent",["T1565.001","T1112"],["Impact","Defense Evasion"],"Registry Key Integrity Checksum Changed","5","594"
"Sep 14, 2026 @ 09:51:27.465","Cyber-DC",["T1565.001","T1112"],["Impact","Defense Evasion"],"Registry Value Integrity Checksum Changed","5","750"
"Sep 14, 2026 @ 09:51:27.462","Cyber-DC",["T1565.001","T1112"],["Impact","Defense Evasion"],"Registry Key Integrity Checksum Changed","5","594"
"Sep 14, 2026 @ 09:51:01.685","Cyber-Window-cilent",["T1078"],["Defense Evasion","Persistence","Privilege Escalation","Initial Access"],"Windows Logon Success","3","60106"
"Sep 14, 2026 @ 09:50:51.367","Cyber-DC",["T1078"],["Defense Evasion","Persistence","Privilege Escalation","Initial Access"],"Windows Logon Success","3","60106"
"Sep 14, 2026 @ 09:50:32.735","Cyber-Window-cilent",["T1565.001","T1112"],["Impact","Defense Evasion"],"Registry Key Integrity Checksum Changed","5","594"
"Sep 14, 2026 @ 09:50:32.720","Cyber-Window-cilent",["T1112"],["Defense Evasion"],"Registry Key Entry Added to the System","5","598"
"Sep 14, 2026 @ 09:50:32.703","Cyber-Window-cilent",["T1112"],["Defense Evasion"],"Registry Key Entry Added to the System","5","598"
"Sep 14, 2026 @ 09:50:32.688","Cyber-Window-cilent",["T1112"],["Defense Evasion"],"Registry Key Entry Added to the System","5","598"
"Sep 14, 2026 @ 09:50:32.670","Cyber-Window-cilent",["T1112"],["Defense Evasion"],"Registry Key Entry Added to the System","5","598"
"Sep 14, 2026 @ 09:50:32.655","Cyber-Window-cilent",["T1112"],["Defense Evasion"],"Registry Key Entry Added to the System","5","598"
"Sep 14, 2026 @ 09:50:32.638","Cyber-Window-cilent",["T1112"],["Defense Evasion"],"Registry Key Entry Added to the System","5","598"
"Sep 14, 2026 @ 09:50:32.623","Cyber-Window-cilent",["T1565.001","T1112"],["Impact","Defense Evasion"],"Registry Value Integrity Checksum Changed","5","750"
"Sep 14, 2026 @ 09:50:32.608","Cyber-Window-cilent",["T1565.001","T1112"],["Impact","Defense Evasion"],"Registry Value Integrity Checksum Changed","5","750"
"Sep 14, 2026 @ 09:50:32.602","Cyber-Window-cilent",["T1565.001","T1112"],["Impact","Defense Evasion"],"Registry Value Integrity Checksum Changed","5","750"
"Sep 14, 2026 @ 09:50:32.600","Cyber-Window-cilent",["T1565.001","T1112"],["Impact","Defense Evasion"],"Registry Value Integrity Checksum Changed","5","750"
"Sep 14, 2026 @ 09:50:32.599","Cyber-Window-cilent",["T1565.001","T1112"],["Impact","Defense Evasion"],"Registry Key Integrity Checksum Changed","5","594"
"Sep 14, 2026 @ 09:50:24.443","Cyber-Window-cilent",["T1565.001","T1112"],["Impact","Defense Evasion"],"Registry Value Integrity Checksum Changed","5","750"
"Sep 14, 2026 @ 09:50:24.401","Cyber-Window-cilent",["T1565.001","T1112"],["Impact","Defense Evasion"],"Registry Key Integrity Checksum Changed","5","594"
"Sep 14, 2026 @ 09:49:51.371","Cyber-DC",["T1078"],["Defense Evasion","Persistence","Privilege Escalation","Initial Access"],"Windows Logon Success","3","60106"
"Sep 14, 2026 @ 09:49:18.167","Cyber-Window-cilent",["T1078"],["Defense Evasion","Persistence","Privilege Escalation","Initial Access"],"Windows Logon Success","3","60106"
"Sep 14, 2026 @ 09:49:18.162","Cyber-Window-cilent",["T1078"],["Defense Evasion","Persistence","Privilege Escalation","Initial Access"],"Windows Logon Success","3","60106"
"Sep 14, 2026 @ 09:49:11.941","Cyber-Window-cilent",["T1565.001","T1112"],["Impact","Defense Evasion"],"Registry Value Integrity Checksum Changed","5","750"
"Sep 14, 2026 @ 09:49:11.899","Cyber-Window-cilent",["T1565.001","T1112"],["Impact","Defense Evasion"],"Registry Value Integrity Checksum Changed","5","750"
"Sep 14, 2026 @ 09:49:11.898","Cyber-Window-cilent",["T1565.001","T1112"],["Impact","Defense Evasion"],"Registry Value Integrity Checksum Changed","5","750"
"Sep 14, 2026 @ 09:49:11.897","Cyber-Window-cilent",["T1565.001","T1112"],["Impact","Defense Evasion"],"Registry Value Integrity Checksum Changed","5","750"
"Sep 14, 2026 @ 09:49:11.897","Cyber-Window-cilent",["T1565.001","T1112"],["Impact","Defense Evasion"],"Registry Key Integrity Checksum Changed","5","594"
"Sep 14, 2026 @ 09:49:11.863","Cyber-Window-cilent",["T1565.001","T1112"],["Impact","Defense Evasion"],"Registry Key Integrity Checksum Changed","5","594"
"Sep 14, 2026 @ 09:48:59.114","Cyber-DC",["T1565.001","T1112"],["Impact","Defense Evasion"],"Registry Value Integrity Checksum Changed","5","750"
"Sep 14, 2026 @ 09:48:59.113","Cyber-DC",["T1565.001","T1112"],["Impact","Defense Evasion"],"Registry Key Integrity Checksum Changed","5","594"
"Sep 14, 2026 @ 09:48:55.837","Cyber-DC",["T1565.001","T1112"],["Impact","Defense Evasion"],"Registry Key Integrity Checksum Changed","5","594"
"Sep 14, 2026 @ 09:48:51.348","Cyber-DC",["T1078"],["Defense Evasion","Persistence","Privilege Escalation","Initial Access"],"Windows Logon Success","3","60106"
"Sep 14, 2026 @ 09:48:45.297","Cyber-DC",["T1078"],["Defense Evasion","Persistence","Privilege Escalation","Initial Access"],"Windows Logon Success","3","60106"
"Sep 14, 2026 @ 09:48:45.233","Cyber-DC",["T1078"],["Defense Evasion","Persistence","Privilege Escalation","Initial Access"],"Windows Logon Success","3","60106"
"Sep 14, 2026 @ 09:48:45.223","Cyber-DC",["T1078"],["Defense Evasion","Persistence","Privilege Escalation","Initial Access"],"Windows Logon Success","3","60106"
"Sep 14, 2026 @ 09:48:45.218","Cyber-DC",["T1078"],["Defense Evasion","Persistence","Privilege Escalation","Initial Access"],"Windows Logon Success","3","60106"
"Sep 14, 2026 @ 09:48:44.129","Cyber-DC",["T1078"],["Defense Evasion","Persistence","Privilege Escalation","Initial Access"],"Windows Logon Success","3","60106"
"Sep 14, 2026 @ 09:48:27.100","Cyber-DC",["T1078"],["Defense Evasion","Persistence","Privilege Escalation","Initial Access"],"Windows Logon Success","3","60106"
"Sep 14, 2026 @ 09:48:27.093","Cyber-DC",["T1078"],["Defense Evasion","Persistence","Privilege Escalation","Initial Access"],"Windows Logon Success","3","60106"
"Sep 14, 2026 @ 09:47:54.773","Cyber-DC",["T1078"],["Defense Evasion","Persistence","Privilege Escalation","Initial Access"],"Windows Logon Success","3","60106"
"Sep 14, 2026 @ 09:47:41.683","Cyber-Window-cilent",["T1565.001","T1112"],["Impact","Defense Evasion"],"Registry Key Integrity Checksum Changed","5","594"
"Sep 14, 2026 @ 09:47:41.679","Cyber-Window-cilent",["T1565.001","T1112"],["Impact","Defense Evasion"],"Registry Key Integrity Checksum Changed","5","594"
"Sep 14, 2026 @ 09:47:41.678","Cyber-Window-cilent",["T1565.001","T1112"],["Impact","Defense Evasion"],"Registry Key Integrity Checksum Changed","5","594"
"Sep 14, 2026 @ 09:47:41.673","Cyber-Window-cilent",["T1565.001","T1112"],["Impact","Defense Evasion"],"Registry Key Integrity Checksum Changed","5","594"
"Sep 14, 2026 @ 09:47:41.668","Cyber-Window-cilent",["T1565.001","T1112"],["Impact","Defense Evasion"],"Registry Key Integrity Checksum Changed","5","594"
"Sep 14, 2026 @ 09:47:41.664","Cyber-Window-cilent",["T1565.001","T1112"],["Impact","Defense Evasion"],"Registry Key Integrity Checksum Changed","5","594"
"Sep 14, 2026 @ 09:47:41.661","Cyber-Window-cilent",["T1565.001","T1112"],["Impact","Defense Evasion"],"Registry Key Integrity Checksum Changed","5","594"
"Sep 14, 2026 @ 09:47:41.656","Cyber-Window-cilent",["T1565.001","T1112"],["Impact","Defense Evasion"],"Registry Key Integrity Checksum Changed","5","594"
"Sep 14, 2026 @ 09:47:41.652","Cyber-Window-cilent",["T1565.001","T1112"],["Impact","Defense Evasion"],"Registry Key Integrity Checksum Changed","5","594"
"Sep 14, 2026 @ 09:47:41.647","Cyber-Window-cilent",["T1565.001","T1112"],["Impact","Defense Evasion"],"Registry Key Integrity Checksum Changed","5","594"
"Sep 14, 2026 @ 09:47:41.637","Cyber-Window-cilent",["T1565.001","T1112"],["Impact","Defense Evasion"],"Registry Key Integrity Checksum Changed","5","594"
"Sep 14, 2026 @ 09:47:41.629","Cyber-Window-cilent",["T1565.001","T1112"],["Impact","Defense Evasion"],"Registry Key Integrity Checksum Changed","5","594"
"Sep 14, 2026 @ 09:47:40.651","Cyber-Window-cilent",["T1565.001","T1112"],["Impact","Defense Evasion"],"Registry Key Integrity Checksum Changed","5","594"
"Sep 14, 2026 @ 09:47:40.610","Cyber-Window-cilent",["T1565.001","T1112"],["Impact","Defense Evasion"],"Registry Key Integrity Checksum Changed","5","594"
"Sep 14, 2026 @ 09:47:18.822","Cyber-Window-cilent",["T1078"],["Defense Evasion","Persistence","Privilege Escalation","Initial Access"],"Windows Logon Success","3","60106"
"Sep 14, 2026 @ 09:47:18.817","Cyber-Window-cilent",["T1078"],["Defense Evasion","Persistence","Privilege Escalation","Initial Access"],"Windows Logon Success","3","60106"
"Sep 14, 2026 @ 09:47:18.807","Cyber-Window-cilent",["T1078"],["Defense Evasion","Persistence","Privilege Escalation","Initial Access"],"Windows Logon Success","3","60106"
"Sep 14, 2026 @ 09:47:10.188","Cyber-Window-cilent",["T1078"],["Defense Evasion","Persistence","Privilege Escalation","Initial Access"],"Windows Logon Success","3","60106"
"Sep 14, 2026 @ 09:47:06.932","Cyber-Window-cilent",["T1078"],["Defense Evasion","Persistence","Privilege Escalation","Initial Access"],"Windows Logon Success","3","60106"
"Sep 14, 2026 @ 09:47:06.897","Cyber-Window-cilent",["T1078"],["Defense Evasion","Persistence","Privilege Escalation","Initial Access"],"Windows Logon Success","3","60106"
"Sep 14, 2026 @ 09:47:06.864","Cyber-Window-cilent",["T1078"],["Defense Evasion","Persistence","Privilege Escalation","Initial Access"],"Windows Logon Success","3","60106"
"Sep 14, 2026 @ 09:47:06.847","Cyber-Window-cilent",["T1078"],["Defense Evasion","Persistence","Privilege Escalation","Initial Access"],"Windows Logon Success","3","60106"
"Sep 14, 2026 @ 09:47:06.844","Cyber-Window-cilent",["T1078"],["Defense Evasion","Persistence","Privilege Escalation","Initial Access"],"Windows Logon Success","3","60106"
"Sep 14, 2026 @ 09:47:06.840","Cyber-Window-cilent",["T1078"],["Defense Evasion","Persistence","Privilege Escalation","Initial Access"],"Windows Logon Success","3","60106"
"Sep 14, 2026 @ 09:47:06.836","Cyber-Window-cilent",["T1078"],["Defense Evasion","Persistence","Privilege Escalation","Initial Access"],"Windows Logon Success","3","60106"
"Sep 14, 2026 @ 09:46:51.327","Cyber-DC",["T1078"],["Defense Evasion","Persistence","Privilege Escalation","Initial Access"],"Windows Logon Success","3","60106"
"Sep 14, 2026 @ 09:45:51.322","Cyber-DC",["T1078"],["Defense Evasion","Persistence","Privilege Escalation","Initial Access"],"Windows Logon Success","3","60106"
"Sep 14, 2026 @ 09:45:36.671","Cyber-DC",["T1078"],["Defense Evasion","Persistence","Privilege Escalation","Initial Access"],"Windows Logon Success","3","60106"
"Sep 14, 2026 @ 09:44:51.295","Cyber-DC",["T1078"],["Defense Evasion","Persistence","Privilege Escalation","Initial Access"],"Windows Logon Success","3","60106"
"Sep 14, 2026 @ 09:44:48.394","Cyber-Window-cilent",["T1565.001","T1112"],["Impact","Defense Evasion"],"Registry Value Integrity Checksum Changed","5","750"
"Sep 14, 2026 @ 09:44:48.350","Cyber-Window-cilent",["T1565.001","T1112"],["Impact","Defense Evasion"],"Registry Value Integrity Checksum Changed","5","750"
"Sep 14, 2026 @ 09:44:48.335","Cyber-Window-cilent",["T1565.001","T1112"],["Impact","Defense Evasion"],"Registry Value Integrity Checksum Changed","5","750"
"Sep 14, 2026 @ 09:44:48.335","Cyber-Window-cilent",["T1565.001","T1112"],["Impact","Defense Evasion"],"Registry Key Integrity Checksum Changed","5","594"
"Sep 14, 2026 @ 09:44:48.335","Cyber-Window-cilent",["T1565.001","T1112"],["Impact","Defense Evasion"],"Registry Value Integrity Checksum Changed","5","750"
"Sep 14, 2026 @ 09:44:48.314","Cyber-Window-cilent",["T1565.001","T1112"],["Impact","Defense Evasion"],"Registry Key Integrity Checksum Changed","5","594"
"Sep 14, 2026 @ 09:44:07.795","Cyber-Svr",["T1078"],["Defense Evasion","Persistence","Privilege Escalation","Initial Access"],"PAM: Login session opened.","3","5501"
"Sep 14, 2026 @ 09:44:07.779","Cyber-Svr",["T1078"],["Defense Evasion","Persistence","Privilege Escalation","Initial Access"],"PAM: Login session opened.","3","5501"
"Sep 14, 2026 @ 09:44:07.778","Cyber-Svr",["T1078","T1021"],["Defense Evasion","Persistence","Privilege Escalation","Initial Access","Lateral Movement"],"sshd: authentication success.","3","5715"
"Sep 14, 2026 @ 09:44:06.982","Cyber-Svr",["T1078"],["Defense Evasion","Persistence","Privilege Escalation","Initial Access"],"PAM: Login session opened.","3","5501"
"Sep 14, 2026 @ 09:44:06.982","Cyber-Svr",["T1078"],["Defense Evasion","Persistence","Privilege Escalation","Initial Access"],"PAM: Login session opened.","3","5501"
"Sep 14, 2026 @ 09:44:06.941","Cyber-Svr",["T1078","T1021"],["Defense Evasion","Persistence","Privilege Escalation","Initial Access","Lateral Movement"],"sshd: authentication success.","3","5715"
"Sep 14, 2026 @ 09:43:52.224","Cyber-DC",["T1565.001","T1112"],["Impact","Defense Evasion"],"Registry Key Integrity Checksum Changed","5","594"
"Sep 14, 2026 @ 09:43:51.281","Cyber-DC",["T1078"],["Defense Evasion","Persistence","Privilege Escalation","Initial Access"],"Windows Logon Success","3","60106"
"Sep 14, 2026 @ 09:43:45.161","Cyber-DC",["T1078"],["Defense Evasion","Persistence","Privilege Escalation","Initial Access"],"Windows Logon Success","3","60106"
"Sep 14, 2026 @ 09:43:45.150","Cyber-DC",["T1078"],["Defense Evasion","Persistence","Privilege Escalation","Initial Access"],"Windows Logon Success","3","60106"
"Sep 14, 2026 @ 09:43:45.147","Cyber-DC",["T1078"],["Defense Evasion","Persistence","Privilege Escalation","Initial Access"],"Windows Logon Success","3","60106"
"Sep 14, 2026 @ 09:43:45.144","Cyber-DC",["T1078"],["Defense Evasion","Persistence","Privilege Escalation","Initial Access"],"Windows Logon Success","3","60106"
"Sep 14, 2026 @ 09:43:26.490","Cyber-DC",["T1078"],["Defense Evasion","Persistence","Privilege Escalation","Initial Access"],"Windows Logon Success","3","60106"
"Sep 14, 2026 @ 09:43:26.484","Cyber-DC",["T1078"],["Defense Evasion","Persistence","Privilege Escalation","Initial Access"],"Windows Logon Success","3","60106"
"Sep 14, 2026 @ 09:43:16.512","Cyber-Window-cilent",["T1565.001","T1112"],["Impact","Defense Evasion"],"Registry Value Integrity Checksum Changed","5","750"
"Sep 14, 2026 @ 09:43:16.511","Cyber-Window-cilent",["T1565.001","T1112"],["Impact","Defense Evasion"],"Registry Value Integrity Checksum Changed","5","750"
"Sep 14, 2026 @ 09:43:16.469","Cyber-Window-cilent",["T1565.001","T1112"],["Impact","Defense Evasion"],"Registry Key Integrity Checksum Changed","5","594"
"Sep 14, 2026 @ 09:42:55.282","Cyber-DC",["T1078"],["Defense Evasion","Persistence","Privilege Escalation","Initial Access"],"Windows Logon Success","3","60106"
"Sep 14, 2026 @ 09:42:53.568","Cyber-Svr",["T1110.001","T1021.004"],["Credential Access","Lateral Movement"],"sshd: authentication failed.","5","5760"
"Sep 14, 2026 @ 09:42:52.103","Cyber-Svr",["T1110.001","T1021.004"],["Credential Access","Lateral Movement"],"sshd: authentication failed.","5","5760"
"Sep 14, 2026 @ 09:42:52.092","Cyber-Svr",["T1110.001"],["Credential Access"],"PAM: User login failed.","5","5503"
"Sep 14, 2026 @ 09:42:51.460","Cyber-Svr",["T1110.001"],["Credential Access"],"PAM: User login failed.","5","5503"
"Sep 14, 2026 @ 09:41:53.109","Cyber-Window-cilent",["T1070.004","T1485","T1112"],["Defense Evasion","Impact"],"Registry Value Entry Deleted.","5","751"
"Sep 14, 2026 @ 09:41:53.089","Cyber-Window-cilent",["T1070.004","T1485","T1112"],["Defense Evasion","Impact"],"Registry Value Entry Deleted.","5","751"
"Sep 14, 2026 @ 09:41:53.073","Cyber-Window-cilent",["T1070.004","T1485","T1112"],["Defense Evasion","Impact"],"Registry Value Entry Deleted.","5","751"
"Sep 14, 2026 @ 09:41:53.055","Cyber-Window-cilent",["T1070.004","T1485","T1112"],["Defense Evasion","Impact"],"Registry Value Entry Deleted.","5","751"
"Sep 14, 2026 @ 09:41:53.040","Cyber-Window-cilent",["T1070.004","T1485","T1112"],["Defense Evasion","Impact"],"Registry Value Entry Deleted.","5","751"
"Sep 14, 2026 @ 09:41:53.024","Cyber-Window-cilent",["T1070.004","T1485","T1112"],["Defense Evasion","Impact"],"Registry Value Entry Deleted.","5","751"
"Sep 14, 2026 @ 09:41:53.007","Cyber-Window-cilent",["T1070.004","T1485","T1112"],["Defense Evasion","Impact"],"Registry Value Entry Deleted.","5","751"
"Sep 14, 2026 @ 09:41:53.001","Cyber-Window-cilent",["T1070.004","T1485","T1112"],["Defense Evasion","Impact"],"Registry Value Entry Deleted.","5","751"
"Sep 14, 2026 @ 09:41:53.001","Cyber-Window-cilent",["T1070.004","T1485","T1112"],["Defense Evasion","Impact"],"Registry Value Entry Deleted.","5","751"
"Sep 14, 2026 @ 09:41:48.441","Cyber-Window-cilent",["T1112"],["Defense Evasion"],"Registry Value Entry Added to the System","5","752"
"Sep 14, 2026 @ 09:41:48.424","Cyber-Window-cilent",["T1112"],["Defense Evasion"],"Registry Value Entry Added to the System","5","752"
"Sep 14, 2026 @ 09:41:48.408","Cyber-Window-cilent",["T1112"],["Defense Evasion"],"Registry Value Entry Added to the System","5","752"
"Sep 14, 2026 @ 09:41:48.392","Cyber-Window-cilent",["T1112"],["Defense Evasion"],"Registry Value Entry Added to the System","5","752"
"Sep 14, 2026 @ 09:41:48.383","Cyber-Window-cilent",["T1112"],["Defense Evasion"],"Registry Value Entry Added to the System","5","752"
"Sep 14, 2026 @ 09:41:48.382","Cyber-Window-cilent",["T1112"],["Defense Evasion"],"Registry Value Entry Added to the System","5","752"
"Sep 14, 2026 @ 09:41:48.380","Cyber-Window-cilent",["T1112"],["Defense Evasion"],"Registry Value Entry Added to the System","5","752"
"Sep 14, 2026 @ 09:41:48.350","Cyber-Window-cilent",["T1565.001","T1112"],["Impact","Defense Evasion"],"Registry Key Integrity Checksum Changed","5","594"
"Sep 14, 2026 @ 09:41:48.311","Cyber-Window-cilent",["T1112"],["Defense Evasion"],"Registry Value Entry Added to the System","5","752"
"Sep 14, 2026 @ 09:41:48.309","Cyber-Window-cilent",["T1112"],["Defense Evasion"],"Registry Value Entry Added to the System","5","752"
"Sep 14, 2026 @ 09:41:48.287","Cyber-Window-cilent",["T1565.001","T1112"],["Impact","Defense Evasion"],"Registry Key Integrity Checksum Changed","5","594"
"Sep 14, 2026 @ 09:41:48.286","Cyber-Window-cilent",["T1565.001","T1112"],["Impact","Defense Evasion"],"Registry Value Integrity Checksum Changed","5","750"
"Sep 14, 2026 @ 09:41:48.243","Cyber-Window-cilent",["T1565.001","T1112"],["Impact","Defense Evasion"],"Registry Key Integrity Checksum Changed","5","594"
"Sep 14, 2026 @ 09:41:39.959","Cyber-Window-cilent",["T1565.001","T1112"],["Impact","Defense Evasion"],"Registry Value Integrity Checksum Changed","5","750"
"Sep 14, 2026 @ 09:41:39.916","Cyber-Window-cilent",["T1565.001","T1112"],["Impact","Defense Evasion"],"Registry Key Integrity Checksum Changed","5","594"
"Sep 14, 2026 @ 09:41:06.660","Cyber-Window-cilent",["T1078"],["Defense Evasion","Persistence","Privilege Escalation","Initial Access"],"Windows Logon Success","3","60106"
"Sep 14, 2026 @ 09:40:54.923","Cyber-Window-cilent",["T1078"],["Defense Evasion","Persistence","Privilege Escalation","Initial Access"],"Windows Logon Success","3","60106"
"Sep 14, 2026 @ 09:40:48.229","Cyber-DC",["T1078"],["Defense Evasion","Persistence","Privilege Escalation","Initial Access"],"Windows Logon Success","3","60106"
"Sep 14, 2026 @ 09:40:17.494","Cyber-Window-cilent",["T1565.001","T1112"],["Impact","Defense Evasion"],"Registry Value Integrity Checksum Changed","5","750"
"Sep 14, 2026 @ 09:40:17.486","Cyber-Window-cilent",["T1565.001","T1112"],["Impact","Defense Evasion"],"Registry Value Integrity Checksum Changed","5","750"
"Sep 14, 2026 @ 09:40:17.486","Cyber-Window-cilent",["T1565.001","T1112"],["Impact","Defense Evasion"],"Registry Value Integrity Checksum Changed","5","750"
"Sep 14, 2026 @ 09:40:17.486","Cyber-Window-cilent",["T1565.001","T1112"],["Impact","Defense Evasion"],"Registry Key Integrity Checksum Changed","5","594"
"Sep 14, 2026 @ 09:40:17.461","Cyber-Window-cilent",["T1565.001","T1112"],["Impact","Defense Evasion"],"Registry Value Integrity Checksum Changed","5","750"
"Sep 14, 2026 @ 09:40:16.487","Cyber-Window-cilent",["T1565.001","T1112"],["Impact","Defense Evasion"],"Registry Value Integrity Checksum Changed","5","750"
"Sep 14, 2026 @ 09:40:16.446","Cyber-Window-cilent",["T1565.001","T1112"],["Impact","Defense Evasion"],"Registry Key Integrity Checksum Changed","5","594"
"Sep 14, 2026 @ 09:39:43.169","Cyber-DC",["T1078"],["Defense Evasion","Persistence","Privilege Escalation","Initial Access"],"Windows Logon Success","3","60106"
"Sep 14, 2026 @ 09:39:43.166","Cyber-DC",["T1078"],["Defense Evasion","Persistence","Privilege Escalation","Initial Access"],"Windows Logon Success","3","60106"
"Sep 14, 2026 @ 09:39:37.068","Cyber-Window-cilent",["T1565.001","T1112"],["Impact","Defense Evasion"],"Registry Value Integrity Checksum Changed","5","750"
"Sep 14, 2026 @ 09:39:37.057","Cyber-Window-cilent",["T1565.001","T1112"],["Impact","Defense Evasion"],"Registry Key Integrity Checksum Changed","5","594"
"Sep 14, 2026 @ 09:39:37.057","Cyber-Window-cilent",["T1565.001","T1112"],["Impact","Defense Evasion"],"Registry Value Integrity Checksum Changed","5","750"
"Sep 14, 2026 @ 09:39:06.521","Cyber-Window-cilent",["T1078"],["Defense Evasion","Persistence","Privilege Escalation","Initial Access"],"Windows Logon Success","3","60106"
"Sep 14, 2026 @ 09:39:05.793","Cyber-DC",["T1565.001","T1112"],["Impact","Defense Evasion"],"Registry Value Integrity Checksum Changed","5","750"
"Sep 14, 2026 @ 09:39:05.792","Cyber-DC",["T1565.001","T1112"],["Impact","Defense Evasion"],"Registry Key Integrity Checksum Changed","5","594"
"Sep 14, 2026 @ 09:39:02.405","Cyber-DC",["T1565.001","T1112"],["Impact","Defense Evasion"],"Registry Key Integrity Checksum Changed","5","594"
"Sep 14, 2026 @ 09:38:58.020","Cyber-DC",["T1565.001","T1112"],["Impact","Defense Evasion"],"Registry Key Integrity Checksum Changed","5","594"
"Sep 14, 2026 @ 09:38:57.983","Cyber-DC",["T1565.001","T1112"],["Impact","Defense Evasion"],"Registry Key Integrity Checksum Changed","5","594"
"Sep 14, 2026 @ 09:38:57.965","Cyber-DC",["T1112"],["Defense Evasion"],"Registry Value Entry Added to the System","5","752"
"Sep 14, 2026 @ 09:38:57.952","Cyber-DC",["T1112"],["Defense Evasion"],"Registry Key Entry Added to the System","5","598"
"Sep 14, 2026 @ 09:38:57.951","Cyber-DC",["T1112"],["Defense Evasion"],"Registry Value Entry Added to the System","5","752"
"Sep 14, 2026 @ 09:38:57.948","Cyber-DC",["T1112"],["Defense Evasion"],"Registry Key Entry Added to the System","5","598"
"Sep 14, 2026 @ 09:38:57.944","Cyber-DC",["T1112"],["Defense Evasion"],"Registry Value Entry Added to the System","5","752"
"Sep 14, 2026 @ 09:38:57.943","Cyber-DC",["T1112"],["Defense Evasion"],"Registry Key Entry Added to the System","5","598"
"Sep 14, 2026 @ 09:38:57.942","Cyber-DC",["T1112"],["Defense Evasion"],"Registry Value Entry Added to the System","5","752"
"Sep 14, 2026 @ 09:38:57.937","Cyber-DC",["T1112"],["Defense Evasion"],"Registry Key Entry Added to the System","5","598"
"Sep 14, 2026 @ 09:38:57.932","Cyber-DC",["T1112"],["Defense Evasion"],"Registry Value Entry Added to the System","5","752"
"Sep 14, 2026 @ 09:38:57.931","Cyber-DC",["T1112"],["Defense Evasion"],"Registry Key Entry Added to the System","5","598"
"Sep 14, 2026 @ 09:38:45.407","Cyber-DC",["T1078"],["Defense Evasion","Persistence","Privilege Escalation","Initial Access"],"Windows Logon Success","3","60106"
"Sep 14, 2026 @ 09:38:45.377","Cyber-DC",["T1078"],["Defense Evasion","Persistence","Privilege Escalation","Initial Access"],"Windows Logon Success","3","60106"
"Sep 14, 2026 @ 09:38:45.314","Cyber-DC",["T1078"],["Defense Evasion","Persistence","Privilege Escalation","Initial Access"],"Windows Logon Success","3","60106"
"Sep 14, 2026 @ 09:38:45.300","Cyber-DC",["T1078"],["Defense Evasion","Persistence","Privilege Escalation","Initial Access"],"Windows Logon Success","3","60106"
"Sep 14, 2026 @ 09:38:45.268","Cyber-DC",["T1078"],["Defense Evasion","Persistence","Privilege Escalation","Initial Access"],"Windows Logon Success","3","60106"
"Sep 14, 2026 @ 09:38:45.235","Cyber-DC",["T1078"],["Defense Evasion","Persistence","Privilege Escalation","Initial Access"],"Windows Logon Success","3","60106"
"Sep 14, 2026 @ 09:38:45.218","Cyber-DC",["T1078"],["Defense Evasion","Persistence","Privilege Escalation","Initial Access"],"Windows Logon Success","3","60106"
"Sep 14, 2026 @ 09:38:45.188","Cyber-DC",["T1078"],["Defense Evasion","Persistence","Privilege Escalation","Initial Access"],"Windows Logon Success","3","60106"
"Sep 14, 2026 @ 09:38:45.174","Cyber-DC",["T1078"],["Defense Evasion","Persistence","Privilege Escalation","Initial Access"],"Windows Logon Success","3","60106"
"Sep 14, 2026 @ 09:38:44.183","Cyber-DC",["T1078"],["Defense Evasion","Persistence","Privilege Escalation","Initial Access"],"Windows Logon Success","3","60106"
"Sep 14, 2026 @ 09:38:44.132","Cyber-DC",["T1078"],["Defense Evasion","Persistence","Privilege Escalation","Initial Access"],"Windows Logon Success","3","60106"
"Sep 14, 2026 @ 09:38:44.117","Cyber-DC",["T1078"],["Defense Evasion","Persistence","Privilege Escalation","Initial Access"],"Windows Logon Success","3","60106"
"Sep 14, 2026 @ 09:38:44.101","Cyber-DC",["T1078"],["Defense Evasion","Persistence","Privilege Escalation","Initial Access"],"Windows Logon Success","3","60106"
"Sep 14, 2026 @ 09:38:44.038","Cyber-DC",["T1078"],["Defense Evasion","Persistence","Privilege Escalation","Initial Access"],"Windows Logon Success","3","60106"
"Sep 14, 2026 @ 09:38:44.006","Cyber-DC",["T1484"],["Defense Evasion","Privilege Escalation"],"Special privileges assigned to new logon.","3","67028"
"Sep 14, 2026 @ 09:38:43.977","Cyber-DC",["T1078"],["Defense Evasion","Persistence","Privilege Escalation","Initial Access"],"Windows Logon Success","3","60106"
"Sep 14, 2026 @ 09:38:26.183","Cyber-DC",["T1078"],["Defense Evasion","Persistence","Privilege Escalation","Initial Access"],"Windows Logon Success","3","60106"
"Sep 14, 2026 @ 09:38:26.179","Cyber-DC",["T1078"],["Defense Evasion","Persistence","Privilege Escalation","Initial Access"],"Windows Logon Success","3","60106"
"Sep 14, 2026 @ 09:38:18.390","Cyber-DC",["T1078"],["Defense Evasion","Persistence","Privilege Escalation","Initial Access"],"Windows Logon Success","3","60106"
"Sep 14, 2026 @ 09:37:57.442","Cyber-Svr",["T1078"],["Defense Evasion","Persistence","Privilege Escalation","Initial Access"],"PAM: Login session opened.","3","5501"
"Sep 14, 2026 @ 09:37:56.024","Cyber-Svr",["T1078"],["Defense Evasion","Persistence","Privilege Escalation","Initial Access"],"PAM: Login session opened.","3","5501"
"Sep 14, 2026 @ 09:37:37.409","Cyber-Window-cilent",["T1565.001","T1112"],["Impact","Defense Evasion"],"Registry Value Integrity Checksum Changed","5","750"
"Sep 14, 2026 @ 09:37:37.407","Cyber-Window-cilent",["T1565.001","T1112"],["Impact","Defense Evasion"],"Registry Key Integrity Checksum Changed","5","594"
"Sep 14, 2026 @ 09:37:37.384","Cyber-Window-cilent",["T1565.001","T1112"],["Impact","Defense Evasion"],"Registry Value Integrity Checksum Changed","5","750"
"Sep 14, 2026 @ 09:37:37.379","Cyber-Window-cilent",["T1565.001","T1112"],["Impact","Defense Evasion"],"Registry Key Integrity Checksum Changed","5","594"
"Sep 14, 2026 @ 09:37:34.108","Cyber-Window-cilent",["T1565.001","T1112"],["Impact","Defense Evasion"],"Registry Key Integrity Checksum Changed","5","594"
"Sep 14, 2026 @ 09:37:34.075","Cyber-Window-cilent",["T1565.001","T1112"],["Impact","Defense Evasion"],"Registry Key Integrity Checksum Changed","5","594"
"Sep 14, 2026 @ 09:37:34.044","Cyber-Window-cilent",["T1565.001","T1112"],["Impact","Defense Evasion"],"Registry Key Integrity Checksum Changed","5","594"
"Sep 14, 2026 @ 09:37:34.024","Cyber-Window-cilent",["T1565.001","T1112"],["Impact","Defense Evasion"],"Registry Key Integrity Checksum Changed","5","594"
"Sep 14, 2026 @ 09:37:34.015","Cyber-Window-cilent",["T1565.001","T1112"],["Impact","Defense Evasion"],"Registry Key Integrity Checksum Changed","5","594"
"Sep 14, 2026 @ 09:37:34.013","Cyber-Window-cilent",["T1565.001","T1112"],["Impact","Defense Evasion"],"Registry Key Integrity Checksum Changed","5","594"
"Sep 14, 2026 @ 09:37:34.000","Cyber-Window-cilent",["T1565.001","T1112"],["Impact","Defense Evasion"],"Registry Key Integrity Checksum Changed","5","594"
"Sep 14, 2026 @ 09:37:33.997","Cyber-Window-cilent",["T1565.001","T1112"],["Impact","Defense Evasion"],"Registry Key Integrity Checksum Changed","5","594"
"Sep 14, 2026 @ 09:37:33.982","Cyber-Window-cilent",["T1565.001","T1112"],["Impact","Defense Evasion"],"Registry Key Integrity Checksum Changed","5","594"
"Sep 14, 2026 @ 09:37:33.962","Cyber-Window-cilent",["T1565.001","T1112"],["Impact","Defense Evasion"],"Registry Key Integrity Checksum Changed","5","594"
"Sep 14, 2026 @ 09:37:33.958","Cyber-Window-cilent",["T1565.001","T1112"],["Impact","Defense Evasion"],"Registry Key Integrity Checksum Changed","5","594"
"Sep 14, 2026 @ 09:37:33.950","Cyber-Window-cilent",["T1565.001","T1112"],["Impact","Defense Evasion"],"Registry Key Integrity Checksum Changed","5","594"
"Sep 14, 2026 @ 09:37:33.937","Cyber-Window-cilent",["T1565.001","T1112"],["Impact","Defense Evasion"],"Registry Key Integrity Checksum Changed","5","594"
"Sep 14, 2026 @ 09:37:33.928","Cyber-Window-cilent",["T1565.001","T1112"],["Impact","Defense Evasion"],"Registry Key Integrity Checksum Changed","5","594"
"Sep 14, 2026 @ 09:37:24.731","Cyber-Window-cilent",["T1112"],["Defense Evasion"],"Registry Value Entry Added to the System","5","752"
"Sep 14, 2026 @ 09:37:24.731","Cyber-Window-cilent",["T1112"],["Defense Evasion"],"Registry Value Entry Added to the System","5","752"
"Sep 14, 2026 @ 09:37:24.689","Cyber-Window-cilent",["T1565.001","T1112"],["Impact","Defense Evasion"],"Registry Key Integrity Checksum Changed","5","594"
"Sep 14, 2026 @ 09:37:18.175","Cyber-DC",["T1078"],["Defense Evasion","Persistence","Privilege Escalation","Initial Access"],"Windows Logon Success","3","60106"
"Sep 14, 2026 @ 09:36:18.149","Cyber-DC",["T1078"],["Defense Evasion","Persistence","Privilege Escalation","Initial Access"],"Windows Logon Success","3","60106"
"Sep 14, 2026 @ 09:36:14.398","Cyber-Window-cilent",["T1078"],["Defense Evasion","Persistence","Privilege Escalation","Initial Access"],"Windows Logon Success","3","60106"
"Sep 14, 2026 @ 09:36:12.540","Cyber-Window-cilent",["T1078"],["Defense Evasion","Persistence","Privilege Escalation","Initial Access"],"Windows Logon Success","3","60106"
"Sep 14, 2026 @ 09:35:56.918","Cyber-Window-cilent",["T1078"],["Defense Evasion","Persistence","Privilege Escalation","Initial Access"],"Windows Logon Success","3","60106"
"Sep 14, 2026 @ 09:35:39.538","Cyber-Window-cilent",["T1078"],["Defense Evasion","Persistence","Privilege Escalation","Initial Access"],"Windows Logon Success","3","60106"
"Sep 14, 2026 @ 09:35:36.608","Cyber-DC",["T1078"],["Defense Evasion","Persistence","Privilege Escalation","Initial Access"],"Windows Logon Success","3","60106"
"Sep 14, 2026 @ 09:35:35.417","Cyber-DC",["T1078"],["Defense Evasion","Persistence","Privilege Escalation","Initial Access"],"Windows Logon Success","3","60106"
"Sep 14, 2026 @ 09:35:23.011","Cyber-Window-cilent",["T1112"],["Defense Evasion"],"Registry Value Entry Added to the System","5","752"
"Sep 14, 2026 @ 09:35:23.009","Cyber-Window-cilent",["T1565.001","T1112"],["Impact","Defense Evasion"],"Registry Value Integrity Checksum Changed","5","750"
"Sep 14, 2026 @ 09:35:23.008","Cyber-Window-cilent",["T1565.001","T1112"],["Impact","Defense Evasion"],"Registry Value Integrity Checksum Changed","5","750"
"Sep 14, 2026 @ 09:35:22.988","Cyber-Window-cilent",["T1565.001","T1112"],["Impact","Defense Evasion"],"Registry Key Integrity Checksum Changed","5","594"
"Sep 14, 2026 @ 09:35:15.741","Cyber-Window-cilent",["T1112"],["Defense Evasion"],"Registry Value Entry Added to the System","5","752"
"Sep 14, 2026 @ 09:35:15.700","Cyber-Window-cilent",["T1565.001","T1112"],["Impact","Defense Evasion"],"Registry Key Integrity Checksum Changed","5","594"
"Sep 14, 2026 @ 09:34:57.480","Cyber-DC",["T1565.001","T1112"],["Impact","Defense Evasion"],"Registry Value Integrity Checksum Changed","5","750"
"Sep 14, 2026 @ 09:34:57.463","Cyber-DC",["T1565.001","T1112"],["Impact","Defense Evasion"],"Registry Value Integrity Checksum Changed","5","750"
"Sep 14, 2026 @ 09:34:57.458","Cyber-DC",["T1565.001","T1112"],["Impact","Defense Evasion"],"Registry Value Integrity Checksum Changed","5","750"
"Sep 14, 2026 @ 09:34:57.456","Cyber-DC",["T1565.001","T1112"],["Impact","Defense Evasion"],"Registry Key Integrity Checksum Changed","5","594"
"Sep 14, 2026 @ 09:34:57.449","Cyber-DC",["T1565.001","T1112"],["Impact","Defense Evasion"],"Registry Key Integrity Checksum Changed","5","594"
"Sep 14, 2026 @ 09:34:57.449","Cyber-DC",["T1565.001","T1112"],["Impact","Defense Evasion"],"Registry Value Integrity Checksum Changed","5","750"
"Sep 14, 2026 @ 09:34:52.469","Cyber-DC",["T1565.001","T1112"],["Impact","Defense Evasion"],"Registry Value Integrity Checksum Changed","5","750"
"Sep 14, 2026 @ 09:34:52.468","Cyber-DC",["T1565.001","T1112"],["Impact","Defense Evasion"],"Registry Key Integrity Checksum Changed","5","594"
"Sep 14, 2026 @ 09:34:48.309","Cyber-Window-cilent",["T1078"],["Defense Evasion","Persistence","Privilege Escalation","Initial Access"],"Windows Logon Success","3","60106"
"Sep 14, 2026 @ 09:34:43.147","Cyber-Window-cilent",["T1078"],["Defense Evasion","Persistence","Privilege Escalation","Initial Access"],"Windows Logon Success","3","60106"
"Sep 14, 2026 @ 09:34:43.144","Cyber-Window-cilent",["T1078"],["Defense Evasion","Persistence","Privilege Escalation","Initial Access"],"Windows Logon Success","3","60106"
"Sep 14, 2026 @ 09:34:17.479","Cyber-DC",["T1078"],["Defense Evasion","Persistence","Privilege Escalation","Initial Access"],"Windows Logon Success","3","60106"
"Sep 14, 2026 @ 09:34:00.501","Cyber-Window-cilent",["T1565.001","T1112"],["Impact","Defense Evasion"],"Registry Value Integrity Checksum Changed","5","750"
"Sep 14, 2026 @ 09:34:00.460","Cyber-Window-cilent",["T1565.001","T1112"],["Impact","Defense Evasion"],"Registry Value Integrity Checksum Changed","5","750"
"Sep 14, 2026 @ 09:34:00.444","Cyber-Window-cilent",["T1565.001","T1112"],["Impact","Defense Evasion"],"Registry Key Integrity Checksum Changed","5","594"
"Sep 14, 2026 @ 09:34:00.444","Cyber-Window-cilent",["T1565.001","T1112"],["Impact","Defense Evasion"],"Registry Value Integrity Checksum Changed","5","750"
"Sep 14, 2026 @ 09:34:00.444","Cyber-Window-cilent",["T1565.001","T1112"],["Impact","Defense Evasion"],"Registry Value Integrity Checksum Changed","5","750"
"Sep 14, 2026 @ 09:34:00.420","Cyber-Window-cilent",["T1565.001","T1112"],["Impact","Defense Evasion"],"Registry Key Integrity Checksum Changed","5","594"
"Sep 14, 2026 @ 09:33:52.520","Cyber-Window-cilent",["T1565.001","T1112"],["Impact","Defense Evasion"],"Registry Value Integrity Checksum Changed","5","750"
"Sep 14, 2026 @ 09:33:52.479","Cyber-Window-cilent",["T1565.001","T1112"],["Impact","Defense Evasion"],"Registry Value Integrity Checksum Changed","5","750"
"Sep 14, 2026 @ 09:33:52.466","Cyber-Window-cilent",["T1565.001","T1112"],["Impact","Defense Evasion"],"Registry Value Integrity Checksum Changed","5","750"
"Sep 14, 2026 @ 09:33:52.465","Cyber-Window-cilent",["T1565.001","T1112"],["Impact","Defense Evasion"],"Registry Key Integrity Checksum Changed","5","594"
"Sep 14, 2026 @ 09:33:52.465","Cyber-Window-cilent",["T1565.001","T1112"],["Impact","Defense Evasion"],"Registry Value Integrity Checksum Changed","5","750"
"Sep 14, 2026 @ 09:33:52.439","Cyber-Window-cilent",["T1565.001","T1112"],["Impact","Defense Evasion"],"Registry Value Integrity Checksum Changed","5","750"
"Sep 14, 2026 @ 09:33:51.437","Cyber-Window-cilent",["T1565.001","T1112"],["Impact","Defense Evasion"],"Registry Key Integrity Checksum Changed","5","594"
"Sep 14, 2026 @ 09:33:44.407","Cyber-DC",["T1078"],["Defense Evasion","Persistence","Privilege Escalation","Initial Access"],"Windows Logon Success","3","60106"
"Sep 14, 2026 @ 09:33:44.345","Cyber-DC",["T1078"],["Defense Evasion","Persistence","Privilege Escalation","Initial Access"],"Windows Logon Success","3","60106"
"Sep 14, 2026 @ 09:33:44.343","Cyber-DC",["T1078"],["Defense Evasion","Persistence","Privilege Escalation","Initial Access"],"Windows Logon Success","3","60106"
"Sep 14, 2026 @ 09:33:44.339","Cyber-DC",["T1078"],["Defense Evasion","Persistence","Privilege Escalation","Initial Access"],"Windows Logon Success","3","60106"
"Sep 14, 2026 @ 09:33:44.337","Cyber-DC",["T1078"],["Defense Evasion","Persistence","Privilege Escalation","Initial Access"],"Windows Logon Success","3","60106"
"Sep 14, 2026 @ 09:33:41.967","Cyber-Window-cilent",["T1078"],["Defense Evasion","Persistence","Privilege Escalation","Initial Access"],"Windows Logon Success","3","60106"
"Sep 14, 2026 @ 09:33:41.460","Cyber-Window-cilent",["T1078"],["Defense Evasion","Persistence","Privilege Escalation","Initial Access"],"Windows Logon Success","3","60106"
"Sep 14, 2026 @ 09:33:40.087","Cyber-Window-cilent",["T1078"],["Defense Evasion","Persistence","Privilege Escalation","Initial Access"],"Windows Logon Success","3","60106"
"Sep 14, 2026 @ 09:33:29.401","Cyber-DC",["T1565.001","T1112"],["Impact","Defense Evasion"],"Registry Key Integrity Checksum Changed","5","594"
"Sep 14, 2026 @ 09:33:29.401","Cyber-DC",["T1565.001","T1112"],["Impact","Defense Evasion"],"Registry Value Integrity Checksum Changed","5","750"
"Sep 14, 2026 @ 09:33:26.128","Cyber-DC",["T1078"],["Defense Evasion","Persistence","Privilege Escalation","Initial Access"],"Windows Logon Success","3","60106"
"Sep 14, 2026 @ 09:33:26.126","Cyber-DC",["T1078"],["Defense Evasion","Persistence","Privilege Escalation","Initial Access"],"Windows Logon Success","3","60106"
"Sep 14, 2026 @ 09:33:25.873","Cyber-DC",["T1565.001","T1112"],["Impact","Defense Evasion"],"Registry Key Integrity Checksum Changed","5","594"
"Sep 14, 2026 @ 09:33:25.139","Cyber-DC",["T1565.001","T1112"],["Impact","Defense Evasion"],"Registry Value Integrity Checksum Changed","5","750"
"Sep 14, 2026 @ 09:33:25.138","Cyber-DC",["T1565.001","T1112"],["Impact","Defense Evasion"],"Registry Key Integrity Checksum Changed","5","594"
"Sep 14, 2026 @ 09:33:20.482","Cyber-DC",["T1078"],["Defense Evasion","Persistence","Privilege Escalation","Initial Access"],"Windows Logon Success","3","60106"
"Sep 14, 2026 @ 09:33:17.472","Cyber-DC",["T1078"],["Defense Evasion","Persistence","Privilege Escalation","Initial Access"],"Windows Logon Success","3","60106"
"Sep 14, 2026 @ 09:33:01.460","Cyber-DC",["T1078"],["Defense Evasion","Persistence","Privilege Escalation","Initial Access"],"Windows Logon Success","3","60106"
"Sep 14, 2026 @ 09:32:41.531","Cyber-Window-cilent",["T1078"],["Defense Evasion","Persistence","Privilege Escalation","Initial Access"],"Windows Logon Success","3","60106"
"Sep 14, 2026 @ 09:32:17.463","Cyber-DC",["T1078"],["Defense Evasion","Persistence","Privilege Escalation","Initial Access"],"Windows Logon Success","3","60106"
"Sep 14, 2026 @ 09:31:17.458","Cyber-DC",["T1078"],["Defense Evasion","Persistence","Privilege Escalation","Initial Access"],"Windows Logon Success","3","60106"
"Sep 14, 2026 @ 09:31:07.478","Cyber-Window-cilent",["T1112"],["Defense Evasion"],"Registry Key Entry Added to the System","5","598"
"Sep 14, 2026 @ 09:31:07.477","Cyber-Window-cilent",["T1112"],["Defense Evasion"],"Registry Key Entry Added to the System","5","598"
"Sep 14, 2026 @ 09:31:07.462","Cyber-Window-cilent",["T1112"],["Defense Evasion"],"Registry Value Entry Added to the System","5","752"
"Sep 14, 2026 @ 09:31:07.462","Cyber-Window-cilent",["T1112"],["Defense Evasion"],"Registry Key Entry Added to the System","5","598"
"Sep 14, 2026 @ 09:31:06.704","Cyber-Window-cilent",["T1565.001","T1112"],["Impact","Defense Evasion"],"Registry Key Integrity Checksum Changed","5","594"
"Sep 14, 2026 @ 09:31:06.096","Cyber-Window-cilent",["T1565.001","T1112"],["Impact","Defense Evasion"],"Registry Key Integrity Checksum Changed","5","594"
"Sep 14, 2026 @ 09:31:01.097","Cyber-Window-cilent",["T1565.001","T1112"],["Impact","Defense Evasion"],"Registry Value Integrity Checksum Changed","5","750"
"Sep 14, 2026 @ 09:31:01.091","Cyber-Window-cilent",["T1565.001","T1112"],["Impact","Defense Evasion"],"Registry Value Integrity Checksum Changed","5","750"
"Sep 14, 2026 @ 09:31:01.090","Cyber-Window-cilent",["T1565.001","T1112"],["Impact","Defense Evasion"],"Registry Key Integrity Checksum Changed","5","594"
"Sep 14, 2026 @ 09:30:49.359","Cyber-Window-cilent",["T1565.001","T1112"],["Impact","Defense Evasion"],"Registry Key Integrity Checksum Changed","5","594"
"Sep 14, 2026 @ 09:30:49.124","Cyber-Window-cilent",["T1565.001","T1112"],["Impact","Defense Evasion"],"Registry Key Integrity Checksum Changed","5","594"
"Sep 14, 2026 @ 09:30:17.430","Cyber-DC",["T1078"],["Defense Evasion","Persistence","Privilege Escalation","Initial Access"],"Windows Logon Success","3","60106"
"Sep 14, 2026 @ 09:29:46.035","Cyber-Window-cilent",["T1070.004","T1485","T1112"],["Defense Evasion","Impact"],"Registry Key Entry Deleted.","5","597"
"Sep 14, 2026 @ 09:29:46.019","Cyber-Window-cilent",["T1070.004","T1485","T1112"],["Defense Evasion","Impact"],"Registry Key Entry Deleted.","5","597"
"Sep 14, 2026 @ 09:29:46.003","Cyber-Window-cilent",["T1070.004","T1485","T1112"],["Defense Evasion","Impact"],"Registry Key Entry Deleted.","5","597"
"Sep 14, 2026 @ 09:29:45.991","Cyber-Window-cilent",["T1070.004","T1485","T1112"],["Defense Evasion","Impact"],"Registry Value Entry Deleted.","5","751"
"Sep 14, 2026 @ 09:29:45.989","Cyber-Window-cilent",["T1070.004","T1485","T1112"],["Defense Evasion","Impact"],"Registry Value Entry Deleted.","5","751"
"Sep 14, 2026 @ 09:29:45.972","Cyber-Window-cilent",["T1070.004","T1485","T1112"],["Defense Evasion","Impact"],"Registry Value Entry Deleted.","5","751"
"Sep 14, 2026 @ 09:29:45.956","Cyber-Window-cilent",["T1070.004","T1485","T1112"],["Defense Evasion","Impact"],"Registry Value Entry Deleted.","5","751"
"Sep 14, 2026 @ 09:29:45.949","Cyber-Window-cilent",["T1070.004","T1485","T1112"],["Defense Evasion","Impact"],"Registry Value Entry Deleted.","5","751"
"Sep 14, 2026 @ 09:29:45.949","Cyber-Window-cilent",["T1070.004","T1485","T1112"],["Defense Evasion","Impact"],"Registry Value Entry Deleted.","5","751"
"Sep 14, 2026 @ 09:29:45.260","Cyber-Window-cilent",["T1565.001","T1112"],["Impact","Defense Evasion"],"Registry Key Integrity Checksum Changed","5","594"
"Sep 14, 2026 @ 09:29:44.552","Cyber-Window-cilent",["T1565.001","T1112"],["Impact","Defense Evasion"],"Registry Value Integrity Checksum Changed","5","750"
"Sep 14, 2026 @ 09:29:44.536","Cyber-Window-cilent",["T1565.001","T1112"],["Impact","Defense Evasion"],"Registry Value Integrity Checksum Changed","5","750"
"Sep 14, 2026 @ 09:29:44.523","Cyber-Window-cilent",["T1565.001","T1112"],["Impact","Defense Evasion"],"Registry Key Integrity Checksum Changed","5","594"
"Sep 14, 2026 @ 09:29:44.523","Cyber-Window-cilent",["T1565.001","T1112"],["Impact","Defense Evasion"],"Registry Value Integrity Checksum Changed","5","750"
"Sep 14, 2026 @ 09:29:44.520","Cyber-Window-cilent",["T1565.001","T1112"],["Impact","Defense Evasion"],"Registry Key Integrity Checksum Changed","5","594"
"Sep 14, 2026 @ 09:29:44.475","Cyber-Window-cilent",["T1565.001","T1112"],["Impact","Defense Evasion"],"Registry Value Integrity Checksum Changed","5","750"
"Sep 14, 2026 @ 09:29:44.460","Cyber-Window-cilent",["T1565.001","T1112"],["Impact","Defense Evasion"],"Registry Value Integrity Checksum Changed","5","750"
"Sep 14, 2026 @ 09:29:44.454","Cyber-Window-cilent",["T1565.001","T1112"],["Impact","Defense Evasion"],"Registry Key Integrity Checksum Changed","5","594"
"Sep 14, 2026 @ 09:29:44.454","Cyber-Window-cilent",["T1565.001","T1112"],["Impact","Defense Evasion"],"Registry Value Integrity Checksum Changed","5","750"
"Sep 14, 2026 @ 09:29:44.413","Cyber-Window-cilent",["T1565.001","T1112"],["Impact","Defense Evasion"],"Registry Key Integrity Checksum Changed","5","594"
"Sep 14, 2026 @ 09:29:44.398","Cyber-Window-cilent",["T1565.001","T1112"],["Impact","Defense Evasion"],"Registry Value Integrity Checksum Changed","5","750"
"Sep 14, 2026 @ 09:29:44.397","Cyber-Window-cilent",["T1565.001","T1112"],["Impact","Defense Evasion"],"Registry Value Integrity Checksum Changed","5","750"
"Sep 14, 2026 @ 09:29:44.397","Cyber-Window-cilent",["T1565.001","T1112"],["Impact","Defense Evasion"],"Registry Value Integrity Checksum Changed","5","750"
"Sep 14, 2026 @ 09:29:44.373","Cyber-Window-cilent",["T1565.001","T1112"],["Impact","Defense Evasion"],"Registry Key Integrity Checksum Changed","5","594"
"Sep 14, 2026 @ 09:29:44.372","Cyber-Window-cilent",["T1565.001","T1112"],["Impact","Defense Evasion"],"Registry Value Integrity Checksum Changed","5","750"
"Sep 14, 2026 @ 09:29:44.370","Cyber-Window-cilent",["T1565.001","T1112"],["Impact","Defense Evasion"],"Registry Value Integrity Checksum Changed","5","750"
"Sep 14, 2026 @ 09:29:44.370","Cyber-Window-cilent",["T1565.001","T1112"],["Impact","Defense Evasion"],"Registry Key Integrity Checksum Changed","5","594"
"Sep 14, 2026 @ 09:29:44.347","Cyber-Window-cilent",["T1565.001","T1112"],["Impact","Defense Evasion"],"Registry Value Integrity Checksum Changed","5","750"
"Sep 14, 2026 @ 09:29:44.346","Cyber-Window-cilent",["T1565.001","T1112"],["Impact","Defense Evasion"],"Registry Key Integrity Checksum Changed","5","594"
"Sep 14, 2026 @ 09:29:44.345","Cyber-Window-cilent",["T1565.001","T1112"],["Impact","Defense Evasion"],"Registry Key Integrity Checksum Changed","5","594"
"Sep 14, 2026 @ 09:29:44.345","Cyber-Window-cilent",["T1565.001","T1112"],["Impact","Defense Evasion"],"Registry Value Integrity Checksum Changed","5","750"
"Sep 14, 2026 @ 09:29:44.318","Cyber-Window-cilent",["T1565.001","T1112"],["Impact","Defense Evasion"],"Registry Value Integrity Checksum Changed","5","750"
"Sep 14, 2026 @ 09:29:43.465","Cyber-Window-cilent",["T1565.001","T1112"],["Impact","Defense Evasion"],"Registry Value Integrity Checksum Changed","5","750"
"Sep 14, 2026 @ 09:29:43.448","Cyber-Window-cilent",["T1565.001","T1112"],["Impact","Defense Evasion"],"Registry Key Integrity Checksum Changed","5","594"
"Sep 14, 2026 @ 09:29:43.430","Cyber-Window-cilent",["T1565.001","T1112"],["Impact","Defense Evasion"],"Registry Key Integrity Checksum Changed","5","594"
"Sep 14, 2026 @ 09:29:43.415","Cyber-Window-cilent",["T1112"],["Defense Evasion"],"Registry Value Entry Added to the System","5","752"
"Sep 14, 2026 @ 09:29:43.399","Cyber-Window-cilent",["T1112"],["Defense Evasion"],"Registry Value Entry Added to the System","5","752"
"Sep 14, 2026 @ 09:29:43.383","Cyber-Window-cilent",["T1112"],["Defense Evasion"],"Registry Value Entry Added to the System","5","752"
"Sep 14, 2026 @ 09:29:43.365","Cyber-Window-cilent",["T1112"],["Defense Evasion"],"Registry Value Entry Added to the System","5","752"
"Sep 14, 2026 @ 09:29:43.350","Cyber-Window-cilent",["T1112"],["Defense Evasion"],"Registry Value Entry Added to the System","5","752"
"Sep 14, 2026 @ 09:29:43.333","Cyber-Window-cilent",["T1112"],["Defense Evasion"],"Registry Value Entry Added to the System","5","752"
"Sep 14, 2026 @ 09:29:43.318","Cyber-Window-cilent",["T1112"],["Defense Evasion"],"Registry Key Entry Added to the System","5","598"
"Sep 14, 2026 @ 09:29:43.306","Cyber-Window-cilent",["T1112"],["Defense Evasion"],"Registry Key Entry Added to the System","5","598"
"Sep 14, 2026 @ 09:29:43.306","Cyber-Window-cilent",["T1112"],["Defense Evasion"],"Registry Value Entry Added to the System","5","752"
"Sep 14, 2026 @ 09:29:43.186","Cyber-Window-cilent",["T1565.001","T1112"],["Impact","Defense Evasion"],"Registry Value Integrity Checksum Changed","5","750"
"Sep 14, 2026 @ 09:29:43.145","Cyber-Window-cilent",["T1565.001","T1112"],["Impact","Defense Evasion"],"Registry Value Integrity Checksum Changed","5","750"
"Sep 14, 2026 @ 09:29:43.130","Cyber-Window-cilent",["T1565.001","T1112"],["Impact","Defense Evasion"],"Registry Value Integrity Checksum Changed","5","750"
"Sep 14, 2026 @ 09:29:43.129","Cyber-Window-cilent",["T1565.001","T1112"],["Impact","Defense Evasion"],"Registry Key Integrity Checksum Changed","5","594"
"Sep 14, 2026 @ 09:29:43.129","Cyber-Window-cilent",["T1565.001","T1112"],["Impact","Defense Evasion"],"Registry Value Integrity Checksum Changed","5","750"
"Sep 14, 2026 @ 09:29:43.100","Cyber-Window-cilent",["T1565.001","T1112"],["Impact","Defense Evasion"],"Registry Key Integrity Checksum Changed","5","594"
"Sep 14, 2026 @ 09:29:41.254","Cyber-Window-cilent",["T1112"],["Defense Evasion"],"Registry Value Entry Added to the System","5","752"
"Sep 14, 2026 @ 09:29:41.254","Cyber-Window-cilent",["T1112"],["Defense Evasion"],"Registry Value Entry Added to the System","5","752"
"Sep 14, 2026 @ 09:29:41.215","Cyber-Window-cilent",["T1565.001","T1112"],["Impact","Defense Evasion"],"Registry Key Integrity Checksum Changed","5","594"
"Sep 14, 2026 @ 09:29:41.215","Cyber-Window-cilent",["T1112"],["Defense Evasion"],"Registry Value Entry Added to the System","5","752"
"Sep 14, 2026 @ 09:29:41.057","Cyber-Window-cilent",["T1565.001","T1112"],["Impact","Defense Evasion"],"Registry Value Integrity Checksum Changed","5","750"
"Sep 14, 2026 @ 09:29:41.056","Cyber-Window-cilent",["T1565.001","T1112"],["Impact","Defense Evasion"],"Registry Key Integrity Checksum Changed","5","594"
"Sep 14, 2026 @ 09:29:39.639","Cyber-Window-cilent",["T1543.003"],["Persistence","Privilege Escalation"],"New Windows Service Created","5","61138"
"Sep 14, 2026 @ 09:29:38.937","Cyber-Window-cilent",["T1565.001","T1112"],["Impact","Defense Evasion"],"Registry Key Integrity Checksum Changed","5","594"
"Sep 14, 2026 @ 09:29:38.937","Cyber-Window-cilent",["T1565.001","T1112"],["Impact","Defense Evasion"],"Registry Value Integrity Checksum Changed","5","750"
"Sep 14, 2026 @ 09:29:38.937","Cyber-Window-cilent",["T1565.001","T1112"],["Impact","Defense Evasion"],"Registry Value Integrity Checksum Changed","5","750"
"Sep 14, 2026 @ 09:29:38.928","Cyber-Window-cilent",["T1565.001","T1112"],["Impact","Defense Evasion"],"Registry Key Integrity Checksum Changed","5","594"
"Sep 14, 2026 @ 09:29:37.795","Cyber-Window-cilent",["T1565.001","T1112"],["Impact","Defense Evasion"],"Registry Value Integrity Checksum Changed","5","750"
"Sep 14, 2026 @ 09:29:37.771","Cyber-Window-cilent",["T1565.001","T1112"],["Impact","Defense Evasion"],"Registry Key Integrity Checksum Changed","5","594"
"Sep 14, 2026 @ 09:29:37.770","Cyber-Window-cilent",["T1565.001","T1112"],["Impact","Defense Evasion"],"Registry Key Integrity Checksum Changed","5","594"
"Sep 14, 2026 @ 09:29:37.770","Cyber-Window-cilent",["T1565.001","T1112"],["Impact","Defense Evasion"],"Registry Key Integrity Checksum Changed","5","594"
"Sep 14, 2026 @ 09:29:37.763","Cyber-Window-cilent",["T1565.001","T1112"],["Impact","Defense Evasion"],"Registry Key Integrity Checksum Changed","5","594"
"Sep 14, 2026 @ 09:29:33.499","Cyber-Window-cilent",["T1565.001","T1112"],["Impact","Defense Evasion"],"Registry Value Integrity Checksum Changed","5","750"
"Sep 14, 2026 @ 09:29:33.499","Cyber-Window-cilent",["T1565.001","T1112"],["Impact","Defense Evasion"],"Registry Value Integrity Checksum Changed","5","750"
"Sep 14, 2026 @ 09:29:33.458","Cyber-Window-cilent",["T1565.001","T1112"],["Impact","Defense Evasion"],"Registry Key Integrity Checksum Changed","5","594"
"Sep 14, 2026 @ 09:29:32.570","Cyber-Window-cilent",["T1543.003"],["Persistence","Privilege Escalation"],"New Windows Service Created","5","61138"
"Sep 14, 2026 @ 09:29:29.441","Cyber-Window-cilent",["T1078"],["Defense Evasion","Persistence","Privilege Escalation","Initial Access"],"Windows Logon Success","3","60106"
"Sep 14, 2026 @ 09:29:29.405","Cyber-Window-cilent",["T1078"],["Defense Evasion","Persistence","Privilege Escalation","Initial Access"],"Windows Logon Success","3","60106"
"Sep 14, 2026 @ 09:29:29.385","Cyber-Window-cilent",["T1078"],["Defense Evasion","Persistence","Privilege Escalation","Initial Access"],"Windows Logon Success","3","60106"
"Sep 14, 2026 @ 09:29:22.777","Cyber-Window-cilent",["T1078"],["Defense Evasion","Persistence","Privilege Escalation","Initial Access"],"Windows Logon Success","3","60106"
"Sep 14, 2026 @ 09:29:22.376","Cyber-Linux-cilent",["T1078"],["Defense Evasion","Persistence","Privilege Escalation","Initial Access"],"PAM: Login session opened.","3","5501"
"Sep 14, 2026 @ 09:29:16.567","Cyber-DC",["T1078"],["Defense Evasion","Persistence","Privilege Escalation","Initial Access"],"Windows Logon Success","3","60106"
"Sep 14, 2026 @ 09:29:00.520","Cyber-Linux-cilent",["T1078"],["Defense Evasion","Persistence","Privilege Escalation","Initial Access"],"PAM: Login session opened.","3","5501"
"Sep 14, 2026 @ 09:28:58.467","Cyber-Window-cilent",["T1078"],["Defense Evasion","Persistence","Privilege Escalation","Initial Access"],"Windows Logon Success","3","60106"
"Sep 14, 2026 @ 09:28:53.260","Cyber-DC",["T1565.001","T1112"],["Impact","Defense Evasion"],"Registry Key Integrity Checksum Changed","5","594"
"Sep 14, 2026 @ 09:28:44.330","Cyber-DC",["T1078"],["Defense Evasion","Persistence","Privilege Escalation","Initial Access"],"Windows Logon Success","3","60106"
"Sep 14, 2026 @ 09:28:44.278","Cyber-DC",["T1078"],["Defense Evasion","Persistence","Privilege Escalation","Initial Access"],"Windows Logon Success","3","60106"
"Sep 14, 2026 @ 09:28:44.275","Cyber-DC",["T1078"],["Defense Evasion","Persistence","Privilege Escalation","Initial Access"],"Windows Logon Success","3","60106"
"Sep 14, 2026 @ 09:28:44.271","Cyber-DC",["T1078"],["Defense Evasion","Persistence","Privilege Escalation","Initial Access"],"Windows Logon Success","3","60106"
"Sep 14, 2026 @ 09:28:25.967","Cyber-DC",["T1078"],["Defense Evasion","Persistence","Privilege Escalation","Initial Access"],"Windows Logon Success","3","60106"
"Sep 14, 2026 @ 09:28:25.945","Cyber-DC",["T1078"],["Defense Evasion","Persistence","Privilege Escalation","Initial Access"],"Windows Logon Success","3","60106"
"Sep 14, 2026 @ 09:28:17.394","Cyber-DC",["T1078"],["Defense Evasion","Persistence","Privilege Escalation","Initial Access"],"Windows Logon Success","3","60106"
"Sep 14, 2026 @ 09:27:16.490","Cyber-DC",["T1078"],["Defense Evasion","Persistence","Privilege Escalation","Initial Access"],"Windows Logon Success","3","60106"
"Sep 14, 2026 @ 09:26:46.654","Cyber-Window-cilent",["T1112"],["Defense Evasion"],"Registry Value Entry Added to the System","5","752"
"Sep 14, 2026 @ 09:26:46.642","Cyber-Window-cilent",["T1112"],["Defense Evasion"],"Registry Value Entry Added to the System","5","752"
"Sep 14, 2026 @ 09:26:46.640","Cyber-Window-cilent",["T1112"],["Defense Evasion"],"Registry Value Entry Added to the System","5","752"
"Sep 14, 2026 @ 09:26:46.604","Cyber-Window-cilent",["T1565.001","T1112"],["Impact","Defense Evasion"],"Registry Key Integrity Checksum Changed","5","594"
"Sep 14, 2026 @ 09:26:46.560","Cyber-Window-cilent",["T1112"],["Defense Evasion"],"Registry Value Entry Added to the System","5","752"
"Sep 14, 2026 @ 09:26:46.512","Cyber-Window-cilent",["T1565.001","T1112"],["Impact","Defense Evasion"],"Registry Key Integrity Checksum Changed","5","594"
"Sep 14, 2026 @ 09:26:39.212","Cyber-Window-cilent",["T1565.001","T1112"],["Impact","Defense Evasion"],"Registry Value Integrity Checksum Changed","5","750"
"Sep 14, 2026 @ 09:26:39.212","Cyber-Window-cilent",["T1565.001","T1112"],["Impact","Defense Evasion"],"Registry Value Integrity Checksum Changed","5","750"
"Sep 14, 2026 @ 09:26:39.212","Cyber-Window-cilent",["T1565.001","T1112"],["Impact","Defense Evasion"],"Registry Value Integrity Checksum Changed","5","750"
"Sep 14, 2026 @ 09:26:39.192","Cyber-Window-cilent",["T1565.001","T1112"],["Impact","Defense Evasion"],"Registry Key Integrity Checksum Changed","5","594"
"Sep 14, 2026 @ 09:26:17.601","Cyber-DC",["T1078"],["Defense Evasion","Persistence","Privilege Escalation","Initial Access"],"Windows Logon Success","3","60106"
"Sep 14, 2026 @ 09:26:02.511","Cyber-Svr",["T1078"],["Defense Evasion","Persistence","Privilege Escalation","Initial Access"],"PAM: Login session opened.","3","5501"
"Sep 14, 2026 @ 09:26:02.510","Cyber-Svr",["T1548.003"],["Privilege Escalation","Defense Evasion"],"Successful sudo to ROOT executed.","3","5402"
"Sep 14, 2026 @ 09:26:00.518","Cyber-Svr",["T1078"],["Defense Evasion","Persistence","Privilege Escalation","Initial Access"],"PAM: Login session opened.","3","5501"
"Sep 14, 2026 @ 09:26:00.517","Cyber-Svr",["T1548.003"],["Privilege Escalation","Defense Evasion"],"Successful sudo to ROOT executed.","3","5402"
"Sep 14, 2026 @ 09:25:58.522","Cyber-Svr",["T1078"],["Defense Evasion","Persistence","Privilege Escalation","Initial Access"],"PAM: Login session opened.","3","5501"
"Sep 14, 2026 @ 09:25:58.522","Cyber-Svr",["T1548.003"],["Privilege Escalation","Defense Evasion"],"Successful sudo to ROOT executed.","3","5402"
"Sep 14, 2026 @ 09:25:58.522","Cyber-Svr",["T1548.003"],["Privilege Escalation","Defense Evasion"],"Successful sudo to ROOT executed.","3","5402"
"Sep 14, 2026 @ 09:25:58.522","Cyber-Svr",["T1078"],["Defense Evasion","Persistence","Privilege Escalation","Initial Access"],"PAM: Login session opened.","3","5501"
"Sep 14, 2026 @ 09:25:54.499","Cyber-Svr",["T1548.003"],["Privilege Escalation","Defense Evasion"],"First time user executed sudo.","4","5403"
"Sep 14, 2026 @ 09:25:54.499","Cyber-Svr",["T1078"],["Defense Evasion","Persistence","Privilege Escalation","Initial Access"],"PAM: Login session opened.","3","5501"
"Sep 14, 2026 @ 09:25:52.537","Cyber-Svr",["T1078"],["Defense Evasion","Persistence","Privilege Escalation","Initial Access"],"PAM: Login session opened.","3","5501"
"Sep 14, 2026 @ 09:25:52.531","Cyber-Svr",["T1548.003"],["Privilege Escalation","Defense Evasion"],"First time user executed sudo.","4","5403"
"Sep 14, 2026 @ 09:25:45.144","Cyber-Svr",["T1562.001"],["Defense Evasion"],"Wazuh agent stopped.","3","506"
"Sep 14, 2026 @ 09:25:32.633","Cyber-DC",["T1078"],["Defense Evasion","Persistence","Privilege Escalation","Initial Access"],"Windows Logon Success","3","60106"
"Sep 14, 2026 @ 09:25:24.205","Cyber-Window-cilent",["T1565.001","T1112"],["Impact","Defense Evasion"],"Registry Key Integrity Checksum Changed","5","594"
"Sep 14, 2026 @ 09:25:24.187","Cyber-Window-cilent",["T1565.001","T1112"],["Impact","Defense Evasion"],"Registry Key Integrity Checksum Changed","5","594"
"Sep 14, 2026 @ 09:25:24.174","Cyber-Window-cilent",["T1565.001","T1112"],["Impact","Defense Evasion"],"Registry Key Integrity Checksum Changed","5","594"
"Sep 14, 2026 @ 09:25:24.156","Cyber-Window-cilent",["T1565.001","T1112"],["Impact","Defense Evasion"],"Registry Key Integrity Checksum Changed","5","594"
"Sep 14, 2026 @ 09:25:24.139","Cyber-Window-cilent",["T1565.001","T1112"],["Impact","Defense Evasion"],"Registry Key Integrity Checksum Changed","5","594"
"Sep 14, 2026 @ 09:25:24.124","Cyber-Window-cilent",["T1565.001","T1112"],["Impact","Defense Evasion"],"Registry Key Integrity Checksum Changed","5","594"
"Sep 14, 2026 @ 09:25:24.109","Cyber-Window-cilent",["T1565.001","T1112"],["Impact","Defense Evasion"],"Registry Key Integrity Checksum Changed","5","594"
"Sep 14, 2026 @ 09:25:24.102","Cyber-Window-cilent",["T1565.001","T1112"],["Impact","Defense Evasion"],"Registry Key Integrity Checksum Changed","5","594"
"Sep 14, 2026 @ 09:25:24.102","Cyber-Window-cilent",["T1565.001","T1112"],["Impact","Defense Evasion"],"Registry Key Integrity Checksum Changed","5","594"
"Sep 14, 2026 @ 09:25:24.061","Cyber-Window-cilent",["T1565.001","T1112"],["Impact","Defense Evasion"],"Registry Key Integrity Checksum Changed","5","594"
"Sep 14, 2026 @ 09:25:24.050","Cyber-Window-cilent",["T1565.001","T1112"],["Impact","Defense Evasion"],"Registry Key Integrity Checksum Changed","5","594"
"Sep 14, 2026 @ 09:25:24.049","Cyber-Window-cilent",["T1565.001","T1112"],["Impact","Defense Evasion"],"Registry Key Integrity Checksum Changed","5","594"
"Sep 14, 2026 @ 09:25:24.049","Cyber-Window-cilent",["T1565.001","T1112"],["Impact","Defense Evasion"],"Registry Key Integrity Checksum Changed","5","594"
"Sep 14, 2026 @ 09:25:24.042","Cyber-Window-cilent",["T1565.001","T1112"],["Impact","Defense Evasion"],"Registry Key Integrity Checksum Changed","5","594"
"Sep 14, 2026 @ 09:25:21.700","Cyber-Window-cilent",["T1565.001","T1112"],["Impact","Defense Evasion"],"Registry Key Integrity Checksum Changed","5","594"
"Sep 14, 2026 @ 09:25:21.696","Cyber-Window-cilent",["T1565.001","T1112"],["Impact","Defense Evasion"],"Registry Key Integrity Checksum Changed","5","594"
"Sep 14, 2026 @ 09:25:21.634","Cyber-Window-cilent",["T1565.001","T1112"],["Impact","Defense Evasion"],"Registry Key Integrity Checksum Changed","5","594"
"Sep 14, 2026 @ 09:25:21.623","Cyber-Window-cilent",["T1565.001","T1112"],["Impact","Defense Evasion"],"Registry Key Integrity Checksum Changed","5","594"
"Sep 14, 2026 @ 09:25:21.440","Cyber-Window-cilent",["T1565.001","T1112"],["Impact","Defense Evasion"],"Registry Key Integrity Checksum Changed","5","594"
"Sep 14, 2026 @ 09:25:20.530","Cyber-Window-cilent",["T1565.001","T1112"],["Impact","Defense Evasion"],"Registry Key Integrity Checksum Changed","5","594"
"Sep 14, 2026 @ 09:25:20.489","Cyber-Window-cilent",["T1565.001","T1112"],["Impact","Defense Evasion"],"Registry Key Integrity Checksum Changed","5","594"
"Sep 14, 2026 @ 09:25:17.365","Cyber-DC",["T1078"],["Defense Evasion","Persistence","Privilege Escalation","Initial Access"],"Windows Logon Success","3","60106"
"Sep 14, 2026 @ 09:25:14.383","Cyber-Window-cilent",["T1565.001","T1112"],["Impact","Defense Evasion"],"Registry Value Integrity Checksum Changed","5","750"
"Sep 14, 2026 @ 09:25:14.366","Cyber-Window-cilent",["T1565.001","T1112"],["Impact","Defense Evasion"],"Registry Value Integrity Checksum Changed","5","750"
"Sep 14, 2026 @ 09:25:14.351","Cyber-Window-cilent",["T1565.001","T1112"],["Impact","Defense Evasion"],"Registry Value Integrity Checksum Changed","5","750"
"Sep 14, 2026 @ 09:25:14.334","Cyber-Window-cilent",["T1565.001","T1112"],["Impact","Defense Evasion"],"Registry Value Integrity Checksum Changed","5","750"
"Sep 14, 2026 @ 09:25:14.317","Cyber-Window-cilent",["T1565.001","T1112"],["Impact","Defense Evasion"],"Registry Key Integrity Checksum Changed","5","594"
"Sep 14, 2026 @ 09:25:14.317","Cyber-Window-cilent",["T1565.001","T1112"],["Impact","Defense Evasion"],"Registry Value Integrity Checksum Changed","5","750"
"Sep 14, 2026 @ 09:24:35.305","Cyber-Window-cilent",["T1078"],["Defense Evasion","Persistence","Privilege Escalation","Initial Access"],"Windows Logon Success","3","60106"
"Sep 14, 2026 @ 09:24:35.294","Cyber-Window-cilent",["T1078"],["Defense Evasion","Persistence","Privilege Escalation","Initial Access"],"Windows Logon Success","3","60106"
"Sep 14, 2026 @ 09:24:24.015","Cyber-Window-cilent",["T1078"],["Defense Evasion","Persistence","Privilege Escalation","Initial Access"],"Windows Logon Success","3","60106"
"Sep 14, 2026 @ 09:24:17.354","Cyber-DC",["T1078"],["Defense Evasion","Persistence","Privilege Escalation","Initial Access"],"Windows Logon Success","3","60106"
"Sep 14, 2026 @ 09:23:59.091","Cyber-Window-cilent",["T1112"],["Defense Evasion"],"Registry Value Entry Added to the System","5","752"
"Sep 14, 2026 @ 09:23:59.051","Cyber-Window-cilent",["T1565.001","T1112"],["Impact","Defense Evasion"],"Registry Value Integrity Checksum Changed","5","750"
"Sep 14, 2026 @ 09:23:59.035","Cyber-Window-cilent",["T1565.001","T1112"],["Impact","Defense Evasion"],"Registry Value Integrity Checksum Changed","5","750"
"Sep 14, 2026 @ 09:23:59.034","Cyber-Window-cilent",["T1565.001","T1112"],["Impact","Defense Evasion"],"Registry Value Integrity Checksum Changed","5","750"
"Sep 14, 2026 @ 09:23:59.034","Cyber-Window-cilent",["T1565.001","T1112"],["Impact","Defense Evasion"],"Registry Value Integrity Checksum Changed","5","750"
"Sep 14, 2026 @ 09:23:59.028","Cyber-Window-cilent",["T1565.001","T1112"],["Impact","Defense Evasion"],"Registry Key Integrity Checksum Changed","5","594"
"Sep 14, 2026 @ 09:23:58.117","Cyber-Window-cilent",["T1565.001","T1112"],["Impact","Defense Evasion"],"Registry Value Integrity Checksum Changed","5","750"
"Sep 14, 2026 @ 09:23:58.076","Cyber-Window-cilent",["T1565.001","T1112"],["Impact","Defense Evasion"],"Registry Value Integrity Checksum Changed","5","750"
"Sep 14, 2026 @ 09:23:58.075","Cyber-Window-cilent",["T1565.001","T1112"],["Impact","Defense Evasion"],"Registry Key Integrity Checksum Changed","5","594"
"Sep 14, 2026 @ 09:23:58.074","Cyber-Window-cilent",["T1565.001","T1112"],["Impact","Defense Evasion"],"Registry Value Integrity Checksum Changed","5","750"
"Sep 14, 2026 @ 09:23:58.074","Cyber-Window-cilent",["T1565.001","T1112"],["Impact","Defense Evasion"],"Registry Value Integrity Checksum Changed","5","750"
"Sep 14, 2026 @ 09:23:58.047","Cyber-Window-cilent",["T1565.001","T1112"],["Impact","Defense Evasion"],"Registry Key Integrity Checksum Changed","5","594"
"Sep 14, 2026 @ 09:23:56.240","Cyber-Window-cilent",["T1112"],["Defense Evasion"],"Registry Value Entry Added to the System","5","752"
"Sep 14, 2026 @ 09:23:56.237","Cyber-Window-cilent",["T1112"],["Defense Evasion"],"Registry Value Entry Added to the System","5","752"
"Sep 14, 2026 @ 09:23:56.237","Cyber-Window-cilent",["T1112"],["Defense Evasion"],"Registry Value Entry Added to the System","5","752"
"Sep 14, 2026 @ 09:23:56.202","Cyber-Window-cilent",["T1565.001","T1112"],["Impact","Defense Evasion"],"Registry Key Integrity Checksum Changed","5","594"
"Sep 14, 2026 @ 09:23:56.068","Cyber-Window-cilent",["T1112"],["Defense Evasion"],"Registry Value Entry Added to the System","5","752"
"Sep 14, 2026 @ 09:23:56.022","Cyber-Window-cilent",["T1565.001","T1112"],["Impact","Defense Evasion"],"Registry Key Integrity Checksum Changed","5","594"
"Sep 14, 2026 @ 09:23:47.273","Cyber-Window-cilent",["T1112"],["Defense Evasion"],"Registry Value Entry Added to the System","5","752"
"Sep 14, 2026 @ 09:23:46.476","Cyber-Window-cilent",["T1078"],["Defense Evasion","Persistence","Privilege Escalation","Initial Access"],"Windows Logon Success","3","60106"
"Sep 14, 2026 @ 09:23:46.191","Cyber-Window-cilent",["T1565.001","T1112"],["Impact","Defense Evasion"],"Registry Value Integrity Checksum Changed","5","750"
"Sep 14, 2026 @ 09:23:46.150","Cyber-Window-cilent",["T1565.001","T1112"],["Impact","Defense Evasion"],"Registry Value Integrity Checksum Changed","5","750"
"Sep 14, 2026 @ 09:23:46.135","Cyber-Window-cilent",["T1565.001","T1112"],["Impact","Defense Evasion"],"Registry Value Integrity Checksum Changed","5","750"
"Sep 14, 2026 @ 09:23:46.135","Cyber-Window-cilent",["T1565.001","T1112"],["Impact","Defense Evasion"],"Registry Value Integrity Checksum Changed","5","750"
"Sep 14, 2026 @ 09:23:46.134","Cyber-Window-cilent",["T1565.001","T1112"],["Impact","Defense Evasion"],"Registry Value Integrity Checksum Changed","5","750"
"Sep 14, 2026 @ 09:23:46.129","Cyber-Window-cilent",["T1565.001","T1112"],["Impact","Defense Evasion"],"Registry Key Integrity Checksum Changed","5","594"
"Sep 14, 2026 @ 09:23:44.250","Cyber-DC",["T1078"],["Defense Evasion","Persistence","Privilege Escalation","Initial Access"],"Windows Logon Success","3","60106"
"Sep 14, 2026 @ 09:23:43.188","Cyber-DC",["T1078"],["Defense Evasion","Persistence","Privilege Escalation","Initial Access"],"Windows Logon Success","3","60106"
"Sep 14, 2026 @ 09:23:43.185","Cyber-DC",["T1078"],["Defense Evasion","Persistence","Privilege Escalation","Initial Access"],"Windows Logon Success","3","60106"
"Sep 14, 2026 @ 09:23:43.179","Cyber-DC",["T1078"],["Defense Evasion","Persistence","Privilege Escalation","Initial Access"],"Windows Logon Success","3","60106"
"Sep 14, 2026 @ 09:23:39.164","Cyber-Window-cilent",["T1565.001","T1112"],["Impact","Defense Evasion"],"Registry Value Integrity Checksum Changed","5","750"
"Sep 14, 2026 @ 09:23:39.122","Cyber-Window-cilent",["T1565.001","T1112"],["Impact","Defense Evasion"],"Registry Key Integrity Checksum Changed","5","594"
"Sep 14, 2026 @ 09:23:35.280","Cyber-DC",["T1565.001","T1112"],["Impact","Defense Evasion"],"Registry Key Integrity Checksum Changed","5","594"
"Sep 14, 2026 @ 09:23:25.649","Cyber-DC",["T1078"],["Defense Evasion","Persistence","Privilege Escalation","Initial Access"],"Windows Logon Success","3","60106"
"Sep 14, 2026 @ 09:23:25.642","Cyber-DC",["T1078"],["Defense Evasion","Persistence","Privilege Escalation","Initial Access"],"Windows Logon Success","3","60106"
"Sep 14, 2026 @ 09:23:17.302","Cyber-DC",["T1078"],["Defense Evasion","Persistence","Privilege Escalation","Initial Access"],"Windows Logon Success","3","60106"
"Sep 14, 2026 @ 09:23:01.418","Cyber-DC",["T1078"],["Defense Evasion","Persistence","Privilege Escalation","Initial Access"],"Windows Logon Success","3","60106"
"Sep 14, 2026 @ 09:22:33.217","Cyber-Window-cilent",["T1070.004","T1485","T1112"],["Defense Evasion","Impact"],"Registry Value Entry Deleted.","5","751"
"Sep 14, 2026 @ 09:22:33.199","Cyber-Window-cilent",["T1070.004","T1485","T1112"],["Defense Evasion","Impact"],"Registry Value Entry Deleted.","5","751"
"Sep 14, 2026 @ 09:22:33.182","Cyber-Window-cilent",["T1070.004","T1485","T1112"],["Defense Evasion","Impact"],"Registry Value Entry Deleted.","5","751"
"Sep 14, 2026 @ 09:22:33.165","Cyber-Window-cilent",["T1070.004","T1485","T1112"],["Defense Evasion","Impact"],"Registry Value Entry Deleted.","5","751"
"Sep 14, 2026 @ 09:22:33.148","Cyber-Window-cilent",["T1070.004","T1485","T1112"],["Defense Evasion","Impact"],"Registry Value Entry Deleted.","5","751"
"Sep 14, 2026 @ 09:22:33.147","Cyber-Window-cilent",["T1070.004","T1485","T1112"],["Defense Evasion","Impact"],"Registry Value Entry Deleted.","5","751"
"Sep 14, 2026 @ 09:22:33.117","Cyber-Window-cilent",["T1565.001","T1112"],["Impact","Defense Evasion"],"Registry Value Integrity Checksum Changed","5","750"
"Sep 14, 2026 @ 09:22:33.074","Cyber-Window-cilent",["T1565.001","T1112"],["Impact","Defense Evasion"],"Registry Key Integrity Checksum Changed","5","594"
"Sep 14, 2026 @ 09:22:32.880","Cyber-Window-cilent",["T1565.001","T1112"],["Impact","Defense Evasion"],"Registry Key Integrity Checksum Changed","5","594"
"Sep 14, 2026 @ 09:22:32.878","Cyber-Window-cilent",["T1112"],["Defense Evasion"],"Registry Key Entry Added to the System","5","598"
"Sep 14, 2026 @ 09:22:32.877","Cyber-Window-cilent",["T1112"],["Defense Evasion"],"Registry Value Entry Added to the System","5","752"
"Sep 14, 2026 @ 09:22:32.849","Cyber-Window-cilent",["T1112"],["Defense Evasion"],"Registry Key Entry Added to the System","5","598"
"Sep 14, 2026 @ 09:22:32.117","Cyber-Window-cilent",["T1565.001","T1112"],["Impact","Defense Evasion"],"Registry Key Integrity Checksum Changed","5","594"
"Sep 14, 2026 @ 09:22:32.017","Cyber-Window-cilent",["T1565.001","T1112"],["Impact","Defense Evasion"],"Registry Key Integrity Checksum Changed","5","594"
"Sep 14, 2026 @ 09:22:32.005","Cyber-Window-cilent",["T1565.001","T1112"],["Impact","Defense Evasion"],"Registry Key Integrity Checksum Changed","5","594"
"Sep 14, 2026 @ 09:22:32.003","Cyber-Window-cilent",["T1565.001","T1112"],["Impact","Defense Evasion"],"Registry Key Integrity Checksum Changed","5","594"
"Sep 14, 2026 @ 09:22:32.002","Cyber-Window-cilent",["T1112"],["Defense Evasion"],"Registry Value Entry Added to the System","5","752"
"Sep 14, 2026 @ 09:22:31.985","Cyber-Window-cilent",["T1112"],["Defense Evasion"],"Registry Value Entry Added to the System","5","752"
"Sep 14, 2026 @ 09:22:31.969","Cyber-Window-cilent",["T1112"],["Defense Evasion"],"Registry Value Entry Added to the System","5","752"
"Sep 14, 2026 @ 09:22:31.953","Cyber-Window-cilent",["T1112"],["Defense Evasion"],"Registry Value Entry Added to the System","5","752"
"Sep 14, 2026 @ 09:22:31.937","Cyber-Window-cilent",["T1112"],["Defense Evasion"],"Registry Value Entry Added to the System","5","752"
"Sep 14, 2026 @ 09:22:31.921","Cyber-Window-cilent",["T1112"],["Defense Evasion"],"Registry Value Entry Added to the System","5","752"
"Sep 14, 2026 @ 09:22:31.905","Cyber-Window-cilent",["T1112"],["Defense Evasion"],"Registry Value Entry Added to the System","5","752"
"Sep 14, 2026 @ 09:22:31.890","Cyber-Window-cilent",["T1112"],["Defense Evasion"],"Registry Key Entry Added to the System","5","598"
"Sep 14, 2026 @ 09:22:31.879","Cyber-Window-cilent",["T1112"],["Defense Evasion"],"Registry Value Entry Added to the System","5","752"
"Sep 14, 2026 @ 09:22:31.879","Cyber-Window-cilent",["T1112"],["Defense Evasion"],"Registry Key Entry Added to the System","5","598"
"Sep 14, 2026 @ 09:22:31.319","Cyber-Window-cilent",["T1112"],["Defense Evasion"],"Registry Value Entry Added to the System","5","752"
"Sep 14, 2026 @ 09:22:31.303","Cyber-Window-cilent",["T1112"],["Defense Evasion"],"Registry Value Entry Added to the System","5","752"
"Sep 14, 2026 @ 09:22:31.286","Cyber-Window-cilent",["T1112"],["Defense Evasion"],"Registry Value Entry Added to the System","5","752"
"Sep 14, 2026 @ 09:22:31.280","Cyber-Window-cilent",["T1112"],["Defense Evasion"],"Registry Value Entry Added to the System","5","752"
"Sep 14, 2026 @ 09:22:31.280","Cyber-Window-cilent",["T1112"],["Defense Evasion"],"Registry Value Entry Added to the System","5","752"
"Sep 14, 2026 @ 09:22:31.237","Cyber-Window-cilent",["T1112"],["Defense Evasion"],"Registry Value Entry Added to the System","5","752"
"Sep 14, 2026 @ 09:22:31.231","Cyber-Window-cilent",["T1112"],["Defense Evasion"],"Registry Key Entry Added to the System","5","598"
"Sep 14, 2026 @ 09:22:31.222","Cyber-Window-cilent",["T1112"],["Defense Evasion"],"Registry Value Entry Added to the System","5","752"
"Sep 14, 2026 @ 09:22:31.222","Cyber-Window-cilent",["T1112"],["Defense Evasion"],"Registry Value Entry Added to the System","5","752"
"Sep 14, 2026 @ 09:22:31.203","Cyber-Window-cilent",["T1112"],["Defense Evasion"],"Registry Key Entry Added to the System","5","598"
"Sep 14, 2026 @ 09:22:30.556","Cyber-Window-cilent",["T1565.001","T1112"],["Impact","Defense Evasion"],"Registry Key Integrity Checksum Changed","5","594"
"Sep 14, 2026 @ 09:22:30.547","Cyber-Window-cilent",["T1112"],["Defense Evasion"],"Registry Key Entry Added to the System","5","598"
"Sep 14, 2026 @ 09:22:30.544","Cyber-Window-cilent",["T1112"],["Defense Evasion"],"Registry Key Entry Added to the System","5","598"
"Sep 14, 2026 @ 09:22:30.272","Cyber-Window-cilent",["T1112"],["Defense Evasion"],"Registry Value Entry Added to the System","5","752"
"Sep 14, 2026 @ 09:22:29.430","Cyber-Window-cilent",["T1112"],["Defense Evasion"],"Registry Value Entry Added to the System","5","752"
"Sep 14, 2026 @ 09:22:29.416","Cyber-Window-cilent",["T1112"],["Defense Evasion"],"Registry Value Entry Added to the System","5","752"
"Sep 14, 2026 @ 09:22:29.398","Cyber-Window-cilent",["T1112"],["Defense Evasion"],"Registry Value Entry Added to the System","5","752"
"Sep 14, 2026 @ 09:22:29.382","Cyber-Window-cilent",["T1112"],["Defense Evasion"],"Registry Value Entry Added to the System","5","752"
"Sep 14, 2026 @ 09:22:29.366","Cyber-Window-cilent",["T1112"],["Defense Evasion"],"Registry Value Entry Added to the System","5","752"
"Sep 14, 2026 @ 09:22:29.350","Cyber-Window-cilent",["T1112"],["Defense Evasion"],"Registry Value Entry Added to the System","5","752"
"Sep 14, 2026 @ 09:22:29.334","Cyber-Window-cilent",["T1112"],["Defense Evasion"],"Registry Key Entry Added to the System","5","598"
"Sep 14, 2026 @ 09:22:29.319","Cyber-Window-cilent",["T1112"],["Defense Evasion"],"Registry Value Entry Added to the System","5","752"
"Sep 14, 2026 @ 09:22:29.304","Cyber-Window-cilent",["T1112"],["Defense Evasion"],"Registry Key Entry Added to the System","5","598"
"Sep 14, 2026 @ 09:22:29.288","Cyber-Window-cilent",["T1112"],["Defense Evasion"],"Registry Value Entry Added to the System","5","752"
"Sep 14, 2026 @ 09:22:29.274","Cyber-Window-cilent",["T1112"],["Defense Evasion"],"Registry Value Entry Added to the System","5","752"
"Sep 14, 2026 @ 09:22:29.274","Cyber-Window-cilent",["T1112"],["Defense Evasion"],"Registry Value Entry Added to the System","5","752"
"Sep 14, 2026 @ 09:22:29.255","Cyber-Window-cilent",["T1112"],["Defense Evasion"],"Registry Value Entry Added to the System","5","752"
"Sep 14, 2026 @ 09:22:29.240","Cyber-Window-cilent",["T1112"],["Defense Evasion"],"Registry Value Entry Added to the System","5","752"
"Sep 14, 2026 @ 09:22:29.224","Cyber-Window-cilent",["T1112"],["Defense Evasion"],"Registry Value Entry Added to the System","5","752"
"Sep 14, 2026 @ 09:22:29.209","Cyber-Window-cilent",["T1112"],["Defense Evasion"],"Registry Value Entry Added to the System","5","752"
"Sep 14, 2026 @ 09:22:29.193","Cyber-Window-cilent",["T1112"],["Defense Evasion"],"Registry Key Entry Added to the System","5","598"
"Sep 14, 2026 @ 09:22:29.177","Cyber-Window-cilent",["T1112"],["Defense Evasion"],"Registry Value Entry Added to the System","5","752"
"Sep 14, 2026 @ 09:22:29.162","Cyber-Window-cilent",["T1112"],["Defense Evasion"],"Registry Key Entry Added to the System","5","598"
"Sep 14, 2026 @ 09:22:29.148","Cyber-Window-cilent",["T1112"],["Defense Evasion"],"Registry Value Entry Added to the System","5","752"
"Sep 14, 2026 @ 09:22:29.130","Cyber-Window-cilent",["T1112"],["Defense Evasion"],"Registry Value Entry Added to the System","5","752"
"Sep 14, 2026 @ 09:22:29.114","Cyber-Window-cilent",["T1112"],["Defense Evasion"],"Registry Value Entry Added to the System","5","752"
"Sep 14, 2026 @ 09:22:29.098","Cyber-Window-cilent",["T1112"],["Defense Evasion"],"Registry Value Entry Added to the System","5","752"
"Sep 14, 2026 @ 09:22:29.083","Cyber-Window-cilent",["T1112"],["Defense Evasion"],"Registry Value Entry Added to the System","5","752"
"Sep 14, 2026 @ 09:22:29.067","Cyber-Window-cilent",["T1112"],["Defense Evasion"],"Registry Value Entry Added to the System","5","752"
"Sep 14, 2026 @ 09:22:29.051","Cyber-Window-cilent",["T1112"],["Defense Evasion"],"Registry Value Entry Added to the System","5","752"
"Sep 14, 2026 @ 09:22:29.035","Cyber-Window-cilent",["T1112"],["Defense Evasion"],"Registry Key Entry Added to the System","5","598"
"Sep 14, 2026 @ 09:22:29.027","Cyber-Window-cilent",["T1112"],["Defense Evasion"],"Registry Key Entry Added to the System","5","598"
"Sep 14, 2026 @ 09:22:29.027","Cyber-Window-cilent",["T1112"],["Defense Evasion"],"Registry Value Entry Added to the System","5","752"
"Sep 14, 2026 @ 09:22:28.907","Cyber-Window-cilent",["T1565.001","T1112"],["Impact","Defense Evasion"],"Registry Key Integrity Checksum Changed","5","594"
"Sep 14, 2026 @ 09:22:27.727","Cyber-Window-cilent",["T1112"],["Defense Evasion"],"Registry Value Entry Added to the System","5","752"
"Sep 14, 2026 @ 09:22:27.685","Cyber-Window-cilent",["T1112"],["Defense Evasion"],"Registry Value Entry Added to the System","5","752"
"Sep 14, 2026 @ 09:22:27.673","Cyber-Window-cilent",["T1112"],["Defense Evasion"],"Registry Value Entry Added to the System","5","752"
"Sep 14, 2026 @ 09:22:27.670","Cyber-Window-cilent",["T1112"],["Defense Evasion"],"Registry Value Entry Added to the System","5","752"
"Sep 14, 2026 @ 09:22:27.669","Cyber-Window-cilent",["T1112"],["Defense Evasion"],"Registry Value Entry Added to the System","5","752"
"Sep 14, 2026 @ 09:22:27.633","Cyber-Window-cilent",["T1565.001","T1112"],["Impact","Defense Evasion"],"Registry Key Integrity Checksum Changed","5","594"
"Sep 14, 2026 @ 09:22:27.586","Cyber-Window-cilent",["T1112"],["Defense Evasion"],"Registry Value Entry Added to the System","5","752"
"Sep 14, 2026 @ 09:22:27.543","Cyber-Window-cilent",["T1565.001","T1112"],["Impact","Defense Evasion"],"Registry Key Integrity Checksum Changed","5","594"
"Sep 14, 2026 @ 09:22:27.519","Cyber-Window-cilent",["T1565.001","T1112"],["Impact","Defense Evasion"],"Registry Key Integrity Checksum Changed","5","594"
"Sep 14, 2026 @ 09:22:27.519","Cyber-Window-cilent",["T1565.001","T1112"],["Impact","Defense Evasion"],"Registry Value Integrity Checksum Changed","5","750"
"Sep 14, 2026 @ 09:22:27.364","Cyber-Window-cilent",["T1565.001","T1112"],["Impact","Defense Evasion"],"Registry Key Integrity Checksum Changed","5","594"
"Sep 14, 2026 @ 09:22:27.322","Cyber-Window-cilent",["T1565.001","T1112"],["Impact","Defense Evasion"],"Registry Key Integrity Checksum Changed","5","594"
"Sep 14, 2026 @ 09:22:25.924","Cyber-Window-cilent",["T1112"],["Defense Evasion"],"Registry Value Entry Added to the System","5","752"
"Sep 14, 2026 @ 09:22:25.908","Cyber-Window-cilent",["T1112"],["Defense Evasion"],"Registry Value Entry Added to the System","5","752"
"Sep 14, 2026 @ 09:22:25.893","Cyber-Window-cilent",["T1112"],["Defense Evasion"],"Registry Value Entry Added to the System","5","752"
"Sep 14, 2026 @ 09:22:25.876","Cyber-Window-cilent",["T1112"],["Defense Evasion"],"Registry Value Entry Added to the System","5","752"
"Sep 14, 2026 @ 09:22:25.859","Cyber-Window-cilent",["T1112"],["Defense Evasion"],"Registry Value Entry Added to the System","5","752"
"Sep 14, 2026 @ 09:22:25.843","Cyber-Window-cilent",["T1112"],["Defense Evasion"],"Registry Value Entry Added to the System","5","752"
"Sep 14, 2026 @ 09:22:25.833","Cyber-Window-cilent",["T1112"],["Defense Evasion"],"Registry Value Entry Added to the System","5","752"
"Sep 14, 2026 @ 09:22:25.833","Cyber-Window-cilent",["T1112"],["Defense Evasion"],"Registry Key Entry Added to the System","5","598"
"Sep 14, 2026 @ 09:22:24.892","Cyber-Window-cilent",["T1112"],["Defense Evasion"],"Registry Key Entry Added to the System","5","598"
"Sep 14, 2026 @ 09:22:24.876","Cyber-Window-cilent",["T1112"],["Defense Evasion"],"Registry Value Entry Added to the System","5","752"
"Sep 14, 2026 @ 09:22:24.860","Cyber-Window-cilent",["T1112"],["Defense Evasion"],"Registry Value Entry Added to the System","5","752"
"Sep 14, 2026 @ 09:22:24.843","Cyber-Window-cilent",["T1112"],["Defense Evasion"],"Registry Value Entry Added to the System","5","752"
"Sep 14, 2026 @ 09:22:24.827","Cyber-Window-cilent",["T1112"],["Defense Evasion"],"Registry Value Entry Added to the System","5","752"
"Sep 14, 2026 @ 09:22:24.820","Cyber-Window-cilent",["T1112"],["Defense Evasion"],"Registry Key Entry Added to the System","5","598"
"Sep 14, 2026 @ 09:22:24.820","Cyber-Window-cilent",["T1112"],["Defense Evasion"],"Registry Value Entry Added to the System","5","752"
"Sep 14, 2026 @ 09:22:24.814","Cyber-Window-cilent",["T1112"],["Defense Evasion"],"Registry Value Entry Added to the System","5","752"
"Sep 14, 2026 @ 09:22:24.813","Cyber-Window-cilent",["T1112"],["Defense Evasion"],"Registry Key Entry Added to the System","5","598"
"Sep 14, 2026 @ 09:22:24.574","Cyber-Window-cilent",["T1112"],["Defense Evasion"],"Registry Value Entry Added to the System","5","752"
"Sep 14, 2026 @ 09:22:24.559","Cyber-Window-cilent",["T1112"],["Defense Evasion"],"Registry Value Entry Added to the System","5","752"
"Sep 14, 2026 @ 09:22:24.556","Cyber-Window-cilent",["T1112"],["Defense Evasion"],"Registry Value Entry Added to the System","5","752"
"Sep 14, 2026 @ 09:22:24.555","Cyber-Window-cilent",["T1112"],["Defense Evasion"],"Registry Value Entry Added to the System","5","752"
"Sep 14, 2026 @ 09:22:24.555","Cyber-Window-cilent",["T1112"],["Defense Evasion"],"Registry Value Entry Added to the System","5","752"
"Sep 14, 2026 @ 09:22:24.513","Cyber-Window-cilent",["T1112"],["Defense Evasion"],"Registry Value Entry Added to the System","5","752"
"Sep 14, 2026 @ 09:22:24.507","Cyber-Window-cilent",["T1112"],["Defense Evasion"],"Registry Value Entry Added to the System","5","752"
"Sep 14, 2026 @ 09:22:24.507","Cyber-Window-cilent",["T1112"],["Defense Evasion"],"Registry Key Entry Added to the System","5","598"
"Sep 14, 2026 @ 09:22:24.506","Cyber-Window-cilent",["T1112"],["Defense Evasion"],"Registry Value Entry Added to the System","5","752"
"Sep 14, 2026 @ 09:22:24.499","Cyber-Window-cilent",["T1112"],["Defense Evasion"],"Registry Key Entry Added to the System","5","598"
"Sep 14, 2026 @ 09:22:23.093","Cyber-Window-cilent",["T1112"],["Defense Evasion"],"Registry Value Entry Added to the System","5","752"
"Sep 14, 2026 @ 09:22:23.086","Cyber-Window-cilent",["T1112"],["Defense Evasion"],"Registry Value Entry Added to the System","5","752"
"Sep 14, 2026 @ 09:22:23.078","Cyber-Window-cilent",["T1112"],["Defense Evasion"],"Registry Value Entry Added to the System","5","752"
"Sep 14, 2026 @ 09:22:23.037","Cyber-Window-cilent",["T1112"],["Defense Evasion"],"Registry Value Entry Added to the System","5","752"
"Sep 14, 2026 @ 09:22:23.037","Cyber-Window-cilent",["T1112"],["Defense Evasion"],"Registry Value Entry Added to the System","5","752"
"Sep 14, 2026 @ 09:22:23.023","Cyber-Window-cilent",["T1112"],["Defense Evasion"],"Registry Value Entry Added to the System","5","752"
"Sep 14, 2026 @ 09:22:23.022","Cyber-Window-cilent",["T1112"],["Defense Evasion"],"Registry Value Entry Added to the System","5","752"
"Sep 14, 2026 @ 09:22:23.011","Cyber-Window-cilent",["T1112"],["Defense Evasion"],"Registry Key Entry Added to the System","5","598"
"Sep 14, 2026 @ 09:22:22.998","Cyber-Window-cilent",["T1112"],["Defense Evasion"],"Registry Value Entry Added to the System","5","752"
"Sep 14, 2026 @ 09:22:22.998","Cyber-Window-cilent",["T1112"],["Defense Evasion"],"Registry Key Entry Added to the System","5","598"
"Sep 14, 2026 @ 09:22:22.993","Cyber-Window-cilent",["T1112"],["Defense Evasion"],"Registry Value Entry Added to the System","5","752"
"Sep 14, 2026 @ 09:22:22.976","Cyber-Window-cilent",["T1112"],["Defense Evasion"],"Registry Value Entry Added to the System","5","752"
"Sep 14, 2026 @ 09:22:22.957","Cyber-Window-cilent",["T1112"],["Defense Evasion"],"Registry Value Entry Added to the System","5","752"
"Sep 14, 2026 @ 09:22:22.942","Cyber-Window-cilent",["T1112"],["Defense Evasion"],"Registry Value Entry Added to the System","5","752"
"Sep 14, 2026 @ 09:22:22.940","Cyber-Window-cilent",["T1112"],["Defense Evasion"],"Registry Value Entry Added to the System","5","752"
"Sep 14, 2026 @ 09:22:22.922","Cyber-Window-cilent",["T1112"],["Defense Evasion"],"Registry Value Entry Added to the System","5","752"
"Sep 14, 2026 @ 09:22:22.906","Cyber-Window-cilent",["T1112"],["Defense Evasion"],"Registry Value Entry Added to the System","5","752"
"Sep 14, 2026 @ 09:22:22.890","Cyber-Window-cilent",["T1112"],["Defense Evasion"],"Registry Value Entry Added to the System","5","752"
"Sep 14, 2026 @ 09:22:22.873","Cyber-Window-cilent",["T1112"],["Defense Evasion"],"Registry Value Entry Added to the System","5","752"
"Sep 14, 2026 @ 09:22:22.871","Cyber-Window-cilent",["T1112"],["Defense Evasion"],"Registry Value Entry Added to the System","5","752"
"Sep 14, 2026 @ 09:22:22.870","Cyber-Window-cilent",["T1112"],["Defense Evasion"],"Registry Key Entry Added to the System","5","598"
"Sep 14, 2026 @ 09:22:22.865","Cyber-Window-cilent",["T1112"],["Defense Evasion"],"Registry Value Entry Added to the System","5","752"
"Sep 14, 2026 @ 09:22:22.864","Cyber-Window-cilent",["T1112"],["Defense Evasion"],"Registry Key Entry Added to the System","5","598"
"Sep 14, 2026 @ 09:22:22.811","Cyber-Window-cilent",["T1112"],["Defense Evasion"],"Registry Value Entry Added to the System","5","752"
"Sep 14, 2026 @ 09:22:22.796","Cyber-Window-cilent",["T1112"],["Defense Evasion"],"Registry Value Entry Added to the System","5","752"
"Sep 14, 2026 @ 09:22:22.779","Cyber-Window-cilent",["T1112"],["Defense Evasion"],"Registry Value Entry Added to the System","5","752"
"Sep 14, 2026 @ 09:22:22.763","Cyber-Window-cilent",["T1112"],["Defense Evasion"],"Registry Value Entry Added to the System","5","752"
"Sep 14, 2026 @ 09:22:22.746","Cyber-Window-cilent",["T1112"],["Defense Evasion"],"Registry Value Entry Added to the System","5","752"
"Sep 14, 2026 @ 09:22:22.730","Cyber-Window-cilent",["T1112"],["Defense Evasion"],"Registry Value Entry Added to the System","5","752"
"Sep 14, 2026 @ 09:22:22.726","Cyber-Window-cilent",["T1112"],["Defense Evasion"],"Registry Key Entry Added to the System","5","598"
"Sep 14, 2026 @ 09:22:22.726","Cyber-Window-cilent",["T1112"],["Defense Evasion"],"Registry Value Entry Added to the System","5","752"
"Sep 14, 2026 @ 09:22:21.548","Cyber-Window-cilent",["T1112"],["Defense Evasion"],"Registry Key Entry Added to the System","5","598"
"Sep 14, 2026 @ 09:22:21.530","Cyber-Window-cilent",["T1112"],["Defense Evasion"],"Registry Value Entry Added to the System","5","752"
"Sep 14, 2026 @ 09:22:21.514","Cyber-Window-cilent",["T1112"],["Defense Evasion"],"Registry Value Entry Added to the System","5","752"
"Sep 14, 2026 @ 09:22:21.501","Cyber-Window-cilent",["T1112"],["Defense Evasion"],"Registry Value Entry Added to the System","5","752"
"Sep 14, 2026 @ 09:22:21.499","Cyber-Window-cilent",["T1112"],["Defense Evasion"],"Registry Value Entry Added to the System","5","752"
"Sep 14, 2026 @ 09:22:21.498","Cyber-Window-cilent",["T1112"],["Defense Evasion"],"Registry Value Entry Added to the System","5","752"
"Sep 14, 2026 @ 09:22:21.480","Cyber-Window-cilent",["T1112"],["Defense Evasion"],"Registry Key Entry Added to the System","5","598"
"Sep 14, 2026 @ 09:22:21.458","Cyber-Window-cilent",["T1112"],["Defense Evasion"],"Registry Value Entry Added to the System","5","752"
"Sep 14, 2026 @ 09:22:21.442","Cyber-Window-cilent",["T1112"],["Defense Evasion"],"Registry Key Entry Added to the System","5","598"
"Sep 14, 2026 @ 09:22:21.426","Cyber-Window-cilent",["T1112"],["Defense Evasion"],"Registry Value Entry Added to the System","5","752"
"Sep 14, 2026 @ 09:22:21.409","Cyber-Window-cilent",["T1112"],["Defense Evasion"],"Registry Value Entry Added to the System","5","752"
"Sep 14, 2026 @ 09:22:21.394","Cyber-Window-cilent",["T1112"],["Defense Evasion"],"Registry Value Entry Added to the System","5","752"
"Sep 14, 2026 @ 09:22:21.388","Cyber-Window-cilent",["T1112"],["Defense Evasion"],"Registry Value Entry Added to the System","5","752"
"Sep 14, 2026 @ 09:22:21.388","Cyber-Window-cilent",["T1112"],["Defense Evasion"],"Registry Value Entry Added to the System","5","752"
"Sep 14, 2026 @ 09:22:21.346","Cyber-Window-cilent",["T1112"],["Defense Evasion"],"Registry Value Entry Added to the System","5","752"
"Sep 14, 2026 @ 09:22:21.332","Cyber-Window-cilent",["T1112"],["Defense Evasion"],"Registry Value Entry Added to the System","5","752"
"Sep 14, 2026 @ 09:22:21.331","Cyber-Window-cilent",["T1112"],["Defense Evasion"],"Registry Value Entry Added to the System","5","752"
"Sep 14, 2026 @ 09:22:21.330","Cyber-Window-cilent",["T1112"],["Defense Evasion"],"Registry Key Entry Added to the System","5","598"
"Sep 14, 2026 @ 09:22:21.306","Cyber-Window-cilent",["T1112"],["Defense Evasion"],"Registry Key Entry Added to the System","5","598"
"Sep 14, 2026 @ 09:22:20.945","Cyber-Window-cilent",["T1112"],["Defense Evasion"],"Registry Value Entry Added to the System","5","752"
"Sep 14, 2026 @ 09:22:20.924","Cyber-Window-cilent",["T1112"],["Defense Evasion"],"Registry Value Entry Added to the System","5","752"
"Sep 14, 2026 @ 09:22:20.910","Cyber-Window-cilent",["T1112"],["Defense Evasion"],"Registry Value Entry Added to the System","5","752"
"Sep 14, 2026 @ 09:22:20.893","Cyber-Window-cilent",["T1112"],["Defense Evasion"],"Registry Value Entry Added to the System","5","752"
"Sep 14, 2026 @ 09:22:20.877","Cyber-Window-cilent",["T1112"],["Defense Evasion"],"Registry Value Entry Added to the System","5","752"
"Sep 14, 2026 @ 09:22:20.861","Cyber-Window-cilent",["T1112"],["Defense Evasion"],"Registry Value Entry Added to the System","5","752"
"Sep 14, 2026 @ 09:22:20.845","Cyber-Window-cilent",["T1112"],["Defense Evasion"],"Registry Value Entry Added to the System","5","752"
"Sep 14, 2026 @ 09:22:20.845","Cyber-Window-cilent",["T1112"],["Defense Evasion"],"Registry Key Entry Added to the System","5","598"
"Sep 14, 2026 @ 09:22:20.838","Cyber-Window-cilent",["T1112"],["Defense Evasion"],"Registry Value Entry Added to the System","5","752"
"Sep 14, 2026 @ 09:22:20.837","Cyber-Window-cilent",["T1112"],["Defense Evasion"],"Registry Key Entry Added to the System","5","598"
"Sep 14, 2026 @ 09:22:19.536","Cyber-Window-cilent",["T1565.001","T1112"],["Impact","Defense Evasion"],"Registry Value Integrity Checksum Changed","5","750"
"Sep 14, 2026 @ 09:22:19.519","Cyber-Window-cilent",["T1565.001","T1112"],["Impact","Defense Evasion"],"Registry Key Integrity Checksum Changed","5","594"
"Sep 14, 2026 @ 09:22:19.504","Cyber-Window-cilent",["T1112"],["Defense Evasion"],"Registry Value Entry Added to the System","5","752"
"Sep 14, 2026 @ 09:22:19.486","Cyber-Window-cilent",["T1112"],["Defense Evasion"],"Registry Value Entry Added to the System","5","752"
"Sep 14, 2026 @ 09:22:19.471","Cyber-Window-cilent",["T1112"],["Defense Evasion"],"Registry Value Entry Added to the System","5","752"
"Sep 14, 2026 @ 09:22:19.455","Cyber-Window-cilent",["T1112"],["Defense Evasion"],"Registry Value Entry Added to the System","5","752"
"Sep 14, 2026 @ 09:22:19.438","Cyber-Window-cilent",["T1112"],["Defense Evasion"],"Registry Value Entry Added to the System","5","752"
"Sep 14, 2026 @ 09:22:19.423","Cyber-Window-cilent",["T1112"],["Defense Evasion"],"Registry Value Entry Added to the System","5","752"
"Sep 14, 2026 @ 09:22:19.407","Cyber-Window-cilent",["T1112"],["Defense Evasion"],"Registry Value Entry Added to the System","5","752"
"Sep 14, 2026 @ 09:22:19.392","Cyber-Window-cilent",["T1112"],["Defense Evasion"],"Registry Key Entry Added to the System","5","598"
"Sep 14, 2026 @ 09:22:19.375","Cyber-Window-cilent",["T1112"],["Defense Evasion"],"Registry Key Entry Added to the System","5","598"
"Sep 14, 2026 @ 09:22:19.360","Cyber-Window-cilent",["T1112"],["Defense Evasion"],"Registry Value Entry Added to the System","5","752"
"Sep 14, 2026 @ 09:22:19.353","Cyber-Window-cilent",["T1112"],["Defense Evasion"],"Registry Value Entry Added to the System","5","752"
"Sep 14, 2026 @ 09:22:19.353","Cyber-Window-cilent",["T1112"],["Defense Evasion"],"Registry Value Entry Added to the System","5","752"
"Sep 14, 2026 @ 09:22:19.312","Cyber-Window-cilent",["T1112"],["Defense Evasion"],"Registry Value Entry Added to the System","5","752"
"Sep 14, 2026 @ 09:22:19.310","Cyber-Window-cilent",["T1112"],["Defense Evasion"],"Registry Value Entry Added to the System","5","752"
"Sep 14, 2026 @ 09:22:19.308","Cyber-Window-cilent",["T1112"],["Defense Evasion"],"Registry Value Entry Added to the System","5","752"
"Sep 14, 2026 @ 09:22:19.308","Cyber-Window-cilent",["T1112"],["Defense Evasion"],"Registry Key Entry Added to the System","5","598"
"Sep 14, 2026 @ 09:22:19.302","Cyber-Window-cilent",["T1112"],["Defense Evasion"],"Registry Key Entry Added to the System","5","598"
"Sep 14, 2026 @ 09:22:17.252","Cyber-DC",["T1078"],["Defense Evasion","Persistence","Privilege Escalation","Initial Access"],"Windows Logon Success","3","60106"
"Sep 14, 2026 @ 09:22:15.947","Cyber-Window-cilent",["T1565.001","T1112"],["Impact","Defense Evasion"],"Registry Value Integrity Checksum Changed","5","750"
"Sep 14, 2026 @ 09:22:15.934","Cyber-Window-cilent",["T1565.001","T1112"],["Impact","Defense Evasion"],"Registry Value Integrity Checksum Changed","5","750"
"Sep 14, 2026 @ 09:22:14.996","Cyber-Window-cilent",["T1565.001","T1112"],["Impact","Defense Evasion"],"Registry Key Integrity Checksum Changed","5","594"
"Sep 14, 2026 @ 09:22:14.996","Cyber-Window-cilent",["T1565.001","T1112"],["Impact","Defense Evasion"],"Registry Value Integrity Checksum Changed","5","750"
"Sep 14, 2026 @ 09:22:14.730","Cyber-Window-cilent",["T1565.001","T1112"],["Impact","Defense Evasion"],"Registry Value Integrity Checksum Changed","5","750"
"Sep 14, 2026 @ 09:22:14.712","Cyber-Window-cilent",["T1565.001","T1112"],["Impact","Defense Evasion"],"Registry Key Integrity Checksum Changed","5","594"
"Sep 14, 2026 @ 09:22:14.697","Cyber-Window-cilent",["T1112"],["Defense Evasion"],"Registry Value Entry Added to the System","5","752"
"Sep 14, 2026 @ 09:22:14.690","Cyber-Window-cilent",["T1112"],["Defense Evasion"],"Registry Value Entry Added to the System","5","752"
"Sep 14, 2026 @ 09:22:14.689","Cyber-Window-cilent",["T1112"],["Defense Evasion"],"Registry Value Entry Added to the System","5","752"
"Sep 14, 2026 @ 09:22:14.687","Cyber-Window-cilent",["T1112"],["Defense Evasion"],"Registry Value Entry Added to the System","5","752"
"Sep 14, 2026 @ 09:22:14.686","Cyber-Window-cilent",["T1112"],["Defense Evasion"],"Registry Value Entry Added to the System","5","752"
"Sep 14, 2026 @ 09:22:14.684","Cyber-Window-cilent",["T1112"],["Defense Evasion"],"Registry Value Entry Added to the System","5","752"
"Sep 14, 2026 @ 09:22:14.682","Cyber-Window-cilent",["T1112"],["Defense Evasion"],"Registry Value Entry Added to the System","5","752"
"Sep 14, 2026 @ 09:22:14.681","Cyber-Window-cilent",["T1112"],["Defense Evasion"],"Registry Key Entry Added to the System","5","598"
"Sep 14, 2026 @ 09:22:14.627","Cyber-Window-cilent",["T1112"],["Defense Evasion"],"Registry Value Entry Added to the System","5","752"
"Sep 14, 2026 @ 09:22:14.593","Cyber-Window-cilent",["T1112"],["Defense Evasion"],"Registry Key Entry Added to the System","5","598"
"Sep 14, 2026 @ 09:22:14.580","Cyber-Window-cilent",["T1112"],["Defense Evasion"],"Registry Value Entry Added to the System","5","752"
"Sep 14, 2026 @ 09:22:14.579","Cyber-Window-cilent",["T1112"],["Defense Evasion"],"Registry Value Entry Added to the System","5","752"
"Sep 14, 2026 @ 09:22:14.530","Cyber-Window-cilent",["T1112"],["Defense Evasion"],"Registry Value Entry Added to the System","5","752"
"Sep 14, 2026 @ 09:22:14.515","Cyber-Window-cilent",["T1112"],["Defense Evasion"],"Registry Value Entry Added to the System","5","752"
"Sep 14, 2026 @ 09:22:14.495","Cyber-Window-cilent",["T1112"],["Defense Evasion"],"Registry Value Entry Added to the System","5","752"
"Sep 14, 2026 @ 09:22:14.479","Cyber-Window-cilent",["T1112"],["Defense Evasion"],"Registry Value Entry Added to the System","5","752"
"Sep 14, 2026 @ 09:22:14.463","Cyber-Window-cilent",["T1112"],["Defense Evasion"],"Registry Value Entry Added to the System","5","752"
"Sep 14, 2026 @ 09:22:14.448","Cyber-Window-cilent",["T1112"],["Defense Evasion"],"Registry Value Entry Added to the System","5","752"
"Sep 14, 2026 @ 09:22:14.448","Cyber-Window-cilent",["T1112"],["Defense Evasion"],"Registry Key Entry Added to the System","5","598"
"Sep 14, 2026 @ 09:22:14.424","Cyber-Window-cilent",["T1112"],["Defense Evasion"],"Registry Key Entry Added to the System","5","598"
"Sep 14, 2026 @ 09:22:14.408","Cyber-Window-cilent",["T1565.001","T1112"],["Impact","Defense Evasion"],"Registry Key Integrity Checksum Changed","5","594"
"Sep 14, 2026 @ 09:22:14.392","Cyber-Window-cilent",["T1565.001","T1112"],["Impact","Defense Evasion"],"Registry Key Integrity Checksum Changed","5","594"
"Sep 14, 2026 @ 09:22:14.391","Cyber-Window-cilent",["T1565.001","T1112"],["Impact","Defense Evasion"],"Registry Key Integrity Checksum Changed","5","594"
"Sep 14, 2026 @ 09:22:14.390","Cyber-Window-cilent",["T1565.001","T1112"],["Impact","Defense Evasion"],"Registry Key Integrity Checksum Changed","5","594"
"Sep 14, 2026 @ 09:22:14.344","Cyber-Window-cilent",["T1565.001","T1112"],["Impact","Defense Evasion"],"Registry Key Integrity Checksum Changed","5","594"
"Sep 14, 2026 @ 09:22:14.343","Cyber-Window-cilent",["T1565.001","T1112"],["Impact","Defense Evasion"],"Registry Key Integrity Checksum Changed","5","594"
"Sep 14, 2026 @ 09:22:14.320","Cyber-Window-cilent",["T1112"],["Defense Evasion"],"Registry Value Entry Added to the System","5","752"
"Sep 14, 2026 @ 09:22:14.307","Cyber-Window-cilent",["T1112"],["Defense Evasion"],"Registry Value Entry Added to the System","5","752"
"Sep 14, 2026 @ 09:22:14.289","Cyber-Window-cilent",["T1112"],["Defense Evasion"],"Registry Value Entry Added to the System","5","752"
"Sep 14, 2026 @ 09:22:14.272","Cyber-Window-cilent",["T1112"],["Defense Evasion"],"Registry Value Entry Added to the System","5","752"
"Sep 14, 2026 @ 09:22:14.255","Cyber-Window-cilent",["T1112"],["Defense Evasion"],"Registry Value Entry Added to the System","5","752"
"Sep 14, 2026 @ 09:22:14.240","Cyber-Window-cilent",["T1112"],["Defense Evasion"],"Registry Value Entry Added to the System","5","752"
"Sep 14, 2026 @ 09:22:14.225","Cyber-Window-cilent",["T1112"],["Defense Evasion"],"Registry Value Entry Added to the System","5","752"
"Sep 14, 2026 @ 09:22:14.142","Cyber-Window-cilent",["T1112"],["Defense Evasion"],"Registry Key Entry Added to the System","5","598"
"Sep 14, 2026 @ 09:22:14.118","Cyber-Window-cilent",["T1112"],["Defense Evasion"],"Registry Value Entry Added to the System","5","752"
"Sep 14, 2026 @ 09:22:14.101","Cyber-Window-cilent",["T1112"],["Defense Evasion"],"Registry Key Entry Added to the System","5","598"
"Sep 14, 2026 @ 09:22:14.085","Cyber-Window-cilent",["T1112"],["Defense Evasion"],"Registry Value Entry Added to the System","5","752"
"Sep 14, 2026 @ 09:22:14.071","Cyber-Window-cilent",["T1112"],["Defense Evasion"],"Registry Value Entry Added to the System","5","752"
"Sep 14, 2026 @ 09:22:14.048","Cyber-Window-cilent",["T1112"],["Defense Evasion"],"Registry Value Entry Added to the System","5","752"
"Sep 14, 2026 @ 09:22:14.032","Cyber-Window-cilent",["T1112"],["Defense Evasion"],"Registry Value Entry Added to the System","5","752"
"Sep 14, 2026 @ 09:22:14.017","Cyber-Window-cilent",["T1112"],["Defense Evasion"],"Registry Value Entry Added to the System","5","752"
"Sep 14, 2026 @ 09:22:13.994","Cyber-Window-cilent",["T1112"],["Defense Evasion"],"Registry Value Entry Added to the System","5","752"
"Sep 14, 2026 @ 09:22:13.959","Cyber-Window-cilent",["T1112"],["Defense Evasion"],"Registry Value Entry Added to the System","5","752"
"Sep 14, 2026 @ 09:22:13.945","Cyber-Window-cilent",["T1112"],["Defense Evasion"],"Registry Key Entry Added to the System","5","598"
"Sep 14, 2026 @ 09:22:13.945","Cyber-Window-cilent",["T1112"],["Defense Evasion"],"Registry Value Entry Added to the System","5","752"
"Sep 14, 2026 @ 09:22:13.877","Cyber-Window-cilent",["T1112"],["Defense Evasion"],"Registry Key Entry Added to the System","5","598"
"Sep 14, 2026 @ 09:22:13.707","Cyber-Window-cilent",["T1112"],["Defense Evasion"],"Registry Value Entry Added to the System","5","752"
"Sep 14, 2026 @ 09:22:13.705","Cyber-Window-cilent",["T1112"],["Defense Evasion"],"Registry Value Entry Added to the System","5","752"
"Sep 14, 2026 @ 09:22:13.627","Cyber-Window-cilent",["T1112"],["Defense Evasion"],"Registry Value Entry Added to the System","5","752"
"Sep 14, 2026 @ 09:22:13.510","Cyber-Window-cilent",["T1112"],["Defense Evasion"],"Registry Value Entry Added to the System","5","752"
"Sep 14, 2026 @ 09:22:13.463","Cyber-Window-cilent",["T1112"],["Defense Evasion"],"Registry Value Entry Added to the System","5","752"
"Sep 14, 2026 @ 09:22:13.438","Cyber-Window-cilent",["T1112"],["Defense Evasion"],"Registry Value Entry Added to the System","5","752"
"Sep 14, 2026 @ 09:22:13.422","Cyber-Window-cilent",["T1112"],["Defense Evasion"],"Registry Value Entry Added to the System","5","752"
"Sep 14, 2026 @ 09:22:13.402","Cyber-Window-cilent",["T1112"],["Defense Evasion"],"Registry Key Entry Added to the System","5","598"
"Sep 14, 2026 @ 09:22:13.346","Cyber-Window-cilent",["T1112"],["Defense Evasion"],"Registry Value Entry Added to the System","5","752"
"Sep 14, 2026 @ 09:22:13.344","Cyber-Window-cilent",["T1112"],["Defense Evasion"],"Registry Key Entry Added to the System","5","598"
"Sep 14, 2026 @ 09:22:13.343","Cyber-Window-cilent",["T1112"],["Defense Evasion"],"Registry Value Entry Added to the System","5","752"
"Sep 14, 2026 @ 09:22:13.340","Cyber-Window-cilent",["T1112"],["Defense Evasion"],"Registry Value Entry Added to the System","5","752"
"Sep 14, 2026 @ 09:22:13.266","Cyber-Window-cilent",["T1112"],["Defense Evasion"],"Registry Value Entry Added to the System","5","752"
"Sep 14, 2026 @ 09:22:13.193","Cyber-Window-cilent",["T1112"],["Defense Evasion"],"Registry Value Entry Added to the System","5","752"
"Sep 14, 2026 @ 09:22:13.172","Cyber-Window-cilent",["T1112"],["Defense Evasion"],"Registry Value Entry Added to the System","5","752"
"Sep 14, 2026 @ 09:22:13.171","Cyber-Window-cilent",["T1112"],["Defense Evasion"],"Registry Value Entry Added to the System","5","752"
"Sep 14, 2026 @ 09:22:13.150","Cyber-Window-cilent",["T1112"],["Defense Evasion"],"Registry Value Entry Added to the System","5","752"
"Sep 14, 2026 @ 09:22:13.135","Cyber-Window-cilent",["T1112"],["Defense Evasion"],"Registry Key Entry Added to the System","5","598"
"Sep 14, 2026 @ 09:22:13.133","Cyber-Window-cilent",["T1112"],["Defense Evasion"],"Registry Value Entry Added to the System","5","752"
"Sep 14, 2026 @ 09:22:13.114","Cyber-Window-cilent",["T1112"],["Defense Evasion"],"Registry Key Entry Added to the System","5","598"
"Sep 14, 2026 @ 09:22:13.098","Cyber-Window-cilent",["T1112"],["Defense Evasion"],"Registry Value Entry Added to the System","5","752"
"Sep 14, 2026 @ 09:22:13.085","Cyber-Window-cilent",["T1112"],["Defense Evasion"],"Registry Value Entry Added to the System","5","752"
"Sep 14, 2026 @ 09:22:13.068","Cyber-Window-cilent",["T1112"],["Defense Evasion"],"Registry Value Entry Added to the System","5","752"
"Sep 14, 2026 @ 09:22:13.046","Cyber-Window-cilent",["T1112"],["Defense Evasion"],"Registry Value Entry Added to the System","5","752"
"Sep 14, 2026 @ 09:22:13.029","Cyber-Window-cilent",["T1112"],["Defense Evasion"],"Registry Value Entry Added to the System","5","752"
"Sep 14, 2026 @ 09:22:13.009","Cyber-Window-cilent",["T1112"],["Defense Evasion"],"Registry Value Entry Added to the System","5","752"
"Sep 14, 2026 @ 09:22:12.995","Cyber-Window-cilent",["T1112"],["Defense Evasion"],"Registry Value Entry Added to the System","5","752"
"Sep 14, 2026 @ 09:22:12.994","Cyber-Window-cilent",["T1112"],["Defense Evasion"],"Registry Key Entry Added to the System","5","598"
"Sep 14, 2026 @ 09:22:12.974","Cyber-Window-cilent",["T1112"],["Defense Evasion"],"Registry Key Entry Added to the System","5","598"
"Sep 14, 2026 @ 09:22:12.974","Cyber-Window-cilent",["T1112"],["Defense Evasion"],"Registry Value Entry Added to the System","5","752"
"Sep 14, 2026 @ 09:22:12.931","Cyber-Window-cilent",["T1112"],["Defense Evasion"],"Registry Value Entry Added to the System","5","752"
"Sep 14, 2026 @ 09:22:12.918","Cyber-Window-cilent",["T1112"],["Defense Evasion"],"Registry Value Entry Added to the System","5","752"
"Sep 14, 2026 @ 09:22:12.905","Cyber-Window-cilent",["T1112"],["Defense Evasion"],"Registry Value Entry Added to the System","5","752"
"Sep 14, 2026 @ 09:22:12.903","Cyber-Window-cilent",["T1112"],["Defense Evasion"],"Registry Value Entry Added to the System","5","752"
"Sep 14, 2026 @ 09:22:12.887","Cyber-Window-cilent",["T1112"],["Defense Evasion"],"Registry Value Entry Added to the System","5","752"
"Sep 14, 2026 @ 09:22:12.878","Cyber-Window-cilent",["T1112"],["Defense Evasion"],"Registry Value Entry Added to the System","5","752"
"Sep 14, 2026 @ 09:22:12.877","Cyber-Window-cilent",["T1112"],["Defense Evasion"],"Registry Value Entry Added to the System","5","752"
"Sep 14, 2026 @ 09:22:12.873","Cyber-Window-cilent",["T1112"],["Defense Evasion"],"Registry Key Entry Added to the System","5","598"
"Sep 14, 2026 @ 09:22:12.872","Cyber-Window-cilent",["T1112"],["Defense Evasion"],"Registry Value Entry Added to the System","5","752"
"Sep 14, 2026 @ 09:22:12.612","Cyber-Window-cilent",["T1112"],["Defense Evasion"],"Registry Key Entry Added to the System","5","598"
"Sep 14, 2026 @ 09:22:12.595","Cyber-Window-cilent",["T1112"],["Defense Evasion"],"Registry Value Entry Added to the System","5","752"
"Sep 14, 2026 @ 09:22:12.579","Cyber-Window-cilent",["T1112"],["Defense Evasion"],"Registry Value Entry Added to the System","5","752"
"Sep 14, 2026 @ 09:22:12.563","Cyber-Window-cilent",["T1112"],["Defense Evasion"],"Registry Value Entry Added to the System","5","752"
"Sep 14, 2026 @ 09:22:12.557","Cyber-Window-cilent",["T1112"],["Defense Evasion"],"Registry Value Entry Added to the System","5","752"
"Sep 14, 2026 @ 09:22:12.557","Cyber-Window-cilent",["T1112"],["Defense Evasion"],"Registry Value Entry Added to the System","5","752"
"Sep 14, 2026 @ 09:22:12.515","Cyber-Window-cilent",["T1112"],["Defense Evasion"],"Registry Value Entry Added to the System","5","752"
"Sep 14, 2026 @ 09:22:12.501","Cyber-Window-cilent",["T1112"],["Defense Evasion"],"Registry Value Entry Added to the System","5","752"
"Sep 14, 2026 @ 09:22:12.498","Cyber-Window-cilent",["T1112"],["Defense Evasion"],"Registry Value Entry Added to the System","5","752"
"Sep 14, 2026 @ 09:22:12.498","Cyber-Window-cilent",["T1112"],["Defense Evasion"],"Registry Key Entry Added to the System","5","598"
"Sep 14, 2026 @ 09:22:12.466","Cyber-Window-cilent",["T1112"],["Defense Evasion"],"Registry Key Entry Added to the System","5","598"
"Sep 14, 2026 @ 09:22:10.842","Cyber-Window-cilent",["T1112"],["Defense Evasion"],"Registry Value Entry Added to the System","5","752"
"Sep 14, 2026 @ 09:22:10.832","Cyber-Window-cilent",["T1112"],["Defense Evasion"],"Registry Value Entry Added to the System","5","752"
"Sep 14, 2026 @ 09:22:10.828","Cyber-Window-cilent",["T1112"],["Defense Evasion"],"Registry Value Entry Added to the System","5","752"
"Sep 14, 2026 @ 09:22:10.813","Cyber-Window-cilent",["T1112"],["Defense Evasion"],"Registry Value Entry Added to the System","5","752"
"Sep 14, 2026 @ 09:22:10.796","Cyber-Window-cilent",["T1112"],["Defense Evasion"],"Registry Value Entry Added to the System","5","752"
"Sep 14, 2026 @ 09:22:10.796","Cyber-Window-cilent",["T1112"],["Defense Evasion"],"Registry Value Entry Added to the System","5","752"
"Sep 14, 2026 @ 09:22:10.779","Cyber-Window-cilent",["T1112"],["Defense Evasion"],"Registry Value Entry Added to the System","5","752"
"Sep 14, 2026 @ 09:22:10.778","Cyber-Window-cilent",["T1112"],["Defense Evasion"],"Registry Key Entry Added to the System","5","598"
"Sep 14, 2026 @ 09:22:10.750","Cyber-Window-cilent",["T1112"],["Defense Evasion"],"Registry Value Entry Added to the System","5","752"
"Sep 14, 2026 @ 09:22:10.750","Cyber-Window-cilent",["T1112"],["Defense Evasion"],"Registry Key Entry Added to the System","5","598"
"Sep 14, 2026 @ 09:22:10.747","Cyber-Window-cilent",["T1112"],["Defense Evasion"],"Registry Value Entry Added to the System","5","752"
"Sep 14, 2026 @ 09:22:10.730","Cyber-Window-cilent",["T1112"],["Defense Evasion"],"Registry Value Entry Added to the System","5","752"
"Sep 14, 2026 @ 09:22:10.715","Cyber-Window-cilent",["T1112"],["Defense Evasion"],"Registry Value Entry Added to the System","5","752"
"Sep 14, 2026 @ 09:22:10.699","Cyber-Window-cilent",["T1112"],["Defense Evasion"],"Registry Value Entry Added to the System","5","752"
"Sep 14, 2026 @ 09:22:10.683","Cyber-Window-cilent",["T1112"],["Defense Evasion"],"Registry Key Entry Added to the System","5","598"
"Sep 14, 2026 @ 09:22:10.668","Cyber-Window-cilent",["T1112"],["Defense Evasion"],"Registry Value Entry Added to the System","5","752"
"Sep 14, 2026 @ 09:22:10.651","Cyber-Window-cilent",["T1112"],["Defense Evasion"],"Registry Value Entry Added to the System","5","752"
"Sep 14, 2026 @ 09:22:10.635","Cyber-Window-cilent",["T1112"],["Defense Evasion"],"Registry Value Entry Added to the System","5","752"
"Sep 14, 2026 @ 09:22:10.619","Cyber-Window-cilent",["T1112"],["Defense Evasion"],"Registry Value Entry Added to the System","5","752"
"Sep 14, 2026 @ 09:22:10.604","Cyber-Window-cilent",["T1112"],["Defense Evasion"],"Registry Value Entry Added to the System","5","752"
"Sep 14, 2026 @ 09:22:10.588","Cyber-Window-cilent",["T1112"],["Defense Evasion"],"Registry Key Entry Added to the System","5","598"
"Sep 14, 2026 @ 09:22:10.572","Cyber-Window-cilent",["T1112"],["Defense Evasion"],"Registry Value Entry Added to the System","5","752"
"Sep 14, 2026 @ 09:22:10.556","Cyber-Window-cilent",["T1112"],["Defense Evasion"],"Registry Value Entry Added to the System","5","752"
"Sep 14, 2026 @ 09:22:10.538","Cyber-Window-cilent",["T1112"],["Defense Evasion"],"Registry Value Entry Added to the System","5","752"
"Sep 14, 2026 @ 09:22:10.537","Cyber-Window-cilent",["T1112"],["Defense Evasion"],"Registry Value Entry Added to the System","5","752"
"Sep 14, 2026 @ 09:22:10.529","Cyber-Window-cilent",["T1112"],["Defense Evasion"],"Registry Value Entry Added to the System","5","752"
"Sep 14, 2026 @ 09:22:10.521","Cyber-Window-cilent",["T1112"],["Defense Evasion"],"Registry Key Entry Added to the System","5","598"
"Sep 14, 2026 @ 09:22:10.514","Cyber-Window-cilent",["T1112"],["Defense Evasion"],"Registry Value Entry Added to the System","5","752"
"Sep 14, 2026 @ 09:22:10.513","Cyber-Window-cilent",["T1112"],["Defense Evasion"],"Registry Value Entry Added to the System","5","752"
"Sep 14, 2026 @ 09:22:10.511","Cyber-Window-cilent",["T1112"],["Defense Evasion"],"Registry Value Entry Added to the System","5","752"
"Sep 14, 2026 @ 09:22:10.506","Cyber-Window-cilent",["T1112"],["Defense Evasion"],"Registry Key Entry Added to the System","5","598"
"Sep 14, 2026 @ 09:22:10.499","Cyber-Window-cilent",["T1112"],["Defense Evasion"],"Registry Value Entry Added to the System","5","752"
"Sep 14, 2026 @ 09:22:10.497","Cyber-Window-cilent",["T1112"],["Defense Evasion"],"Registry Key Entry Added to the System","5","598"
"Sep 14, 2026 @ 09:22:10.271","Cyber-Window-cilent",["T1112"],["Defense Evasion"],"Registry Value Entry Added to the System","5","752"
"Sep 14, 2026 @ 09:22:10.271","Cyber-Window-cilent",["T1112"],["Defense Evasion"],"Registry Value Entry Added to the System","5","752"
"Sep 14, 2026 @ 09:22:10.253","Cyber-Window-cilent",["T1112"],["Defense Evasion"],"Registry Value Entry Added to the System","5","752"
"Sep 14, 2026 @ 09:22:10.239","Cyber-Window-cilent",["T1112"],["Defense Evasion"],"Registry Value Entry Added to the System","5","752"
"Sep 14, 2026 @ 09:22:10.222","Cyber-Window-cilent",["T1112"],["Defense Evasion"],"Registry Value Entry Added to the System","5","752"
"Sep 14, 2026 @ 09:22:10.206","Cyber-Window-cilent",["T1112"],["Defense Evasion"],"Registry Value Entry Added to the System","5","752"
"Sep 14, 2026 @ 09:22:10.191","Cyber-Window-cilent",["T1112"],["Defense Evasion"],"Registry Value Entry Added to the System","5","752"
"Sep 14, 2026 @ 09:22:10.175","Cyber-Window-cilent",["T1112"],["Defense Evasion"],"Registry Key Entry Added to the System","5","598"
"Sep 14, 2026 @ 09:22:10.160","Cyber-Window-cilent",["T1112"],["Defense Evasion"],"Registry Value Entry Added to the System","5","752"
"Sep 14, 2026 @ 09:22:10.143","Cyber-Window-cilent",["T1112"],["Defense Evasion"],"Registry Key Entry Added to the System","5","598"
"Sep 14, 2026 @ 09:22:10.139","Cyber-Window-cilent",["T1565.001","T1112"],["Impact","Defense Evasion"],"Registry Value Integrity Checksum Changed","5","750"
"Sep 14, 2026 @ 09:22:10.139","Cyber-Window-cilent",["T1565.001","T1112"],["Impact","Defense Evasion"],"Registry Value Integrity Checksum Changed","5","750"
"Sep 14, 2026 @ 09:22:10.096","Cyber-Window-cilent",["T1565.001","T1112"],["Impact","Defense Evasion"],"Registry Value Integrity Checksum Changed","5","750"
"Sep 14, 2026 @ 09:22:10.081","Cyber-Window-cilent",["T1565.001","T1112"],["Impact","Defense Evasion"],"Registry Value Integrity Checksum Changed","5","750"
"Sep 14, 2026 @ 09:22:10.080","Cyber-Window-cilent",["T1565.001","T1112"],["Impact","Defense Evasion"],"Registry Value Integrity Checksum Changed","5","750"
"Sep 14, 2026 @ 09:22:10.080","Cyber-Window-cilent",["T1565.001","T1112"],["Impact","Defense Evasion"],"Registry Value Integrity Checksum Changed","5","750"
"Sep 14, 2026 @ 09:22:10.065","Cyber-Window-cilent",["T1565.001","T1112"],["Impact","Defense Evasion"],"Registry Value Integrity Checksum Changed","5","750"
"Sep 14, 2026 @ 09:22:09.050","Cyber-Window-cilent",["T1565.001","T1112"],["Impact","Defense Evasion"],"Registry Value Integrity Checksum Changed","5","750"
"Sep 14, 2026 @ 09:22:09.049","Cyber-Window-cilent",["T1565.001","T1112"],["Impact","Defense Evasion"],"Registry Key Integrity Checksum Changed","5","594"
"Sep 14, 2026 @ 09:22:09.035","Cyber-Window-cilent",["T1565.001","T1112"],["Impact","Defense Evasion"],"Registry Value Integrity Checksum Changed","5","750"
"Sep 14, 2026 @ 09:22:09.034","Cyber-Window-cilent",["T1565.001","T1112"],["Impact","Defense Evasion"],"Registry Key Integrity Checksum Changed","5","594"
"Sep 14, 2026 @ 09:22:08.490","Cyber-Window-cilent",["T1112"],["Defense Evasion"],"Registry Value Entry Added to the System","5","752"
"Sep 14, 2026 @ 09:22:08.473","Cyber-Window-cilent",["T1112"],["Defense Evasion"],"Registry Value Entry Added to the System","5","752"
"Sep 14, 2026 @ 09:22:08.457","Cyber-Window-cilent",["T1112"],["Defense Evasion"],"Registry Value Entry Added to the System","5","752"
"Sep 14, 2026 @ 09:22:08.450","Cyber-Window-cilent",["T1112"],["Defense Evasion"],"Registry Value Entry Added to the System","5","752"
"Sep 14, 2026 @ 09:22:08.450","Cyber-Window-cilent",["T1112"],["Defense Evasion"],"Registry Value Entry Added to the System","5","752"
"Sep 14, 2026 @ 09:22:08.409","Cyber-Window-cilent",["T1112"],["Defense Evasion"],"Registry Value Entry Added to the System","5","752"
"Sep 14, 2026 @ 09:22:08.401","Cyber-Window-cilent",["T1112"],["Defense Evasion"],"Registry Value Entry Added to the System","5","752"
"Sep 14, 2026 @ 09:22:08.399","Cyber-Window-cilent",["T1112"],["Defense Evasion"],"Registry Value Entry Added to the System","5","752"
"Sep 14, 2026 @ 09:22:08.399","Cyber-Window-cilent",["T1112"],["Defense Evasion"],"Registry Key Entry Added to the System","5","598"
"Sep 14, 2026 @ 09:22:08.370","Cyber-Window-cilent",["T1112"],["Defense Evasion"],"Registry Key Entry Added to the System","5","598"
"Sep 14, 2026 @ 09:22:06.814","Cyber-Window-cilent",["T1565.001","T1112"],["Impact","Defense Evasion"],"Registry Value Integrity Checksum Changed","5","750"
"Sep 14, 2026 @ 09:22:06.770","Cyber-Window-cilent",["T1565.001","T1112"],["Impact","Defense Evasion"],"Registry Key Integrity Checksum Changed","5","594"
"Sep 14, 2026 @ 09:22:00.747","Cyber-Window-cilent",["T1078"],["Defense Evasion","Persistence","Privilege Escalation","Initial Access"],"Windows Logon Success","3","60106"
"Sep 14, 2026 @ 09:21:38.267","Cyber-Window-cilent",["T1565.001","T1112"],["Impact","Defense Evasion"],"Registry Value Integrity Checksum Changed","5","750"
"Sep 14, 2026 @ 09:21:38.226","Cyber-Window-cilent",["T1565.001","T1112"],["Impact","Defense Evasion"],"Registry Key Integrity Checksum Changed","5","594"
"Sep 14, 2026 @ 09:21:22.959","Cyber-Window-cilent",["T1078"],["Defense Evasion","Persistence","Privilege Escalation","Initial Access"],"Windows Logon Success","3","60106"
"Sep 14, 2026 @ 09:21:17.223","Cyber-DC",["T1078"],["Defense Evasion","Persistence","Privilege Escalation","Initial Access"],"Windows Logon Success","3","60106"
"Sep 14, 2026 @ 09:21:12.147","Cyber-Window-cilent",["T1078"],["Defense Evasion","Persistence","Privilege Escalation","Initial Access"],"Windows Logon Success","3","60106"
"Sep 14, 2026 @ 09:21:11.999","Cyber-Window-cilent",["T1078"],["Defense Evasion","Persistence","Privilege Escalation","Initial Access"],"Windows Logon Success","3","60106"
"Sep 14, 2026 @ 09:21:06.786","Cyber-Window-cilent",["T1078"],["Defense Evasion","Persistence","Privilege Escalation","Initial Access"],"Windows Logon Success","3","60106"
"Sep 14, 2026 @ 09:21:06.772","Cyber-Window-cilent",["T1078"],["Defense Evasion","Persistence","Privilege Escalation","Initial Access"],"Windows Logon Success","3","60106"
"Sep 14, 2026 @ 09:21:03.474","Cyber-Window-cilent",["T1078"],["Defense Evasion","Persistence","Privilege Escalation","Initial Access"],"Windows Logon Success","3","60106"
"Sep 14, 2026 @ 09:20:51.428","Cyber-Window-cilent",["T1078"],["Defense Evasion","Persistence","Privilege Escalation","Initial Access"],"Windows Logon Success","3","60106"
"Sep 14, 2026 @ 09:20:48.127","Cyber-Window-cilent",["T1078"],["Defense Evasion","Persistence","Privilege Escalation","Initial Access"],"Windows Logon Success","3","60106"
"Sep 14, 2026 @ 09:20:43.476","Cyber-Window-cilent",["T1078"],["Defense Evasion","Persistence","Privilege Escalation","Initial Access"],"Windows Logon Success","3","60106"
"Sep 14, 2026 @ 09:20:42.293","Cyber-Window-cilent",["T1078"],["Defense Evasion","Persistence","Privilege Escalation","Initial Access"],"Windows Logon Success","3","60106"
"Sep 14, 2026 @ 09:20:38.402","Cyber-Window-cilent",["T1078"],["Defense Evasion","Persistence","Privilege Escalation","Initial Access"],"Windows Logon Success","3","60106"
"Sep 14, 2026 @ 09:20:37.397","Cyber-Window-cilent",["T1078"],["Defense Evasion","Persistence","Privilege Escalation","Initial Access"],"Windows Logon Success","3","60106"
"Sep 14, 2026 @ 09:20:37.026","Cyber-Window-cilent",["T1078"],["Defense Evasion","Persistence","Privilege Escalation","Initial Access"],"Windows Logon Success","3","60106"
"Sep 14, 2026 @ 09:20:36.814","Cyber-Window-cilent",["T1078"],["Defense Evasion","Persistence","Privilege Escalation","Initial Access"],"Windows Logon Success","3","60106"
"Sep 14, 2026 @ 09:20:36.238","Cyber-Window-cilent",["T1078"],["Defense Evasion","Persistence","Privilege Escalation","Initial Access"],"Windows Logon Success","3","60106"
"Sep 14, 2026 @ 09:20:27.977","Cyber-Window-cilent",["T1565.001","T1112"],["Impact","Defense Evasion"],"Registry Key Integrity Checksum Changed","5","594"
"Sep 14, 2026 @ 09:20:27.828","Cyber-Window-cilent",["T1565.001","T1112"],["Impact","Defense Evasion"],"Registry Key Integrity Checksum Changed","5","594"
"Sep 14, 2026 @ 09:20:27.119","Cyber-Window-cilent",["T1565.001","T1112"],["Impact","Defense Evasion"],"Registry Key Integrity Checksum Changed","5","594"
"Sep 14, 2026 @ 09:20:27.102","Cyber-Window-cilent",["T1565.001","T1112"],["Impact","Defense Evasion"],"Registry Key Integrity Checksum Changed","5","594"
"Sep 14, 2026 @ 09:20:27.087","Cyber-Window-cilent",["T1565.001","T1112"],["Impact","Defense Evasion"],"Registry Key Integrity Checksum Changed","5","594"
"Sep 14, 2026 @ 09:20:27.068","Cyber-Window-cilent",["T1565.001","T1112"],["Impact","Defense Evasion"],"Registry Key Integrity Checksum Changed","5","594"
"Sep 14, 2026 @ 09:20:27.053","Cyber-Window-cilent",["T1565.001","T1112"],["Impact","Defense Evasion"],"Registry Key Integrity Checksum Changed","5","594"
"Sep 14, 2026 @ 09:20:27.036","Cyber-Window-cilent",["T1565.001","T1112"],["Impact","Defense Evasion"],"Registry Key Integrity Checksum Changed","5","594"
"Sep 14, 2026 @ 09:20:27.019","Cyber-Window-cilent",["T1565.001","T1112"],["Impact","Defense Evasion"],"Registry Key Integrity Checksum Changed","5","594"
"Sep 14, 2026 @ 09:20:27.004","Cyber-Window-cilent",["T1565.001","T1112"],["Impact","Defense Evasion"],"Registry Key Integrity Checksum Changed","5","594"
"Sep 14, 2026 @ 09:20:26.999","Cyber-Window-cilent",["T1565.001","T1112"],["Impact","Defense Evasion"],"Registry Key Integrity Checksum Changed","5","594"
"Sep 14, 2026 @ 09:20:26.998","Cyber-Window-cilent",["T1565.001","T1112"],["Impact","Defense Evasion"],"Registry Key Integrity Checksum Changed","5","594"
"Sep 14, 2026 @ 09:20:26.956","Cyber-Window-cilent",["T1565.001","T1112"],["Impact","Defense Evasion"],"Registry Key Integrity Checksum Changed","5","594"
"Sep 14, 2026 @ 09:20:26.943","Cyber-Window-cilent",["T1565.001","T1112"],["Impact","Defense Evasion"],"Registry Key Integrity Checksum Changed","5","594"
"Sep 14, 2026 @ 09:20:26.941","Cyber-Window-cilent",["T1565.001","T1112"],["Impact","Defense Evasion"],"Registry Key Integrity Checksum Changed","5","594"
"Sep 14, 2026 @ 09:20:26.941","Cyber-Window-cilent",["T1565.001","T1112"],["Impact","Defense Evasion"],"Registry Key Integrity Checksum Changed","5","594"
"Sep 14, 2026 @ 09:20:26.916","Cyber-Window-cilent",["T1565.001","T1112"],["Impact","Defense Evasion"],"Registry Key Integrity Checksum Changed","5","594"
"Sep 14, 2026 @ 09:20:25.575","Cyber-Window-cilent",["T1565.001","T1112"],["Impact","Defense Evasion"],"Registry Value Integrity Checksum Changed","5","750"
"Sep 14, 2026 @ 09:20:25.571","Cyber-Window-cilent",["T1565.001","T1112"],["Impact","Defense Evasion"],"Registry Value Integrity Checksum Changed","5","750"
"Sep 14, 2026 @ 09:20:25.571","Cyber-Window-cilent",["T1565.001","T1112"],["Impact","Defense Evasion"],"Registry Value Integrity Checksum Changed","5","750"
"Sep 14, 2026 @ 09:20:25.527","Cyber-Window-cilent",["T1565.001","T1112"],["Impact","Defense Evasion"],"Registry Value Integrity Checksum Changed","5","750"
"Sep 14, 2026 @ 09:20:25.517","Cyber-Window-cilent",["T1565.001","T1112"],["Impact","Defense Evasion"],"Registry Key Integrity Checksum Changed","5","594"
"Sep 14, 2026 @ 09:20:25.513","Cyber-Window-cilent",["T1565.001","T1112"],["Impact","Defense Evasion"],"Registry Value Integrity Checksum Changed","5","750"
"Sep 14, 2026 @ 09:20:25.513","Cyber-Window-cilent",["T1565.001","T1112"],["Impact","Defense Evasion"],"Registry Value Integrity Checksum Changed","5","750"
"Sep 14, 2026 @ 09:20:25.481","Cyber-Window-cilent",["T1565.001","T1112"],["Impact","Defense Evasion"],"Registry Key Integrity Checksum Changed","5","594"
"Sep 14, 2026 @ 09:20:21.673","Cyber-DC",["T1078"],["Defense Evasion","Persistence","Privilege Escalation","Initial Access"],"Windows Logon Success","3","60106"
"Sep 14, 2026 @ 09:20:21.670","Cyber-DC",["T1078"],["Defense Evasion","Persistence","Privilege Escalation","Initial Access"],"Windows Logon Success","3","60106"
"Sep 14, 2026 @ 09:20:17.228","Cyber-DC",["T1078"],["Defense Evasion","Persistence","Privilege Escalation","Initial Access"],"Windows Logon Success","3","60106"
"Sep 14, 2026 @ 09:20:11.695","Cyber-Window-cilent",["T1565.001","T1112"],["Impact","Defense Evasion"],"Registry Key Integrity Checksum Changed","5","594"
"Sep 14, 2026 @ 09:20:11.520","Cyber-Window-cilent",["T1565.001","T1112"],["Impact","Defense Evasion"],"Registry Key Integrity Checksum Changed","5","594"
"Sep 14, 2026 @ 09:19:42.591","Cyber-Window-cilent",["T1078"],["Defense Evasion","Persistence","Privilege Escalation","Initial Access"],"Windows Logon Success","3","60106"
"Sep 14, 2026 @ 09:19:42.588","Cyber-Window-cilent",["T1078"],["Defense Evasion","Persistence","Privilege Escalation","Initial Access"],"Windows Logon Success","3","60106"
"Sep 14, 2026 @ 09:19:42.585","Cyber-Window-cilent",["T1078"],["Defense Evasion","Persistence","Privilege Escalation","Initial Access"],"Windows Logon Success","3","60106"
"Sep 14, 2026 @ 09:19:42.582","Cyber-Window-cilent",["T1078"],["Defense Evasion","Persistence","Privilege Escalation","Initial Access"],"Windows Logon Success","3","60106"
"Sep 14, 2026 @ 09:19:36.642","Cyber-Window-cilent",["T1078"],["Defense Evasion","Persistence","Privilege Escalation","Initial Access"],"Windows Logon Success","3","60106"
"Sep 14, 2026 @ 09:19:31.346","Cyber-Window-cilent",["T1078"],["Defense Evasion","Persistence","Privilege Escalation","Initial Access"],"Windows Logon Success","3","60106"
"Sep 14, 2026 @ 09:19:21.584","Cyber-Window-cilent",["T1078"],["Defense Evasion","Persistence","Privilege Escalation","Initial Access"],"Windows Logon Success","3","60106"
"Sep 14, 2026 @ 09:19:21.566","Cyber-Window-cilent",["T1078"],["Defense Evasion","Persistence","Privilege Escalation","Initial Access"],"Windows Logon Success","3","60106"
"Sep 14, 2026 @ 09:19:17.182","Cyber-DC",["T1078"],["Defense Evasion","Persistence","Privilege Escalation","Initial Access"],"Windows Logon Success","3","60106"
"Sep 14, 2026 @ 09:19:00.795","Cyber-DC",["T1565.001","T1112"],["Impact","Defense Evasion"],"Registry Value Integrity Checksum Changed","5","750"
"Sep 14, 2026 @ 09:19:00.794","Cyber-DC",["T1565.001","T1112"],["Impact","Defense Evasion"],"Registry Key Integrity Checksum Changed","5","594"
"Sep 14, 2026 @ 09:18:56.770","Cyber-DC",["T1565.001","T1112"],["Impact","Defense Evasion"],"Registry Key Integrity Checksum Changed","5","594"
"Sep 14, 2026 @ 09:18:52.737","Cyber-Window-cilent",["T1078"],["Defense Evasion","Persistence","Privilege Escalation","Initial Access"],"Windows Logon Success","3","60106"
"Sep 14, 2026 @ 09:18:52.544","Cyber-DC",["T1078"],["Defense Evasion","Persistence","Privilege Escalation","Initial Access"],"Windows Logon Success","3","60106"
"Sep 14, 2026 @ 09:18:50.442","Cyber-Window-cilent",["T1078"],["Defense Evasion","Persistence","Privilege Escalation","Initial Access"],"Windows Logon Success","3","60106"
"Sep 14, 2026 @ 09:18:50.425","Cyber-Window-cilent",["T1078"],["Defense Evasion","Persistence","Privilege Escalation","Initial Access"],"Windows Logon Success","3","60106"
"Sep 14, 2026 @ 09:18:50.409","Cyber-Window-cilent",["T1078"],["Defense Evasion","Persistence","Privilege Escalation","Initial Access"],"Windows Logon Success","3","60106"
"Sep 14, 2026 @ 09:18:50.381","Cyber-Window-cilent",["T1078"],["Defense Evasion","Persistence","Privilege Escalation","Initial Access"],"Windows Logon Success","3","60106"
"Sep 14, 2026 @ 09:18:50.332","Cyber-Window-cilent",["T1078"],["Defense Evasion","Persistence","Privilege Escalation","Initial Access"],"Windows Logon Success","3","60106"
"Sep 14, 2026 @ 09:18:44.007","Cyber-DC",["T1078"],["Defense Evasion","Persistence","Privilege Escalation","Initial Access"],"Windows Logon Success","3","60106"
"Sep 14, 2026 @ 09:18:43.929","Cyber-DC",["T1078"],["Defense Evasion","Persistence","Privilege Escalation","Initial Access"],"Windows Logon Success","3","60106"
"Sep 14, 2026 @ 09:18:43.923","Cyber-DC",["T1078"],["Defense Evasion","Persistence","Privilege Escalation","Initial Access"],"Windows Logon Success","3","60106"
"Sep 14, 2026 @ 09:18:43.920","Cyber-DC",["T1078"],["Defense Evasion","Persistence","Privilege Escalation","Initial Access"],"Windows Logon Success","3","60106"
"Sep 14, 2026 @ 09:18:43.918","Cyber-DC",["T1078"],["Defense Evasion","Persistence","Privilege Escalation","Initial Access"],"Windows Logon Success","3","60106"
"Sep 14, 2026 @ 09:18:43.793","Cyber-Window-cilent",["T1078"],["Defense Evasion","Persistence","Privilege Escalation","Initial Access"],"Windows Logon Success","3","60106"
"Sep 14, 2026 @ 09:18:36.990","Cyber-DC",["T1078"],["Defense Evasion","Persistence","Privilege Escalation","Initial Access"],"Windows Logon Success","3","60106"
"Sep 14, 2026 @ 09:18:24.834","Cyber-DC",["T1078"],["Defense Evasion","Persistence","Privilege Escalation","Initial Access"],"Windows Logon Success","3","60106"
"Sep 14, 2026 @ 09:18:24.827","Cyber-DC",["T1078"],["Defense Evasion","Persistence","Privilege Escalation","Initial Access"],"Windows Logon Success","3","60106"
"Sep 14, 2026 @ 09:18:17.139","Cyber-DC",["T1078"],["Defense Evasion","Persistence","Privilege Escalation","Initial Access"],"Windows Logon Success","3","60106"
"Sep 14, 2026 @ 09:18:12.296","Cyber-DC",["T1078"],["Defense Evasion","Persistence","Privilege Escalation","Initial Access"],"Windows Logon Success","3","60106"
"Sep 14, 2026 @ 09:18:12.290","Cyber-DC",["T1078"],["Defense Evasion","Persistence","Privilege Escalation","Initial Access"],"Windows Logon Success","3","60106"
"Sep 14, 2026 @ 09:17:25.369","Cyber-Window-cilent",["T1529"],["Impact"],"System shutdown initiated.","3","67018"
"Sep 14, 2026 @ 09:17:17.083","Cyber-DC",["T1078"],["Defense Evasion","Persistence","Privilege Escalation","Initial Access"],"Windows Logon Success","3","60106"
"Sep 14, 2026 @ 09:17:03.723","Cyber-Window-cilent",["T1078"],["Defense Evasion","Persistence","Privilege Escalation","Initial Access"],"Windows Logon Success","3","60106"
"Sep 14, 2026 @ 09:16:59.626","Cyber-Window-cilent",["T1078"],["Defense Evasion","Persistence","Privilege Escalation","Initial Access"],"Windows Logon Success","3","60106"
"Sep 14, 2026 @ 09:16:32.767","Cyber-Window-cilent",["T1078"],["Defense Evasion","Persistence","Privilege Escalation","Initial Access"],"Windows Logon Success","3","60106"
"Sep 14, 2026 @ 09:16:32.672","Cyber-Window-cilent",["T1078"],["Defense Evasion","Persistence","Privilege Escalation","Initial Access"],"Windows Logon Success","3","60106"
"Sep 14, 2026 @ 09:16:32.662","Cyber-Window-cilent",["T1078"],["Defense Evasion","Persistence","Privilege Escalation","Initial Access"],"Windows Logon Success","3","60106"
"Sep 14, 2026 @ 09:16:27.477","Cyber-Window-cilent",["T1078"],["Defense Evasion","Persistence","Privilege Escalation","Initial Access"],"Windows Logon Success","3","60106"
"Sep 14, 2026 @ 09:16:24.057","Cyber-Window-cilent",["T1078"],["Defense Evasion","Persistence","Privilege Escalation","Initial Access"],"Windows Logon Success","3","60106"
"Sep 14, 2026 @ 09:16:22.896","Cyber-DC",["T1078"],["Defense Evasion","Persistence","Privilege Escalation","Initial Access"],"Windows Logon Success","3","60106"
"Sep 14, 2026 @ 09:16:20.601","Cyber-Window-cilent",["T1078"],["Defense Evasion","Persistence","Privilege Escalation","Initial Access"],"Windows Logon Success","3","60106"
"Sep 14, 2026 @ 09:16:20.095","Cyber-DC",["T1112"],["Defense Evasion"],"Registry Value Entry Added to the System","5","752"
"Sep 14, 2026 @ 09:16:20.094","Cyber-DC",["T1565.001","T1112"],["Impact","Defense Evasion"],"Registry Key Integrity Checksum Changed","5","594"
"Sep 14, 2026 @ 09:16:17.263","Cyber-DC",["T1078"],["Defense Evasion","Persistence","Privilege Escalation","Initial Access"],"Windows Logon Success","3","60106"
"Sep 14, 2026 @ 09:16:10.775","Cyber-DC",["T1078"],["Defense Evasion","Persistence","Privilege Escalation","Initial Access"],"Windows Logon Success","3","60106"
"Sep 14, 2026 @ 09:16:09.818","Cyber-DC",["T1078"],["Defense Evasion","Persistence","Privilege Escalation","Initial Access"],"Windows Logon Success","3","60106"
"Sep 14, 2026 @ 09:16:09.499","Cyber-DC",["T1078"],["Defense Evasion","Persistence","Privilege Escalation","Initial Access"],"Windows Logon Success","3","60106"
"Sep 14, 2026 @ 09:16:09.488","Cyber-DC",["T1078"],["Defense Evasion","Persistence","Privilege Escalation","Initial Access"],"Windows Logon Success","3","60106"
"Sep 14, 2026 @ 09:15:17.046","Cyber-DC",["T1078"],["Defense Evasion","Persistence","Privilege Escalation","Initial Access"],"Windows Logon Success","3","60106"
"Sep 14, 2026 @ 09:15:00.861","Cyber-DC",["T1070.004","T1485","T1112"],["Defense Evasion","Impact"],"Registry Value Entry Deleted.","5","751"
"Sep 14, 2026 @ 09:15:00.848","Cyber-DC",["T1070.004","T1485","T1112"],["Defense Evasion","Impact"],"Registry Value Entry Deleted.","5","751"
"Sep 14, 2026 @ 09:15:00.847","Cyber-DC",["T1070.004","T1485","T1112"],["Defense Evasion","Impact"],"Registry Value Entry Deleted.","5","751"
"Sep 14, 2026 @ 09:15:00.402","Cyber-DC",["T1565.001","T1112"],["Impact","Defense Evasion"],"Registry Key Integrity Checksum Changed","5","594"
"Sep 14, 2026 @ 09:15:00.078","Cyber-DC",["T1565.001","T1112"],["Impact","Defense Evasion"],"Registry Value Integrity Checksum Changed","5","750"
"Sep 14, 2026 @ 09:15:00.062","Cyber-DC",["T1565.001","T1112"],["Impact","Defense Evasion"],"Registry Value Integrity Checksum Changed","5","750"
"Sep 14, 2026 @ 09:15:00.042","Cyber-DC",["T1565.001","T1112"],["Impact","Defense Evasion"],"Registry Value Integrity Checksum Changed","5","750"
"Sep 14, 2026 @ 09:15:00.027","Cyber-DC",["T1565.001","T1112"],["Impact","Defense Evasion"],"Registry Key Integrity Checksum Changed","5","594"
"Sep 14, 2026 @ 09:15:00.014","Cyber-DC",["T1565.001","T1112"],["Impact","Defense Evasion"],"Registry Value Integrity Checksum Changed","5","750"
"Sep 14, 2026 @ 09:15:00.013","Cyber-DC",["T1565.001","T1112"],["Impact","Defense Evasion"],"Registry Key Integrity Checksum Changed","5","594"
"Sep 14, 2026 @ 09:14:59.969","Cyber-DC",["T1565.001","T1112"],["Impact","Defense Evasion"],"Registry Value Integrity Checksum Changed","5","750"
"Sep 14, 2026 @ 09:14:59.968","Cyber-DC",["T1565.001","T1112"],["Impact","Defense Evasion"],"Registry Value Integrity Checksum Changed","5","750"
"Sep 14, 2026 @ 09:14:59.925","Cyber-DC",["T1565.001","T1112"],["Impact","Defense Evasion"],"Registry Value Integrity Checksum Changed","5","750"
"Sep 14, 2026 @ 09:14:59.911","Cyber-DC",["T1565.001","T1112"],["Impact","Defense Evasion"],"Registry Value Integrity Checksum Changed","5","750"
"Sep 14, 2026 @ 09:14:59.910","Cyber-DC",["T1565.001","T1112"],["Impact","Defense Evasion"],"Registry Key Integrity Checksum Changed","5","594"
"Sep 14, 2026 @ 09:14:59.910","Cyber-DC",["T1565.001","T1112"],["Impact","Defense Evasion"],"Registry Key Integrity Checksum Changed","5","594"
"Sep 14, 2026 @ 09:14:59.895","Cyber-DC",["T1565.001","T1112"],["Impact","Defense Evasion"],"Registry Value Integrity Checksum Changed","5","750"
"Sep 14, 2026 @ 09:14:59.281","Cyber-DC",["T1565.001","T1112"],["Impact","Defense Evasion"],"Registry Value Integrity Checksum Changed","5","750"
"Sep 14, 2026 @ 09:14:59.264","Cyber-DC",["T1565.001","T1112"],["Impact","Defense Evasion"],"Registry Value Integrity Checksum Changed","5","750"
"Sep 14, 2026 @ 09:14:59.249","Cyber-DC",["T1565.001","T1112"],["Impact","Defense Evasion"],"Registry Key Integrity Checksum Changed","5","594"
"Sep 14, 2026 @ 09:14:59.233","Cyber-DC",["T1565.001","T1112"],["Impact","Defense Evasion"],"Registry Value Integrity Checksum Changed","5","750"
"Sep 14, 2026 @ 09:14:59.216","Cyber-DC",["T1565.001","T1112"],["Impact","Defense Evasion"],"Registry Key Integrity Checksum Changed","5","594"
"Sep 14, 2026 @ 09:14:59.202","Cyber-DC",["T1565.001","T1112"],["Impact","Defense Evasion"],"Registry Value Integrity Checksum Changed","5","750"
"Sep 14, 2026 @ 09:14:59.172","Cyber-DC",["T1565.001","T1112"],["Impact","Defense Evasion"],"Registry Value Integrity Checksum Changed","5","750"
"Sep 14, 2026 @ 09:14:59.115","Cyber-DC",["T1565.001","T1112"],["Impact","Defense Evasion"],"Registry Value Integrity Checksum Changed","5","750"
"Sep 14, 2026 @ 09:14:59.109","Cyber-DC",["T1565.001","T1112"],["Impact","Defense Evasion"],"Registry Key Integrity Checksum Changed","5","594"
"Sep 14, 2026 @ 09:14:59.107","Cyber-DC",["T1565.001","T1112"],["Impact","Defense Evasion"],"Registry Value Integrity Checksum Changed","5","750"
"Sep 14, 2026 @ 09:14:59.085","Cyber-DC",["T1565.001","T1112"],["Impact","Defense Evasion"],"Registry Key Integrity Checksum Changed","5","594"
"Sep 14, 2026 @ 09:14:59.083","Cyber-DC",["T1565.001","T1112"],["Impact","Defense Evasion"],"Registry Key Integrity Checksum Changed","5","594"
"Sep 14, 2026 @ 09:14:59.083","Cyber-DC",["T1565.001","T1112"],["Impact","Defense Evasion"],"Registry Value Integrity Checksum Changed","5","750"
"Sep 14, 2026 @ 09:14:59.051","Cyber-DC",["T1565.001","T1112"],["Impact","Defense Evasion"],"Registry Value Integrity Checksum Changed","5","750"
"Sep 14, 2026 @ 09:14:59.035","Cyber-DC",["T1565.001","T1112"],["Impact","Defense Evasion"],"Registry Value Integrity Checksum Changed","5","750"
"Sep 14, 2026 @ 09:14:59.017","Cyber-DC",["T1565.001","T1112"],["Impact","Defense Evasion"],"Registry Key Integrity Checksum Changed","5","594"
"Sep 14, 2026 @ 09:14:59.002","Cyber-DC",["T1565.001","T1112"],["Impact","Defense Evasion"],"Registry Value Integrity Checksum Changed","5","750"
"Sep 14, 2026 @ 09:14:58.974","Cyber-DC",["T1565.001","T1112"],["Impact","Defense Evasion"],"Registry Key Integrity Checksum Changed","5","594"
"Sep 14, 2026 @ 09:14:58.952","Cyber-DC",["T1112"],["Defense Evasion"],"Registry Value Entry Added to the System","5","752"
"Sep 14, 2026 @ 09:14:58.932","Cyber-DC",["T1112"],["Defense Evasion"],"Registry Value Entry Added to the System","5","752"
"Sep 14, 2026 @ 09:14:58.916","Cyber-DC",["T1112"],["Defense Evasion"],"Registry Value Entry Added to the System","5","752"
"Sep 14, 2026 @ 09:14:58.874","Cyber-DC",["T1112"],["Defense Evasion"],"Registry Value Entry Added to the System","5","752"
"Sep 14, 2026 @ 09:14:58.870","Cyber-DC",["T1112"],["Defense Evasion"],"Registry Value Entry Added to the System","5","752"
"Sep 14, 2026 @ 09:14:58.855","Cyber-DC",["T1112"],["Defense Evasion"],"Registry Value Entry Added to the System","5","752"
"Sep 14, 2026 @ 09:14:58.839","Cyber-DC",["T1112"],["Defense Evasion"],"Registry Key Entry Added to the System","5","598"
"Sep 14, 2026 @ 09:14:58.829","Cyber-DC",["T1112"],["Defense Evasion"],"Registry Key Entry Added to the System","5","598"
"Sep 14, 2026 @ 09:14:58.829","Cyber-DC",["T1112"],["Defense Evasion"],"Registry Value Entry Added to the System","5","752"
"Sep 14, 2026 @ 09:14:57.496","Cyber-DC",["T1112"],["Defense Evasion"],"Registry Value Entry Added to the System","5","752"
"Sep 14, 2026 @ 09:14:57.489","Cyber-DC",["T1112"],["Defense Evasion"],"Registry Value Entry Added to the System","5","752"
"Sep 14, 2026 @ 09:14:57.487","Cyber-DC",["T1112"],["Defense Evasion"],"Registry Value Entry Added to the System","5","752"
"Sep 14, 2026 @ 09:14:57.484","Cyber-DC",["T1565.001","T1112"],["Impact","Defense Evasion"],"Registry Key Integrity Checksum Changed","5","594"
"Sep 14, 2026 @ 09:14:57.388","Cyber-DC",["T1565.001","T1112"],["Impact","Defense Evasion"],"Registry Value Integrity Checksum Changed","5","750"
"Sep 14, 2026 @ 09:14:57.384","Cyber-DC",["T1565.001","T1112"],["Impact","Defense Evasion"],"Registry Key Integrity Checksum Changed","5","594"
"Sep 14, 2026 @ 09:14:55.748","Cyber-DC",["T1112"],["Defense Evasion"],"Registry Value Entry Added to the System","5","752"
"Sep 14, 2026 @ 09:14:55.731","Cyber-DC",["T1112"],["Defense Evasion"],"Registry Value Entry Added to the System","5","752"
"Sep 14, 2026 @ 09:14:55.715","Cyber-DC",["T1112"],["Defense Evasion"],"Registry Value Entry Added to the System","5","752"
"Sep 14, 2026 @ 09:14:55.699","Cyber-DC",["T1112"],["Defense Evasion"],"Registry Value Entry Added to the System","5","752"
"Sep 14, 2026 @ 09:14:55.689","Cyber-DC",["T1112"],["Defense Evasion"],"Registry Value Entry Added to the System","5","752"
"Sep 14, 2026 @ 09:14:55.684","Cyber-DC",["T1112"],["Defense Evasion"],"Registry Value Entry Added to the System","5","752"
"Sep 14, 2026 @ 09:14:55.669","Cyber-DC",["T1112"],["Defense Evasion"],"Registry Value Entry Added to the System","5","752"
"Sep 14, 2026 @ 09:14:55.653","Cyber-DC",["T1112"],["Defense Evasion"],"Registry Value Entry Added to the System","5","752"
"Sep 14, 2026 @ 09:14:55.638","Cyber-DC",["T1112"],["Defense Evasion"],"Registry Value Entry Added to the System","5","752"
"Sep 14, 2026 @ 09:14:55.621","Cyber-DC",["T1112"],["Defense Evasion"],"Registry Value Entry Added to the System","5","752"
"Sep 14, 2026 @ 09:14:55.606","Cyber-DC",["T1112"],["Defense Evasion"],"Registry Key Entry Added to the System","5","598"
"Sep 14, 2026 @ 09:14:55.595","Cyber-DC",["T1112"],["Defense Evasion"],"Registry Value Entry Added to the System","5","752"
"Sep 14, 2026 @ 09:14:55.595","Cyber-DC",["T1112"],["Defense Evasion"],"Registry Key Entry Added to the System","5","598"
"Sep 14, 2026 @ 09:14:55.345","Cyber-DC",["T1112"],["Defense Evasion"],"Registry Value Entry Added to the System","5","752"
"Sep 14, 2026 @ 09:14:55.327","Cyber-DC",["T1112"],["Defense Evasion"],"Registry Value Entry Added to the System","5","752"
"Sep 14, 2026 @ 09:14:55.312","Cyber-DC",["T1112"],["Defense Evasion"],"Registry Value Entry Added to the System","5","752"
"Sep 14, 2026 @ 09:14:55.312","Cyber-DC",["T1112"],["Defense Evasion"],"Registry Value Entry Added to the System","5","752"
"Sep 14, 2026 @ 09:14:54.394","Cyber-DC",["T1112"],["Defense Evasion"],"Registry Value Entry Added to the System","5","752"
"Sep 14, 2026 @ 09:14:54.392","Cyber-DC",["T1112"],["Defense Evasion"],"Registry Value Entry Added to the System","5","752"
"Sep 14, 2026 @ 09:14:54.376","Cyber-DC",["T1112"],["Defense Evasion"],"Registry Value Entry Added to the System","5","752"
"Sep 14, 2026 @ 09:14:54.361","Cyber-DC",["T1112"],["Defense Evasion"],"Registry Key Entry Added to the System","5","598"
"Sep 14, 2026 @ 09:14:54.345","Cyber-DC",["T1112"],["Defense Evasion"],"Registry Value Entry Added to the System","5","752"
"Sep 14, 2026 @ 09:14:54.329","Cyber-DC",["T1112"],["Defense Evasion"],"Registry Key Entry Added to the System","5","598"
"Sep 14, 2026 @ 09:14:54.313","Cyber-DC",["T1112"],["Defense Evasion"],"Registry Key Entry Added to the System","5","598"
"Sep 14, 2026 @ 09:14:54.302","Cyber-DC",["T1112"],["Defense Evasion"],"Registry Value Entry Added to the System","5","752"
"Sep 14, 2026 @ 09:14:54.295","Cyber-DC",["T1112"],["Defense Evasion"],"Registry Value Entry Added to the System","5","752"
"Sep 14, 2026 @ 09:14:54.295","Cyber-DC",["T1112"],["Defense Evasion"],"Registry Key Entry Added to the System","5","598"
"Sep 14, 2026 @ 09:14:47.200","Cyber-DC",["T1078"],["Defense Evasion","Persistence","Privilege Escalation","Initial Access"],"Windows Logon Success","3","60106"
"Sep 14, 2026 @ 09:14:16.985","Cyber-DC",["T1078"],["Defense Evasion","Persistence","Privilege Escalation","Initial Access"],"Windows Logon Success","3","60106"
"Sep 14, 2026 @ 09:14:03.651","Cyber-DC",["T1543.003"],["Persistence","Privilege Escalation"],"New Windows Service Created","5","61138"
"Sep 14, 2026 @ 09:14:03.640","Cyber-DC",["T1078"],["Defense Evasion","Persistence","Privilege Escalation","Initial Access"],"Windows Logon Success","3","60106"
"Sep 14, 2026 @ 09:14:03.618","Cyber-DC",["T1543.003"],["Persistence","Privilege Escalation"],"New Windows Service Created","5","61138"
"Sep 14, 2026 @ 09:14:03.594","Cyber-DC",["T1543.003"],["Persistence","Privilege Escalation"],"New Windows Service Created","5","61138"
"Sep 14, 2026 @ 09:13:55.783","Cyber-DC",["T1078"],["Defense Evasion","Persistence","Privilege Escalation","Initial Access"],"Windows Logon Success","3","60106"
"Sep 14, 2026 @ 09:13:52.560","Cyber-DC",["T1078"],["Defense Evasion","Persistence","Privilege Escalation","Initial Access"],"Windows Logon Success","3","60106"
"Sep 14, 2026 @ 09:13:45.035","Cyber-DC",["T1565.001","T1112"],["Impact","Defense Evasion"],"Registry Key Integrity Checksum Changed","5","594"
"Sep 14, 2026 @ 09:13:43.830","Cyber-DC",["T1078"],["Defense Evasion","Persistence","Privilege Escalation","Initial Access"],"Windows Logon Success","3","60106"
"Sep 14, 2026 @ 09:13:43.767","Cyber-DC",["T1078"],["Defense Evasion","Persistence","Privilege Escalation","Initial Access"],"Windows Logon Success","3","60106"
"Sep 14, 2026 @ 09:13:43.757","Cyber-DC",["T1078"],["Defense Evasion","Persistence","Privilege Escalation","Initial Access"],"Windows Logon Success","3","60106"
"Sep 14, 2026 @ 09:13:43.750","Cyber-DC",["T1078"],["Defense Evasion","Persistence","Privilege Escalation","Initial Access"],"Windows Logon Success","3","60106"
"Sep 14, 2026 @ 09:13:41.133","Cyber-DC",["T1078"],["Defense Evasion","Persistence","Privilege Escalation","Initial Access"],"Windows Logon Success","3","60106"
"Sep 14, 2026 @ 09:13:37.327","Cyber-DC",["T1078"],["Defense Evasion","Persistence","Privilege Escalation","Initial Access"],"Windows Logon Success","3","60106"
"Sep 14, 2026 @ 09:13:35.049","Cyber-DC",["T1078"],["Defense Evasion","Persistence","Privilege Escalation","Initial Access"],"Windows Logon Success","3","60106"
"Sep 14, 2026 @ 09:13:30.200","Cyber-DC",["T1078"],["Defense Evasion","Persistence","Privilege Escalation","Initial Access"],"Windows Logon Success","3","60106"
"Sep 14, 2026 @ 09:13:27.260","Cyber-DC",["T1078"],["Defense Evasion","Persistence","Privilege Escalation","Initial Access"],"Windows Logon Success","3","60106"
"Sep 14, 2026 @ 09:13:24.272","Cyber-DC",["T1078"],["Defense Evasion","Persistence","Privilege Escalation","Initial Access"],"Windows Logon Success","3","60106"
"Sep 14, 2026 @ 09:13:24.247","Cyber-DC",["T1078"],["Defense Evasion","Persistence","Privilege Escalation","Initial Access"],"Windows Logon Success","3","60106"
"Sep 14, 2026 @ 09:13:24.229","Cyber-DC",["T1078"],["Defense Evasion","Persistence","Privilege Escalation","Initial Access"],"Windows Logon Success","3","60106"
"Sep 14, 2026 @ 09:13:16.919","Cyber-DC",["T1078"],["Defense Evasion","Persistence","Privilege Escalation","Initial Access"],"Windows Logon Success","3","60106"
"Sep 14, 2026 @ 09:13:01.072","Cyber-DC",["T1078"],["Defense Evasion","Persistence","Privilege Escalation","Initial Access"],"Windows Logon Success","3","60106"
"Sep 14, 2026 @ 09:13:01.068","Cyber-DC",["T1078"],["Defense Evasion","Persistence","Privilege Escalation","Initial Access"],"Windows Logon Success","3","60106"
"Sep 14, 2026 @ 09:12:41.515","Cyber-Linux-cilent",["T1078"],["Defense Evasion","Persistence","Privilege Escalation","Initial Access"],"PAM: Login session opened.","3","5501"
"Sep 14, 2026 @ 09:12:41.457","Cyber-Linux-cilent",["T1078"],["Defense Evasion","Persistence","Privilege Escalation","Initial Access"],"PAM: Login session opened.","3","5501"
"Sep 14, 2026 @ 09:12:30.618","Cyber-DC",["T1565.001","T1112"],["Impact","Defense Evasion"],"Registry Value Integrity Checksum Changed","5","750"
"Sep 14, 2026 @ 09:12:30.617","Cyber-DC",["T1565.001","T1112"],["Impact","Defense Evasion"],"Registry Key Integrity Checksum Changed","5","594"
"Sep 14, 2026 @ 09:12:16.870","Cyber-DC",["T1078"],["Defense Evasion","Persistence","Privilege Escalation","Initial Access"],"Windows Logon Success","3","60106"
"Sep 14, 2026 @ 09:11:33.579","Cyber-Linux-cilent",["T1078"],["Defense Evasion","Persistence","Privilege Escalation","Initial Access"],"PAM: Login session opened.","3","5501"
"Sep 14, 2026 @ 09:11:33.374","Cyber-Linux-cilent",["T1078"],["Defense Evasion","Persistence","Privilege Escalation","Initial Access"],"PAM: Login session opened.","3","5501"
"Sep 14, 2026 @ 09:11:23.686","Cyber-DC",["T1565.001","T1112"],["Impact","Defense Evasion"],"Registry Key Integrity Checksum Changed","5","594"
"Sep 14, 2026 @ 09:11:16.842","Cyber-DC",["T1078"],["Defense Evasion","Persistence","Privilege Escalation","Initial Access"],"Windows Logon Success","3","60106"
"Sep 14, 2026 @ 09:11:12.026","Cyber-DC",["T1078"],["Defense Evasion","Persistence","Privilege Escalation","Initial Access"],"Windows Logon Success","3","60106"
"Sep 14, 2026 @ 09:10:47.649","Cyber-DC",["T1078"],["Defense Evasion","Persistence","Privilege Escalation","Initial Access"],"Windows Logon Success","3","60106"
"Sep 14, 2026 @ 09:10:20.092","Cyber-DC",["T1078"],["Defense Evasion","Persistence","Privilege Escalation","Initial Access"],"Windows Logon Success","3","60106"
"Sep 14, 2026 @ 09:10:16.797","Cyber-DC",["T1078"],["Defense Evasion","Persistence","Privilege Escalation","Initial Access"],"Windows Logon Success","3","60106"
"Sep 14, 2026 @ 09:10:04.307","Cyber-DC",["T1565.001","T1112"],["Impact","Defense Evasion"],"Registry Key Integrity Checksum Changed","5","594"
"Sep 14, 2026 @ 09:10:04.261","Cyber-DC",["T1112"],["Defense Evasion"],"Registry Key Entry Added to the System","5","598"
"Sep 14, 2026 @ 09:09:59.641","Cyber-DC",["T1565.001","T1112"],["Impact","Defense Evasion"],"Registry Value Integrity Checksum Changed","5","750"
"Sep 14, 2026 @ 09:09:59.627","Cyber-DC",["T1565.001","T1112"],["Impact","Defense Evasion"],"Registry Key Integrity Checksum Changed","5","594"
"Sep 14, 2026 @ 09:09:59.623","Cyber-DC",["T1565.001","T1112"],["Impact","Defense Evasion"],"Registry Value Integrity Checksum Changed","5","750"
"Sep 14, 2026 @ 09:09:59.622","Cyber-DC",["T1565.001","T1112"],["Impact","Defense Evasion"],"Registry Key Integrity Checksum Changed","5","594"
"Sep 14, 2026 @ 09:09:58.475","Cyber-DC",["T1565.001","T1112"],["Impact","Defense Evasion"],"Registry Value Integrity Checksum Changed","5","750"
"Sep 14, 2026 @ 09:09:58.433","Cyber-DC",["T1565.001","T1112"],["Impact","Defense Evasion"],"Registry Key Integrity Checksum Changed","5","594"
"Sep 14, 2026 @ 09:09:46.881","Cyber-DC",["T1078"],["Defense Evasion","Persistence","Privilege Escalation","Initial Access"],"Windows Logon Success","3","60106"
"Sep 14, 2026 @ 09:09:39.702","Cyber-DC",["T1078"],["Defense Evasion","Persistence","Privilege Escalation","Initial Access"],"Windows Logon Success","3","60106"
"Sep 14, 2026 @ 09:09:39.698","Cyber-DC",["T1078"],["Defense Evasion","Persistence","Privilege Escalation","Initial Access"],"Windows Logon Success","3","60106"
"Sep 14, 2026 @ 09:09:16.758","Cyber-DC",["T1078"],["Defense Evasion","Persistence","Privilege Escalation","Initial Access"],"Windows Logon Success","3","60106"
"Sep 14, 2026 @ 09:09:14.088","Cyber-DC",["T1078"],["Defense Evasion","Persistence","Privilege Escalation","Initial Access"],"Windows Logon Success","3","60106"
"Sep 14, 2026 @ 09:09:14.061","Cyber-DC",["T1078"],["Defense Evasion","Persistence","Privilege Escalation","Initial Access"],"Windows Logon Success","3","60106"
"Sep 14, 2026 @ 09:09:14.041","Cyber-DC",["T1078"],["Defense Evasion","Persistence","Privilege Escalation","Initial Access"],"Windows Logon Success","3","60106"
"Sep 14, 2026 @ 09:09:14.012","Cyber-DC",["T1078"],["Defense Evasion","Persistence","Privilege Escalation","Initial Access"],"Windows Logon Success","3","60106"
"Sep 14, 2026 @ 09:09:13.964","Cyber-DC",["T1078"],["Defense Evasion","Persistence","Privilege Escalation","Initial Access"],"Windows Logon Success","3","60106"
"Sep 14, 2026 @ 09:09:13.939","Cyber-DC",["T1078"],["Defense Evasion","Persistence","Privilege Escalation","Initial Access"],"Windows Logon Success","3","60106"
"Sep 14, 2026 @ 09:09:13.905","Cyber-DC",["T1078"],["Defense Evasion","Persistence","Privilege Escalation","Initial Access"],"Windows Logon Success","3","60106"
"Sep 14, 2026 @ 09:09:13.844","Cyber-DC",["T1078"],["Defense Evasion","Persistence","Privilege Escalation","Initial Access"],"Windows Logon Success","3","60106"
"Sep 14, 2026 @ 09:09:13.814","Cyber-DC",["T1078"],["Defense Evasion","Persistence","Privilege Escalation","Initial Access"],"Windows Logon Success","3","60106"
"Sep 14, 2026 @ 09:09:13.760","Cyber-DC",["T1078"],["Defense Evasion","Persistence","Privilege Escalation","Initial Access"],"Windows Logon Success","3","60106"
"Sep 14, 2026 @ 09:09:13.731","Cyber-DC",["T1078"],["Defense Evasion","Persistence","Privilege Escalation","Initial Access"],"Windows Logon Success","3","60106"
"Sep 14, 2026 @ 09:09:02.193","Cyber-DC",["T1565.001","T1112"],["Impact","Defense Evasion"],"Registry Key Integrity Checksum Changed","5","594"
"Sep 14, 2026 @ 09:09:02.155","Cyber-DC",["T1112"],["Defense Evasion"],"Registry Key Entry Added to the System","5","598"
"Sep 14, 2026 @ 09:09:00.921","Cyber-DC",["T1078"],["Defense Evasion","Persistence","Privilege Escalation","Initial Access"],"Windows Logon Success","3","60106"
"Sep 14, 2026 @ 09:08:56.438","Cyber-DC",["T1565.001","T1112"],["Impact","Defense Evasion"],"Registry Key Integrity Checksum Changed","5","594"
"Sep 14, 2026 @ 09:08:55.615","Cyber-DC",["T1565.001","T1112"],["Impact","Defense Evasion"],"Registry Key Integrity Checksum Changed","5","594"
"Sep 14, 2026 @ 09:08:55.615","Cyber-DC",["T1565.001","T1112"],["Impact","Defense Evasion"],"Registry Value Integrity Checksum Changed","5","750"
"Sep 14, 2026 @ 09:08:51.455","Cyber-DC",["T1078"],["Defense Evasion","Persistence","Privilege Escalation","Initial Access"],"Windows Logon Success","3","60106"
"Sep 14, 2026 @ 09:08:43.609","Cyber-DC",["T1078"],["Defense Evasion","Persistence","Privilege Escalation","Initial Access"],"Windows Logon Success","3","60106"
"Sep 14, 2026 @ 09:08:43.514","Cyber-DC",["T1078"],["Defense Evasion","Persistence","Privilege Escalation","Initial Access"],"Windows Logon Success","3","60106"
"Sep 14, 2026 @ 09:08:43.491","Cyber-DC",["T1078"],["Defense Evasion","Persistence","Privilege Escalation","Initial Access"],"Windows Logon Success","3","60106"
"Sep 14, 2026 @ 09:08:43.486","Cyber-DC",["T1078"],["Defense Evasion","Persistence","Privilege Escalation","Initial Access"],"Windows Logon Success","3","60106"
"Sep 14, 2026 @ 09:08:23.521","Cyber-DC",["T1078"],["Defense Evasion","Persistence","Privilege Escalation","Initial Access"],"Windows Logon Success","3","60106"
"Sep 14, 2026 @ 09:08:23.487","Cyber-DC",["T1078"],["Defense Evasion","Persistence","Privilege Escalation","Initial Access"],"Windows Logon Success","3","60106"
"Sep 14, 2026 @ 09:08:23.456","Cyber-DC",["T1078"],["Defense Evasion","Persistence","Privilege Escalation","Initial Access"],"Windows Logon Success","3","60106"
"Sep 14, 2026 @ 09:08:23.409","Cyber-DC",["T1078"],["Defense Evasion","Persistence","Privilege Escalation","Initial Access"],"Windows Logon Success","3","60106"
"Sep 14, 2026 @ 09:08:23.375","Cyber-DC",["T1078"],["Defense Evasion","Persistence","Privilege Escalation","Initial Access"],"Windows Logon Success","3","60106"
"Sep 14, 2026 @ 09:08:23.327","Cyber-DC",["T1078"],["Defense Evasion","Persistence","Privilege Escalation","Initial Access"],"Windows Logon Success","3","60106"
"Sep 14, 2026 @ 09:08:23.250","Cyber-DC",["T1078"],["Defense Evasion","Persistence","Privilege Escalation","Initial Access"],"Windows Logon Success","3","60106"
"Sep 14, 2026 @ 09:08:23.216","Cyber-DC",["T1078"],["Defense Evasion","Persistence","Privilege Escalation","Initial Access"],"Windows Logon Success","3","60106"
"Sep 14, 2026 @ 09:08:23.186","Cyber-DC",["T1078"],["Defense Evasion","Persistence","Privilege Escalation","Initial Access"],"Windows Logon Success","3","60106"
"Sep 14, 2026 @ 09:08:23.153","Cyber-DC",["T1078"],["Defense Evasion","Persistence","Privilege Escalation","Initial Access"],"Windows Logon Success","3","60106"
"Sep 14, 2026 @ 09:08:23.147","Cyber-DC",["T1078"],["Defense Evasion","Persistence","Privilege Escalation","Initial Access"],"Windows Logon Success","3","60106"
"Sep 14, 2026 @ 09:08:17.073","Cyber-DC",["T1078"],["Defense Evasion","Persistence","Privilege Escalation","Initial Access"],"Windows Logon Success","3","60106"
"Sep 14, 2026 @ 09:08:17.064","Cyber-DC",["T1078"],["Defense Evasion","Persistence","Privilege Escalation","Initial Access"],"Windows Logon Success","3","60106"
"Sep 14, 2026 @ 09:08:15.926","Cyber-DC",["T1078"],["Defense Evasion","Persistence","Privilege Escalation","Initial Access"],"Windows Logon Success","3","60106"
"Sep 14, 2026 @ 09:08:15.897","Cyber-DC",["T1078"],["Defense Evasion","Persistence","Privilege Escalation","Initial Access"],"Windows Logon Success","3","60106"
"Sep 14, 2026 @ 09:08:15.891","Cyber-DC",["T1078"],["Defense Evasion","Persistence","Privilege Escalation","Initial Access"],"Windows Logon Success","3","60106"
"Sep 14, 2026 @ 09:08:15.887","Cyber-DC",["T1078"],["Defense Evasion","Persistence","Privilege Escalation","Initial Access"],"Windows Logon Success","3","60106"
"Sep 14, 2026 @ 09:08:15.884","Cyber-DC",["T1078"],["Defense Evasion","Persistence","Privilege Escalation","Initial Access"],"Windows Logon Success","3","60106"
"Sep 14, 2026 @ 09:07:16.671","Cyber-DC",["T1078"],["Defense Evasion","Persistence","Privilege Escalation","Initial Access"],"Windows Logon Success","3","60106"
"Sep 14, 2026 @ 09:06:23.231","Cyber-DC",["T1078"],["Defense Evasion","Persistence","Privilege Escalation","Initial Access"],"Windows Logon Success","3","60106"
"Sep 14, 2026 @ 09:06:18.158","Cyber-DC",["T1565.001","T1112"],["Impact","Defense Evasion"],"Registry Key Integrity Checksum Changed","5","594"
"Sep 14, 2026 @ 09:06:18.154","Cyber-DC",["T1112"],["Defense Evasion"],"Registry Key Entry Added to the System","5","598"
"Sep 14, 2026 @ 09:06:18.154","Cyber-DC",["T1112"],["Defense Evasion"],"Registry Value Entry Added to the System","5","752"
"Sep 14, 2026 @ 09:06:18.145","Cyber-DC",["T1112"],["Defense Evasion"],"Registry Key Entry Added to the System","5","598"
"Sep 14, 2026 @ 09:06:18.005","Cyber-DC",["T1565.001","T1112"],["Impact","Defense Evasion"],"Registry Key Integrity Checksum Changed","5","594"
"Sep 14, 2026 @ 09:06:17.959","Cyber-DC",["T1112"],["Defense Evasion"],"Registry Value Entry Added to the System","5","752"
"Sep 14, 2026 @ 09:06:17.959","Cyber-DC",["T1112"],["Defense Evasion"],"Registry Value Entry Added to the System","5","752"
"Sep 14, 2026 @ 09:06:17.919","Cyber-DC",["T1112"],["Defense Evasion"],"Registry Value Entry Added to the System","5","752"
"Sep 14, 2026 @ 09:06:17.907","Cyber-DC",["T1112"],["Defense Evasion"],"Registry Value Entry Added to the System","5","752"
"Sep 14, 2026 @ 09:06:16.939","Cyber-DC",["T1112"],["Defense Evasion"],"Registry Value Entry Added to the System","5","752"
"Sep 14, 2026 @ 09:06:16.896","Cyber-DC",["T1112"],["Defense Evasion"],"Registry Value Entry Added to the System","5","752"
"Sep 14, 2026 @ 09:06:16.886","Cyber-DC",["T1112"],["Defense Evasion"],"Registry Value Entry Added to the System","5","752"
"Sep 14, 2026 @ 09:06:16.882","Cyber-DC",["T1112"],["Defense Evasion"],"Registry Value Entry Added to the System","5","752"
"Sep 14, 2026 @ 09:06:16.882","Cyber-DC",["T1112"],["Defense Evasion"],"Registry Key Entry Added to the System","5","598"
"Sep 14, 2026 @ 09:06:16.864","Cyber-DC",["T1112"],["Defense Evasion"],"Registry Key Entry Added to the System","5","598"
"Sep 14, 2026 @ 09:06:16.638","Cyber-DC",["T1078"],["Defense Evasion","Persistence","Privilege Escalation","Initial Access"],"Windows Logon Success","3","60106"
"Sep 14, 2026 @ 09:06:16.274","Cyber-DC",["T1112"],["Defense Evasion"],"Registry Value Entry Added to the System","5","752"
"Sep 14, 2026 @ 09:06:16.259","Cyber-DC",["T1112"],["Defense Evasion"],"Registry Value Entry Added to the System","5","752"
"Sep 14, 2026 @ 09:06:16.248","Cyber-DC",["T1112"],["Defense Evasion"],"Registry Value Entry Added to the System","5","752"
"Sep 14, 2026 @ 09:06:16.248","Cyber-DC",["T1112"],["Defense Evasion"],"Registry Value Entry Added to the System","5","752"
"Sep 14, 2026 @ 09:06:16.207","Cyber-DC",["T1112"],["Defense Evasion"],"Registry Value Entry Added to the System","5","752"
"Sep 14, 2026 @ 09:06:16.193","Cyber-DC",["T1112"],["Defense Evasion"],"Registry Key Entry Added to the System","5","598"
"Sep 14, 2026 @ 09:06:16.193","Cyber-DC",["T1112"],["Defense Evasion"],"Registry Value Entry Added to the System","5","752"
"Sep 14, 2026 @ 09:06:16.193","Cyber-DC",["T1112"],["Defense Evasion"],"Registry Value Entry Added to the System","5","752"
"Sep 14, 2026 @ 09:06:16.161","Cyber-DC",["T1112"],["Defense Evasion"],"Registry Value Entry Added to the System","5","752"
"Sep 14, 2026 @ 09:06:16.140","Cyber-DC",["T1112"],["Defense Evasion"],"Registry Key Entry Added to the System","5","598"
"Sep 14, 2026 @ 09:06:16.138","Cyber-DC",["T1112"],["Defense Evasion"],"Registry Value Entry Added to the System","5","752"
"Sep 14, 2026 @ 09:06:16.119","Cyber-DC",["T1112"],["Defense Evasion"],"Registry Value Entry Added to the System","5","752"
"Sep 14, 2026 @ 09:06:16.103","Cyber-DC",["T1112"],["Defense Evasion"],"Registry Value Entry Added to the System","5","752"
"Sep 14, 2026 @ 09:06:16.101","Cyber-DC",["T1112"],["Defense Evasion"],"Registry Value Entry Added to the System","5","752"
"Sep 14, 2026 @ 09:06:16.101","Cyber-DC",["T1112"],["Defense Evasion"],"Registry Value Entry Added to the System","5","752"
"Sep 14, 2026 @ 09:06:16.054","Cyber-DC",["T1112"],["Defense Evasion"],"Registry Value Entry Added to the System","5","752"
"Sep 14, 2026 @ 09:06:16.041","Cyber-DC",["T1112"],["Defense Evasion"],"Registry Value Entry Added to the System","5","752"
"Sep 14, 2026 @ 09:06:16.038","Cyber-DC",["T1112"],["Defense Evasion"],"Registry Key Entry Added to the System","5","598"
"Sep 14, 2026 @ 09:06:16.037","Cyber-DC",["T1112"],["Defense Evasion"],"Registry Value Entry Added to the System","5","752"
"Sep 14, 2026 @ 09:06:15.989","Cyber-DC",["T1112"],["Defense Evasion"],"Registry Key Entry Added to the System","5","598"
"Sep 14, 2026 @ 09:06:15.955","Cyber-DC",["T1112"],["Defense Evasion"],"Registry Value Entry Added to the System","5","752"
"Sep 14, 2026 @ 09:06:15.943","Cyber-DC",["T1112"],["Defense Evasion"],"Registry Value Entry Added to the System","5","752"
"Sep 14, 2026 @ 09:06:15.943","Cyber-DC",["T1112"],["Defense Evasion"],"Registry Value Entry Added to the System","5","752"
"Sep 14, 2026 @ 09:06:15.937","Cyber-DC",["T1112"],["Defense Evasion"],"Registry Value Entry Added to the System","5","752"
"Sep 14, 2026 @ 09:06:15.937","Cyber-DC",["T1112"],["Defense Evasion"],"Registry Value Entry Added to the System","5","752"
"Sep 14, 2026 @ 09:06:15.894","Cyber-DC",["T1112"],["Defense Evasion"],"Registry Value Entry Added to the System","5","752"
"Sep 14, 2026 @ 09:06:15.885","Cyber-DC",["T1112"],["Defense Evasion"],"Registry Value Entry Added to the System","5","752"
"Sep 14, 2026 @ 09:06:15.880","Cyber-DC",["T1112"],["Defense Evasion"],"Registry Value Entry Added to the System","5","752"
"Sep 14, 2026 @ 09:06:15.880","Cyber-DC",["T1112"],["Defense Evasion"],"Registry Key Entry Added to the System","5","598"
"Sep 14, 2026 @ 09:06:15.862","Cyber-DC",["T1112"],["Defense Evasion"],"Registry Key Entry Added to the System","5","598"
"Sep 14, 2026 @ 09:06:15.052","Cyber-DC",["T1565.001","T1112"],["Impact","Defense Evasion"],"Registry Key Integrity Checksum Changed","5","594"
"Sep 14, 2026 @ 09:06:15.006","Cyber-DC",["T1565.001","T1112"],["Impact","Defense Evasion"],"Registry Key Integrity Checksum Changed","5","594"
"Sep 14, 2026 @ 09:06:14.733","Cyber-DC",["T1112"],["Defense Evasion"],"Registry Value Entry Added to the System","5","752"
"Sep 14, 2026 @ 09:06:14.713","Cyber-DC",["T1112"],["Defense Evasion"],"Registry Value Entry Added to the System","5","752"
"Sep 14, 2026 @ 09:06:14.711","Cyber-DC",["T1112"],["Defense Evasion"],"Registry Value Entry Added to the System","5","752"
"Sep 14, 2026 @ 09:06:14.698","Cyber-DC",["T1112"],["Defense Evasion"],"Registry Value Entry Added to the System","5","752"
"Sep 14, 2026 @ 09:06:14.681","Cyber-DC",["T1112"],["Defense Evasion"],"Registry Value Entry Added to the System","5","752"
"Sep 14, 2026 @ 09:06:14.677","Cyber-DC",["T1112"],["Defense Evasion"],"Registry Value Entry Added to the System","5","752"
"Sep 14, 2026 @ 09:06:14.676","Cyber-DC",["T1112"],["Defense Evasion"],"Registry Value Entry Added to the System","5","752"
"Sep 14, 2026 @ 09:06:14.634","Cyber-DC",["T1112"],["Defense Evasion"],"Registry Key Entry Added to the System","5","598"
"Sep 14, 2026 @ 09:06:14.629","Cyber-DC",["T1112"],["Defense Evasion"],"Registry Key Entry Added to the System","5","598"
"Sep 14, 2026 @ 09:06:14.629","Cyber-DC",["T1112"],["Defense Evasion"],"Registry Value Entry Added to the System","5","752"
"Sep 14, 2026 @ 09:06:14.626","Cyber-DC",["T1112"],["Defense Evasion"],"Registry Value Entry Added to the System","5","752"
"Sep 14, 2026 @ 09:06:14.613","Cyber-DC",["T1112"],["Defense Evasion"],"Registry Value Entry Added to the System","5","752"
"Sep 14, 2026 @ 09:06:13.988","Cyber-DC",["T1112"],["Defense Evasion"],"Registry Value Entry Added to the System","5","752"
"Sep 14, 2026 @ 09:06:13.972","Cyber-DC",["T1112"],["Defense Evasion"],"Registry Value Entry Added to the System","5","752"
"Sep 14, 2026 @ 09:06:13.965","Cyber-DC",["T1112"],["Defense Evasion"],"Registry Value Entry Added to the System","5","752"
"Sep 14, 2026 @ 09:06:13.965","Cyber-DC",["T1112"],["Defense Evasion"],"Registry Key Entry Added to the System","5","598"
"Sep 14, 2026 @ 09:06:13.924","Cyber-DC",["T1112"],["Defense Evasion"],"Registry Key Entry Added to the System","5","598"
"Sep 14, 2026 @ 09:06:13.910","Cyber-DC",["T1112"],["Defense Evasion"],"Registry Value Entry Added to the System","5","752"
"Sep 14, 2026 @ 09:06:13.900","Cyber-DC",["T1112"],["Defense Evasion"],"Registry Value Entry Added to the System","5","752"
"Sep 14, 2026 @ 09:06:13.889","Cyber-DC",["T1112"],["Defense Evasion"],"Registry Value Entry Added to the System","5","752"
"Sep 14, 2026 @ 09:06:13.888","Cyber-DC",["T1112"],["Defense Evasion"],"Registry Value Entry Added to the System","5","752"
"Sep 14, 2026 @ 09:06:13.887","Cyber-DC",["T1112"],["Defense Evasion"],"Registry Value Entry Added to the System","5","752"
"Sep 14, 2026 @ 09:06:13.847","Cyber-DC",["T1112"],["Defense Evasion"],"Registry Value Entry Added to the System","5","752"
"Sep 14, 2026 @ 09:06:13.831","Cyber-DC",["T1112"],["Defense Evasion"],"Registry Value Entry Added to the System","5","752"
"Sep 14, 2026 @ 09:06:13.831","Cyber-DC",["T1112"],["Defense Evasion"],"Registry Value Entry Added to the System","5","752"
"Sep 14, 2026 @ 09:06:13.830","Cyber-DC",["T1112"],["Defense Evasion"],"Registry Key Entry Added to the System","5","598"
"Sep 14, 2026 @ 09:06:13.801","Cyber-DC",["T1112"],["Defense Evasion"],"Registry Key Entry Added to the System","5","598"
"Sep 14, 2026 @ 09:06:13.792","Cyber-DC",["T1112"],["Defense Evasion"],"Registry Value Entry Added to the System","5","752"
"Sep 14, 2026 @ 09:06:13.786","Cyber-DC",["T1112"],["Defense Evasion"],"Registry Value Entry Added to the System","5","752"
"Sep 14, 2026 @ 09:06:13.772","Cyber-DC",["T1112"],["Defense Evasion"],"Registry Value Entry Added to the System","5","752"
"Sep 14, 2026 @ 09:06:13.772","Cyber-DC",["T1112"],["Defense Evasion"],"Registry Value Entry Added to the System","5","752"
"Sep 14, 2026 @ 09:06:13.755","Cyber-DC",["T1112"],["Defense Evasion"],"Registry Value Entry Added to the System","5","752"
"Sep 14, 2026 @ 09:06:13.742","Cyber-DC",["T1112"],["Defense Evasion"],"Registry Value Entry Added to the System","5","752"
"Sep 14, 2026 @ 09:06:13.723","Cyber-DC",["T1112"],["Defense Evasion"],"Registry Value Entry Added to the System","5","752"
"Sep 14, 2026 @ 09:06:13.709","Cyber-DC",["T1112"],["Defense Evasion"],"Registry Key Entry Added to the System","5","598"
"Sep 14, 2026 @ 09:06:13.695","Cyber-DC",["T1112"],["Defense Evasion"],"Registry Key Entry Added to the System","5","598"
"Sep 14, 2026 @ 09:06:13.691","Cyber-DC",["T1112"],["Defense Evasion"],"Registry Value Entry Added to the System","5","752"
"Sep 14, 2026 @ 09:06:13.685","Cyber-DC",["T1112"],["Defense Evasion"],"Registry Value Entry Added to the System","5","752"
"Sep 14, 2026 @ 09:06:13.685","Cyber-DC",["T1112"],["Defense Evasion"],"Registry Value Entry Added to the System","5","752"
"Sep 14, 2026 @ 09:06:13.650","Cyber-DC",["T1112"],["Defense Evasion"],"Registry Value Entry Added to the System","5","752"
"Sep 14, 2026 @ 09:06:13.630","Cyber-DC",["T1112"],["Defense Evasion"],"Registry Value Entry Added to the System","5","752"
"Sep 14, 2026 @ 09:06:13.629","Cyber-DC",["T1112"],["Defense Evasion"],"Registry Value Entry Added to the System","5","752"
"Sep 14, 2026 @ 09:06:13.629","Cyber-DC",["T1112"],["Defense Evasion"],"Registry Key Entry Added to the System","5","598"
"Sep 14, 2026 @ 09:06:13.601","Cyber-DC",["T1112"],["Defense Evasion"],"Registry Key Entry Added to the System","5","598"
"Sep 14, 2026 @ 09:06:13.584","Cyber-DC",["T1112"],["Defense Evasion"],"Registry Value Entry Added to the System","5","752"
"Sep 14, 2026 @ 09:06:13.577","Cyber-DC",["T1112"],["Defense Evasion"],"Registry Value Entry Added to the System","5","752"
"Sep 14, 2026 @ 09:06:13.577","Cyber-DC",["T1112"],["Defense Evasion"],"Registry Value Entry Added to the System","5","752"
"Sep 14, 2026 @ 09:06:13.576","Cyber-DC",["T1112"],["Defense Evasion"],"Registry Value Entry Added to the System","5","752"
"Sep 14, 2026 @ 09:06:13.533","Cyber-DC",["T1112"],["Defense Evasion"],"Registry Value Entry Added to the System","5","752"
"Sep 14, 2026 @ 09:06:13.523","Cyber-DC",["T1112"],["Defense Evasion"],"Registry Value Entry Added to the System","5","752"
"Sep 14, 2026 @ 09:06:13.518","Cyber-DC",["T1112"],["Defense Evasion"],"Registry Key Entry Added to the System","5","598"
"Sep 14, 2026 @ 09:06:13.518","Cyber-DC",["T1112"],["Defense Evasion"],"Registry Value Entry Added to the System","5","752"
"Sep 14, 2026 @ 09:06:13.486","Cyber-DC",["T1112"],["Defense Evasion"],"Registry Value Entry Added to the System","5","752"
"Sep 14, 2026 @ 09:06:13.476","Cyber-DC",["T1112"],["Defense Evasion"],"Registry Key Entry Added to the System","5","598"
"Sep 14, 2026 @ 09:06:13.474","Cyber-DC",["T1112"],["Defense Evasion"],"Registry Value Entry Added to the System","5","752"
"Sep 14, 2026 @ 09:06:13.474","Cyber-DC",["T1112"],["Defense Evasion"],"Registry Value Entry Added to the System","5","752"
"Sep 14, 2026 @ 09:06:13.440","Cyber-DC",["T1112"],["Defense Evasion"],"Registry Value Entry Added to the System","5","752"
"Sep 14, 2026 @ 09:06:13.429","Cyber-DC",["T1112"],["Defense Evasion"],"Registry Value Entry Added to the System","5","752"
"Sep 14, 2026 @ 09:06:13.429","Cyber-DC",["T1112"],["Defense Evasion"],"Registry Value Entry Added to the System","5","752"
"Sep 14, 2026 @ 09:06:13.429","Cyber-DC",["T1112"],["Defense Evasion"],"Registry Value Entry Added to the System","5","752"
"Sep 14, 2026 @ 09:06:13.429","Cyber-DC",["T1112"],["Defense Evasion"],"Registry Value Entry Added to the System","5","752"
"Sep 14, 2026 @ 09:06:13.396","Cyber-DC",["T1112"],["Defense Evasion"],"Registry Key Entry Added to the System","5","598"
"Sep 14, 2026 @ 09:06:12.433","Cyber-DC",["T1112"],["Defense Evasion"],"Registry Value Entry Added to the System","5","752"
"Sep 14, 2026 @ 09:06:12.391","Cyber-DC",["T1112"],["Defense Evasion"],"Registry Key Entry Added to the System","5","598"
"Sep 14, 2026 @ 09:06:10.585","Cyber-DC",["T1112"],["Defense Evasion"],"Registry Value Entry Added to the System","5","752"
"Sep 14, 2026 @ 09:06:10.570","Cyber-DC",["T1112"],["Defense Evasion"],"Registry Value Entry Added to the System","5","752"
"Sep 14, 2026 @ 09:06:10.554","Cyber-DC",["T1112"],["Defense Evasion"],"Registry Value Entry Added to the System","5","752"
"Sep 14, 2026 @ 09:06:10.538","Cyber-DC",["T1112"],["Defense Evasion"],"Registry Value Entry Added to the System","5","752"
"Sep 14, 2026 @ 09:06:10.528","Cyber-DC",["T1112"],["Defense Evasion"],"Registry Value Entry Added to the System","5","752"
"Sep 14, 2026 @ 09:06:10.524","Cyber-DC",["T1112"],["Defense Evasion"],"Registry Value Entry Added to the System","5","752"
"Sep 14, 2026 @ 09:06:10.508","Cyber-DC",["T1112"],["Defense Evasion"],"Registry Value Entry Added to the System","5","752"
"Sep 14, 2026 @ 09:06:10.506","Cyber-DC",["T1112"],["Defense Evasion"],"Registry Key Entry Added to the System","5","598"
"Sep 14, 2026 @ 09:06:10.491","Cyber-DC",["T1112"],["Defense Evasion"],"Registry Value Entry Added to the System","5","752"
"Sep 14, 2026 @ 09:06:10.476","Cyber-DC",["T1112"],["Defense Evasion"],"Registry Key Entry Added to the System","5","598"
"Sep 14, 2026 @ 09:06:10.462","Cyber-DC",["T1112"],["Defense Evasion"],"Registry Value Entry Added to the System","5","752"
"Sep 14, 2026 @ 09:06:10.445","Cyber-DC",["T1112"],["Defense Evasion"],"Registry Value Entry Added to the System","5","752"
"Sep 14, 2026 @ 09:06:10.443","Cyber-DC",["T1112"],["Defense Evasion"],"Registry Value Entry Added to the System","5","752"
"Sep 14, 2026 @ 09:06:10.427","Cyber-DC",["T1112"],["Defense Evasion"],"Registry Value Entry Added to the System","5","752"
"Sep 14, 2026 @ 09:06:10.416","Cyber-DC",["T1112"],["Defense Evasion"],"Registry Value Entry Added to the System","5","752"
"Sep 14, 2026 @ 09:06:10.411","Cyber-DC",["T1112"],["Defense Evasion"],"Registry Value Entry Added to the System","5","752"
"Sep 14, 2026 @ 09:06:10.394","Cyber-DC",["T1112"],["Defense Evasion"],"Registry Value Entry Added to the System","5","752"
"Sep 14, 2026 @ 09:06:10.380","Cyber-DC",["T1112"],["Defense Evasion"],"Registry Key Entry Added to the System","5","598"
"Sep 14, 2026 @ 09:06:10.359","Cyber-DC",["T1112"],["Defense Evasion"],"Registry Value Entry Added to the System","5","752"
"Sep 14, 2026 @ 09:06:10.347","Cyber-DC",["T1112"],["Defense Evasion"],"Registry Key Entry Added to the System","5","598"
"Sep 14, 2026 @ 09:06:10.344","Cyber-DC",["T1112"],["Defense Evasion"],"Registry Value Entry Added to the System","5","752"
"Sep 14, 2026 @ 09:06:10.331","Cyber-DC",["T1112"],["Defense Evasion"],"Registry Value Entry Added to the System","5","752"
"Sep 14, 2026 @ 09:06:10.314","Cyber-DC",["T1112"],["Defense Evasion"],"Registry Value Entry Added to the System","5","752"
"Sep 14, 2026 @ 09:06:10.303","Cyber-DC",["T1112"],["Defense Evasion"],"Registry Value Entry Added to the System","5","752"
"Sep 14, 2026 @ 09:06:10.303","Cyber-DC",["T1112"],["Defense Evasion"],"Registry Value Entry Added to the System","5","752"
"Sep 14, 2026 @ 09:06:10.285","Cyber-DC",["T1112"],["Defense Evasion"],"Registry Value Entry Added to the System","5","752"
"Sep 14, 2026 @ 09:06:10.265","Cyber-DC",["T1112"],["Defense Evasion"],"Registry Value Entry Added to the System","5","752"
"Sep 14, 2026 @ 09:06:10.246","Cyber-DC",["T1112"],["Defense Evasion"],"Registry Key Entry Added to the System","5","598"
"Sep 14, 2026 @ 09:06:10.227","Cyber-DC",["T1112"],["Defense Evasion"],"Registry Value Entry Added to the System","5","752"
"Sep 14, 2026 @ 09:06:10.212","Cyber-DC",["T1112"],["Defense Evasion"],"Registry Key Entry Added to the System","5","598"
"Sep 14, 2026 @ 09:06:10.197","Cyber-DC",["T1112"],["Defense Evasion"],"Registry Value Entry Added to the System","5","752"
"Sep 14, 2026 @ 09:06:10.185","Cyber-DC",["T1112"],["Defense Evasion"],"Registry Value Entry Added to the System","5","752"
"Sep 14, 2026 @ 09:06:10.185","Cyber-DC",["T1112"],["Defense Evasion"],"Registry Value Entry Added to the System","5","752"
"Sep 14, 2026 @ 09:06:10.166","Cyber-DC",["T1112"],["Defense Evasion"],"Registry Value Entry Added to the System","5","752"
"Sep 14, 2026 @ 09:06:10.148","Cyber-DC",["T1112"],["Defense Evasion"],"Registry Value Entry Added to the System","5","752"
"Sep 14, 2026 @ 09:06:10.130","Cyber-DC",["T1112"],["Defense Evasion"],"Registry Value Entry Added to the System","5","752"
"Sep 14, 2026 @ 09:06:10.127","Cyber-DC",["T1112"],["Defense Evasion"],"Registry Value Entry Added to the System","5","752"
"Sep 14, 2026 @ 09:06:10.121","Cyber-DC",["T1112"],["Defense Evasion"],"Registry Value Entry Added to the System","5","752"
"Sep 14, 2026 @ 09:06:10.121","Cyber-DC",["T1112"],["Defense Evasion"],"Registry Key Entry Added to the System","5","598"
"Sep 14, 2026 @ 09:06:10.072","Cyber-DC",["T1112"],["Defense Evasion"],"Registry Key Entry Added to the System","5","598"
"Sep 14, 2026 @ 09:06:10.052","Cyber-DC",["T1112"],["Defense Evasion"],"Registry Value Entry Added to the System","5","752"
"Sep 14, 2026 @ 09:06:10.044","Cyber-DC",["T1112"],["Defense Evasion"],"Registry Value Entry Added to the System","5","752"
"Sep 14, 2026 @ 09:06:10.044","Cyber-DC",["T1112"],["Defense Evasion"],"Registry Value Entry Added to the System","5","752"
"Sep 14, 2026 @ 09:06:10.044","Cyber-DC",["T1112"],["Defense Evasion"],"Registry Value Entry Added to the System","5","752"
"Sep 14, 2026 @ 09:06:10.003","Cyber-DC",["T1112"],["Defense Evasion"],"Registry Value Entry Added to the System","5","752"
"Sep 14, 2026 @ 09:06:09.995","Cyber-DC",["T1112"],["Defense Evasion"],"Registry Value Entry Added to the System","5","752"
"Sep 14, 2026 @ 09:06:09.988","Cyber-DC",["T1112"],["Defense Evasion"],"Registry Value Entry Added to the System","5","752"
"Sep 14, 2026 @ 09:06:09.988","Cyber-DC",["T1112"],["Defense Evasion"],"Registry Key Entry Added to the System","5","598"
"Sep 14, 2026 @ 09:06:09.471","Cyber-DC",["T1112"],["Defense Evasion"],"Registry Value Entry Added to the System","5","752"
"Sep 14, 2026 @ 09:06:09.469","Cyber-DC",["T1112"],["Defense Evasion"],"Registry Key Entry Added to the System","5","598"
"Sep 14, 2026 @ 09:06:09.454","Cyber-DC",["T1112"],["Defense Evasion"],"Registry Value Entry Added to the System","5","752"
"Sep 14, 2026 @ 09:06:09.438","Cyber-DC",["T1112"],["Defense Evasion"],"Registry Value Entry Added to the System","5","752"
"Sep 14, 2026 @ 09:06:09.422","Cyber-DC",["T1112"],["Defense Evasion"],"Registry Value Entry Added to the System","5","752"
"Sep 14, 2026 @ 09:06:09.407","Cyber-DC",["T1112"],["Defense Evasion"],"Registry Value Entry Added to the System","5","752"
"Sep 14, 2026 @ 09:06:09.393","Cyber-DC",["T1112"],["Defense Evasion"],"Registry Value Entry Added to the System","5","752"
"Sep 14, 2026 @ 09:06:09.376","Cyber-DC",["T1112"],["Defense Evasion"],"Registry Value Entry Added to the System","5","752"
"Sep 14, 2026 @ 09:06:09.363","Cyber-DC",["T1112"],["Defense Evasion"],"Registry Value Entry Added to the System","5","752"
"Sep 14, 2026 @ 09:06:09.356","Cyber-DC",["T1112"],["Defense Evasion"],"Registry Value Entry Added to the System","5","752"
"Sep 14, 2026 @ 09:06:09.356","Cyber-DC",["T1112"],["Defense Evasion"],"Registry Key Entry Added to the System","5","598"
"Sep 14, 2026 @ 09:06:09.313","Cyber-DC",["T1112"],["Defense Evasion"],"Registry Key Entry Added to the System","5","598"
"Sep 14, 2026 @ 09:06:09.267","Cyber-DC",["T1112"],["Defense Evasion"],"Registry Value Entry Added to the System","5","752"
"Sep 14, 2026 @ 09:06:09.257","Cyber-DC",["T1112"],["Defense Evasion"],"Registry Value Entry Added to the System","5","752"
"Sep 14, 2026 @ 09:06:09.251","Cyber-DC",["T1112"],["Defense Evasion"],"Registry Value Entry Added to the System","5","752"
"Sep 14, 2026 @ 09:06:09.237","Cyber-DC",["T1112"],["Defense Evasion"],"Registry Value Entry Added to the System","5","752"
"Sep 14, 2026 @ 09:06:09.224","Cyber-DC",["T1112"],["Defense Evasion"],"Registry Value Entry Added to the System","5","752"
"Sep 14, 2026 @ 09:06:09.221","Cyber-DC",["T1112"],["Defense Evasion"],"Registry Value Entry Added to the System","5","752"
"Sep 14, 2026 @ 09:06:09.205","Cyber-DC",["T1112"],["Defense Evasion"],"Registry Value Entry Added to the System","5","752"
"Sep 14, 2026 @ 09:06:09.189","Cyber-DC",["T1112"],["Defense Evasion"],"Registry Key Entry Added to the System","5","598"
"Sep 14, 2026 @ 09:06:09.174","Cyber-DC",["T1112"],["Defense Evasion"],"Registry Value Entry Added to the System","5","752"
"Sep 14, 2026 @ 09:06:09.157","Cyber-DC",["T1112"],["Defense Evasion"],"Registry Key Entry Added to the System","5","598"
"Sep 14, 2026 @ 09:06:09.142","Cyber-DC",["T1112"],["Defense Evasion"],"Registry Value Entry Added to the System","5","752"
"Sep 14, 2026 @ 09:06:09.127","Cyber-DC",["T1112"],["Defense Evasion"],"Registry Value Entry Added to the System","5","752"
"Sep 14, 2026 @ 09:06:09.111","Cyber-DC",["T1112"],["Defense Evasion"],"Registry Value Entry Added to the System","5","752"
"Sep 14, 2026 @ 09:06:09.094","Cyber-DC",["T1112"],["Defense Evasion"],"Registry Value Entry Added to the System","5","752"
"Sep 14, 2026 @ 09:06:09.080","Cyber-DC",["T1112"],["Defense Evasion"],"Registry Value Entry Added to the System","5","752"
"Sep 14, 2026 @ 09:06:09.067","Cyber-DC",["T1112"],["Defense Evasion"],"Registry Value Entry Added to the System","5","752"
"Sep 14, 2026 @ 09:06:09.048","Cyber-DC",["T1112"],["Defense Evasion"],"Registry Value Entry Added to the System","5","752"
"Sep 14, 2026 @ 09:06:09.032","Cyber-DC",["T1112"],["Defense Evasion"],"Registry Key Entry Added to the System","5","598"
"Sep 14, 2026 @ 09:06:09.015","Cyber-DC",["T1112"],["Defense Evasion"],"Registry Value Entry Added to the System","5","752"
"Sep 14, 2026 @ 09:06:08.999","Cyber-DC",["T1112"],["Defense Evasion"],"Registry Key Entry Added to the System","5","598"
"Sep 14, 2026 @ 09:06:08.985","Cyber-DC",["T1112"],["Defense Evasion"],"Registry Value Entry Added to the System","5","752"
"Sep 14, 2026 @ 09:06:08.971","Cyber-DC",["T1112"],["Defense Evasion"],"Registry Value Entry Added to the System","5","752"
"Sep 14, 2026 @ 09:06:08.970","Cyber-DC",["T1112"],["Defense Evasion"],"Registry Value Entry Added to the System","5","752"
"Sep 14, 2026 @ 09:06:08.963","Cyber-DC",["T1112"],["Defense Evasion"],"Registry Value Entry Added to the System","5","752"
"Sep 14, 2026 @ 09:06:08.962","Cyber-DC",["T1112"],["Defense Evasion"],"Registry Value Entry Added to the System","5","752"
"Sep 14, 2026 @ 09:06:08.918","Cyber-DC",["T1112"],["Defense Evasion"],"Registry Value Entry Added to the System","5","752"
"Sep 14, 2026 @ 09:06:08.907","Cyber-DC",["T1112"],["Defense Evasion"],"Registry Key Entry Added to the System","5","598"
"Sep 14, 2026 @ 09:06:08.903","Cyber-DC",["T1112"],["Defense Evasion"],"Registry Value Entry Added to the System","5","752"
"Sep 14, 2026 @ 09:06:08.903","Cyber-DC",["T1112"],["Defense Evasion"],"Registry Value Entry Added to the System","5","752"
"Sep 14, 2026 @ 09:06:08.873","Cyber-DC",["T1112"],["Defense Evasion"],"Registry Key Entry Added to the System","5","598"
"Sep 14, 2026 @ 09:06:08.624","Cyber-DC",["T1112"],["Defense Evasion"],"Registry Value Entry Added to the System","5","752"
"Sep 14, 2026 @ 09:06:08.623","Cyber-DC",["T1112"],["Defense Evasion"],"Registry Value Entry Added to the System","5","752"
"Sep 14, 2026 @ 09:06:08.592","Cyber-DC",["T1112"],["Defense Evasion"],"Registry Value Entry Added to the System","5","752"
"Sep 14, 2026 @ 09:06:08.591","Cyber-DC",["T1112"],["Defense Evasion"],"Registry Value Entry Added to the System","5","752"
"Sep 14, 2026 @ 09:06:08.583","Cyber-DC",["T1112"],["Defense Evasion"],"Registry Value Entry Added to the System","5","752"
"Sep 14, 2026 @ 09:06:08.570","Cyber-DC",["T1112"],["Defense Evasion"],"Registry Value Entry Added to the System","5","752"
"Sep 14, 2026 @ 09:06:08.570","Cyber-DC",["T1112"],["Defense Evasion"],"Registry Value Entry Added to the System","5","752"
"Sep 14, 2026 @ 09:06:08.550","Cyber-DC",["T1112"],["Defense Evasion"],"Registry Key Entry Added to the System","5","598"
"Sep 14, 2026 @ 09:06:07.947","Cyber-DC",["T1112"],["Defense Evasion"],"Registry Key Entry Added to the System","5","598"
"Sep 14, 2026 @ 09:06:07.930","Cyber-DC",["T1112"],["Defense Evasion"],"Registry Value Entry Added to the System","5","752"
"Sep 14, 2026 @ 09:06:07.915","Cyber-DC",["T1112"],["Defense Evasion"],"Registry Value Entry Added to the System","5","752"
"Sep 14, 2026 @ 09:06:07.902","Cyber-DC",["T1112"],["Defense Evasion"],"Registry Value Entry Added to the System","5","752"
"Sep 14, 2026 @ 09:06:07.901","Cyber-DC",["T1112"],["Defense Evasion"],"Registry Value Entry Added to the System","5","752"
"Sep 14, 2026 @ 09:06:07.886","Cyber-DC",["T1112"],["Defense Evasion"],"Registry Value Entry Added to the System","5","752"
"Sep 14, 2026 @ 09:06:07.885","Cyber-DC",["T1112"],["Defense Evasion"],"Registry Key Entry Added to the System","5","598"
"Sep 14, 2026 @ 09:06:07.868","Cyber-DC",["T1112"],["Defense Evasion"],"Registry Value Entry Added to the System","5","752"
"Sep 14, 2026 @ 09:06:07.851","Cyber-DC",["T1112"],["Defense Evasion"],"Registry Value Entry Added to the System","5","752"
"Sep 14, 2026 @ 09:06:07.837","Cyber-DC",["T1112"],["Defense Evasion"],"Registry Value Entry Added to the System","5","752"
"Sep 14, 2026 @ 09:06:07.822","Cyber-DC",["T1112"],["Defense Evasion"],"Registry Value Entry Added to the System","5","752"
"Sep 14, 2026 @ 09:06:07.807","Cyber-DC",["T1112"],["Defense Evasion"],"Registry Value Entry Added to the System","5","752"
"Sep 14, 2026 @ 09:06:07.789","Cyber-DC",["T1112"],["Defense Evasion"],"Registry Key Entry Added to the System","5","598"
"Sep 14, 2026 @ 09:06:07.775","Cyber-DC",["T1112"],["Defense Evasion"],"Registry Value Entry Added to the System","5","752"
"Sep 14, 2026 @ 09:06:07.767","Cyber-DC",["T1112"],["Defense Evasion"],"Registry Value Entry Added to the System","5","752"
"Sep 14, 2026 @ 09:06:07.758","Cyber-DC",["T1112"],["Defense Evasion"],"Registry Value Entry Added to the System","5","752"
"Sep 14, 2026 @ 09:06:07.742","Cyber-DC",["T1112"],["Defense Evasion"],"Registry Value Entry Added to the System","5","752"
"Sep 14, 2026 @ 09:06:07.727","Cyber-DC",["T1112"],["Defense Evasion"],"Registry Value Entry Added to the System","5","752"
"Sep 14, 2026 @ 09:06:07.710","Cyber-DC",["T1112"],["Defense Evasion"],"Registry Key Entry Added to the System","5","598"
"Sep 14, 2026 @ 09:06:07.699","Cyber-DC",["T1112"],["Defense Evasion"],"Registry Value Entry Added to the System","5","752"
"Sep 14, 2026 @ 09:06:07.699","Cyber-DC",["T1112"],["Defense Evasion"],"Registry Value Entry Added to the System","5","752"
"Sep 14, 2026 @ 09:06:07.676","Cyber-DC",["T1112"],["Defense Evasion"],"Registry Value Entry Added to the System","5","752"
"Sep 14, 2026 @ 09:06:07.652","Cyber-DC",["T1112"],["Defense Evasion"],"Registry Key Entry Added to the System","5","598"
"Sep 14, 2026 @ 09:06:07.649","Cyber-DC",["T1112"],["Defense Evasion"],"Registry Value Entry Added to the System","5","752"
"Sep 14, 2026 @ 09:06:07.601","Cyber-DC",["T1112"],["Defense Evasion"],"Registry Key Entry Added to the System","5","598"
"Sep 14, 2026 @ 09:06:07.564","Cyber-DC",["T1565.001","T1112"],["Impact","Defense Evasion"],"Registry Key Integrity Checksum Changed","5","594"
"Sep 14, 2026 @ 09:06:07.564","Cyber-DC",["T1565.001","T1112"],["Impact","Defense Evasion"],"Registry Value Integrity Checksum Changed","5","750"
"Sep 14, 2026 @ 09:06:07.523","Cyber-DC",["T1565.001","T1112"],["Impact","Defense Evasion"],"Registry Value Integrity Checksum Changed","5","750"
"Sep 14, 2026 @ 09:06:07.515","Cyber-DC",["T1565.001","T1112"],["Impact","Defense Evasion"],"Registry Value Integrity Checksum Changed","5","750"
"Sep 14, 2026 @ 09:06:07.511","Cyber-DC",["T1565.001","T1112"],["Impact","Defense Evasion"],"Registry Value Integrity Checksum Changed","5","750"
"Sep 14, 2026 @ 09:06:07.511","Cyber-DC",["T1565.001","T1112"],["Impact","Defense Evasion"],"Registry Value Integrity Checksum Changed","5","750"
"Sep 14, 2026 @ 09:06:07.475","Cyber-DC",["T1565.001","T1112"],["Impact","Defense Evasion"],"Registry Value Integrity Checksum Changed","5","750"
"Sep 14, 2026 @ 09:06:07.469","Cyber-DC",["T1565.001","T1112"],["Impact","Defense Evasion"],"Registry Value Integrity Checksum Changed","5","750"
"Sep 14, 2026 @ 09:06:07.461","Cyber-DC",["T1565.001","T1112"],["Impact","Defense Evasion"],"Registry Value Integrity Checksum Changed","5","750"
"Sep 14, 2026 @ 09:06:07.461","Cyber-DC",["T1565.001","T1112"],["Impact","Defense Evasion"],"Registry Value Integrity Checksum Changed","5","750"
"Sep 14, 2026 @ 09:06:07.442","Cyber-DC",["T1565.001","T1112"],["Impact","Defense Evasion"],"Registry Key Integrity Checksum Changed","5","594"
"Sep 14, 2026 @ 09:05:46.633","Cyber-DC",["T1078"],["Defense Evasion","Persistence","Privilege Escalation","Initial Access"],"Windows Logon Success","3","60106"
"Sep 14, 2026 @ 09:05:23.513","Cyber-DC",["T1078"],["Defense Evasion","Persistence","Privilege Escalation","Initial Access"],"Windows Logon Success","3","60106"
"Sep 14, 2026 @ 09:05:23.499","Cyber-DC",["T1078"],["Defense Evasion","Persistence","Privilege Escalation","Initial Access"],"Windows Logon Success","3","60106"
"Sep 14, 2026 @ 09:05:23.487","Cyber-DC",["T1078"],["Defense Evasion","Persistence","Privilege Escalation","Initial Access"],"Windows Logon Success","3","60106"
"Sep 14, 2026 @ 09:05:22.190","Cyber-DC",["T1078"],["Defense Evasion","Persistence","Privilege Escalation","Initial Access"],"Windows Logon Success","3","60106"
"Sep 14, 2026 @ 09:05:20.982","Cyber-DC",["T1078"],["Defense Evasion","Persistence","Privilege Escalation","Initial Access"],"Windows Logon Success","3","60106"
"Sep 14, 2026 @ 09:05:20.887","Cyber-DC",["T1078"],["Defense Evasion","Persistence","Privilege Escalation","Initial Access"],"Windows Logon Success","3","60106"
"Sep 14, 2026 @ 09:05:19.544","Cyber-DC",["T1078"],["Defense Evasion","Persistence","Privilege Escalation","Initial Access"],"Windows Logon Success","3","60106"
"Sep 14, 2026 @ 09:05:19.528","Cyber-DC",["T1484"],["Defense Evasion","Privilege Escalation"],"Special privileges assigned to new logon.","3","67028"
"Sep 14, 2026 @ 09:05:19.527","Cyber-DC",["T1078"],["Defense Evasion","Persistence","Privilege Escalation","Initial Access"],"Windows Workstation Logon Success","3","60118"
"Sep 14, 2026 @ 09:05:19.512","Cyber-DC",["T1078"],["Defense Evasion","Persistence","Privilege Escalation","Initial Access"],"Windows Logon Success","3","60106"
"Sep 14, 2026 @ 09:05:16.713","Cyber-DC",["T1078"],["Defense Evasion","Persistence","Privilege Escalation","Initial Access"],"Windows Logon Success","3","60106"
"Sep 14, 2026 @ 09:05:16.699","Cyber-DC",["T1078"],["Defense Evasion","Persistence","Privilege Escalation","Initial Access"],"Windows Logon Success","3","60106"
"Sep 14, 2026 @ 09:05:16.667","Cyber-DC",["T1078"],["Defense Evasion","Persistence","Privilege Escalation","Initial Access"],"Windows Logon Success","3","60106"
"Sep 14, 2026 @ 09:05:15.568","Cyber-DC",["T1078"],["Defense Evasion","Persistence","Privilege Escalation","Initial Access"],"Windows Logon Success","3","60106"
"Sep 14, 2026 @ 09:05:05.212","Cyber-DC",["T1078"],["Defense Evasion","Persistence","Privilege Escalation","Initial Access"],"Windows Logon Success","3","60106"
"Sep 14, 2026 @ 09:04:56.504","Cyber-DC",["T1565.001","T1112"],["Impact","Defense Evasion"],"Registry Value Integrity Checksum Changed","5","750"
"Sep 14, 2026 @ 09:04:56.461","Cyber-DC",["T1565.001","T1112"],["Impact","Defense Evasion"],"Registry Value Integrity Checksum Changed","5","750"
"Sep 14, 2026 @ 09:04:56.449","Cyber-DC",["T1565.001","T1112"],["Impact","Defense Evasion"],"Registry Value Integrity Checksum Changed","5","750"
"Sep 14, 2026 @ 09:04:56.446","Cyber-DC",["T1112"],["Defense Evasion"],"Registry Value Entry Added to the System","5","752"
"Sep 14, 2026 @ 09:04:56.446","Cyber-DC",["T1565.001","T1112"],["Impact","Defense Evasion"],"Registry Key Integrity Checksum Changed","5","594"
"Sep 14, 2026 @ 09:04:56.414","Cyber-DC",["T1112"],["Defense Evasion"],"Registry Key Entry Added to the System","5","598"
"Sep 14, 2026 @ 09:04:56.414","Cyber-DC",["T1112"],["Defense Evasion"],"Registry Value Entry Added to the System","5","752"
"Sep 14, 2026 @ 09:04:50.195","Cyber-DC",["T1565.001","T1112"],["Impact","Defense Evasion"],"Registry Value Integrity Checksum Changed","5","750"
"Sep 14, 2026 @ 09:04:50.155","Cyber-DC",["T1565.001","T1112"],["Impact","Defense Evasion"],"Registry Key Integrity Checksum Changed","5","594"
"Sep 14, 2026 @ 09:04:42.880","Cyber-DC",["T1078"],["Defense Evasion","Persistence","Privilege Escalation","Initial Access"],"Windows Logon Success","3","60106"
"Sep 14, 2026 @ 09:04:16.585","Cyber-DC",["T1078"],["Defense Evasion","Persistence","Privilege Escalation","Initial Access"],"Windows Logon Success","3","60106"
"Sep 14, 2026 @ 09:04:16.578","Cyber-DC",["T1078"],["Defense Evasion","Persistence","Privilege Escalation","Initial Access"],"Windows Logon Success","3","60106"
"Sep 14, 2026 @ 09:04:16.569","Cyber-DC",["T1078"],["Defense Evasion","Persistence","Privilege Escalation","Initial Access"],"Windows Logon Success","3","60106"
"Sep 14, 2026 @ 09:03:45.551","sec-box",["T1078"],["Defense Evasion","Persistence","Privilege Escalation","Initial Access"],"PAM: Login session opened.","3","5501"
"Sep 14, 2026 @ 09:03:44.772","Cyber-DC",["T1078"],["Defense Evasion","Persistence","Privilege Escalation","Initial Access"],"Windows Logon Success","3","60106"
"Sep 14, 2026 @ 09:03:43.852","Cyber-DC",["T1078"],["Defense Evasion","Persistence","Privilege Escalation","Initial Access"],"Windows Logon Success","3","60106"
"Sep 14, 2026 @ 09:03:43.486","Cyber-DC",["T1078"],["Defense Evasion","Persistence","Privilege Escalation","Initial Access"],"Windows Logon Success","3","60106"
"Sep 14, 2026 @ 09:03:42.287","Cyber-DC",["T1078"],["Defense Evasion","Persistence","Privilege Escalation","Initial Access"],"Windows Logon Success","3","60106"
"Sep 14, 2026 @ 09:03:42.084","Cyber-DC",["T1078"],["Defense Evasion","Persistence","Privilege Escalation","Initial Access"],"Windows Logon Success","3","60106"
"Sep 14, 2026 @ 09:03:42.067","Cyber-DC",["T1078"],["Defense Evasion","Persistence","Privilege Escalation","Initial Access"],"Windows Logon Success","3","60106"
"Sep 14, 2026 @ 09:03:42.038","Cyber-DC",["T1078"],["Defense Evasion","Persistence","Privilege Escalation","Initial Access"],"Windows Logon Success","3","60106"
"Sep 14, 2026 @ 09:03:41.987","Cyber-DC",["T1078"],["Defense Evasion","Persistence","Privilege Escalation","Initial Access"],"Windows Logon Success","3","60106"
"Sep 14, 2026 @ 09:03:41.944","Cyber-DC",["T1078"],["Defense Evasion","Persistence","Privilege Escalation","Initial Access"],"Windows Logon Success","3","60106"
"Sep 14, 2026 @ 09:03:41.939","Cyber-DC",["T1078"],["Defense Evasion","Persistence","Privilege Escalation","Initial Access"],"Windows Logon Success","3","60106"
"Sep 14, 2026 @ 09:03:41.925","Cyber-DC",["T1078"],["Defense Evasion","Persistence","Privilege Escalation","Initial Access"],"Windows Logon Success","3","60106"
"Sep 14, 2026 @ 09:03:41.908","Cyber-DC",["T1078"],["Defense Evasion","Persistence","Privilege Escalation","Initial Access"],"Windows Logon Success","3","60106"
"Sep 14, 2026 @ 09:03:41.901","Cyber-DC",["T1078"],["Defense Evasion","Persistence","Privilege Escalation","Initial Access"],"Windows Logon Success","3","60106"
"Sep 14, 2026 @ 09:03:41.901","Cyber-DC",["T1078"],["Defense Evasion","Persistence","Privilege Escalation","Initial Access"],"Windows Logon Success","3","60106"
"Sep 14, 2026 @ 09:03:41.896","Cyber-DC",["T1078"],["Defense Evasion","Persistence","Privilege Escalation","Initial Access"],"Windows Logon Success","3","60106"
"Sep 14, 2026 @ 09:03:41.886","Cyber-DC",["T1078"],["Defense Evasion","Persistence","Privilege Escalation","Initial Access"],"Windows Logon Success","3","60106"
"Sep 14, 2026 @ 09:03:41.884","Cyber-DC",["T1078"],["Defense Evasion","Persistence","Privilege Escalation","Initial Access"],"Windows Logon Success","3","60106"
"Sep 14, 2026 @ 09:03:36.952","Cyber-DC",["T1078"],["Defense Evasion","Persistence","Privilege Escalation","Initial Access"],"Windows Logon Success","3","60106"
"Sep 14, 2026 @ 09:03:31.306","Cyber-DC",["T1529","T1047"],["Impact","Execution"],"Inconsistent system shutdown detected.","5","60730"
"Sep 14, 2026 @ 09:03:31.126","Cyber-DC",["T1078"],["Defense Evasion","Persistence","Privilege Escalation","Initial Access"],"Windows Logon Success","3","60106"
"Sep 14, 2026 @ 09:03:31.126","Cyber-DC",["T1078"],["Defense Evasion","Persistence","Privilege Escalation","Initial Access"],"Windows Logon Success","3","60106"
"Sep 14, 2026 @ 09:03:31.116","Cyber-DC",["T1078"],["Defense Evasion","Persistence","Privilege Escalation","Initial Access"],"Windows Logon Success","3","60106"
"Sep 11, 2026 @ 17:02:47.350","Cyber-Window-cilent",["T1078"],["Defense Evasion","Persistence","Privilege Escalation","Initial Access"],"Windows Logon Success","3","60106"
"Sep 11, 2026 @ 17:02:47.304","Cyber-Window-cilent",["T1078"],["Defense Evasion","Persistence","Privilege Escalation","Initial Access"],"Windows Logon Success","3","60106"
"Sep 11, 2026 @ 17:02:47.281","Cyber-Window-cilent",["T1078"],["Defense Evasion","Persistence","Privilege Escalation","Initial Access"],"Windows Logon Success","3","60106"
"Sep 11, 2026 @ 17:02:45.447","Cyber-DC",["T1078"],["Defense Evasion","Persistence","Privilege Escalation","Initial Access"],"Windows Logon Success","3","60106"
"Sep 11, 2026 @ 17:02:45.447","Cyber-DC",["T1078"],["Defense Evasion","Persistence","Privilege Escalation","Initial Access"],"Windows Logon Success","3","60106"
"Sep 11, 2026 @ 17:02:43.552","Cyber-DC",["T1565.001","T1112"],["Impact","Defense Evasion"],"Registry Value Integrity Checksum Changed","5","750"
"Sep 11, 2026 @ 17:02:43.552","Cyber-DC",["T1565.001","T1112"],["Impact","Defense Evasion"],"Registry Value Integrity Checksum Changed","5","750"
"Sep 11, 2026 @ 17:02:43.503","Cyber-DC",["T1565.001","T1112"],["Impact","Defense Evasion"],"Registry Key Integrity Checksum Changed","5","594"
"Sep 11, 2026 @ 17:02:43.503","Cyber-DC",["T1565.001","T1112"],["Impact","Defense Evasion"],"Registry Key Integrity Checksum Changed","5","594"
"Sep 11, 2026 @ 17:02:13.860","Cyber-DC",["T1078"],["Defense Evasion","Persistence","Privilege Escalation","Initial Access"],"Windows Logon Success","3","60106"
"Sep 11, 2026 @ 17:02:13.860","Cyber-DC",["T1078"],["Defense Evasion","Persistence","Privilege Escalation","Initial Access"],"Windows Logon Success","3","60106"
"Sep 11, 2026 @ 17:01:09.405","Cyber-DC",["T1078"],["Defense Evasion","Persistence","Privilege Escalation","Initial Access"],"Windows Logon Success","3","60106"
"Sep 11, 2026 @ 17:01:09.405","Cyber-DC",["T1078"],["Defense Evasion","Persistence","Privilege Escalation","Initial Access"],"Windows Logon Success","3","60106"
"Sep 11, 2026 @ 17:00:58.744","Cyber-Window-cilent",["T1565.001","T1112"],["Impact","Defense Evasion"],"Registry Value Integrity Checksum Changed","5","750"
"Sep 11, 2026 @ 17:00:58.744","Cyber-Window-cilent",["T1565.001","T1112"],["Impact","Defense Evasion"],"Registry Value Integrity Checksum Changed","5","750"
"Sep 11, 2026 @ 17:00:58.699","Cyber-Window-cilent",["T1565.001","T1112"],["Impact","Defense Evasion"],"Registry Value Integrity Checksum Changed","5","750"
"Sep 11, 2026 @ 17:00:58.699","Cyber-Window-cilent",["T1565.001","T1112"],["Impact","Defense Evasion"],"Registry Value Integrity Checksum Changed","5","750"
"Sep 11, 2026 @ 17:00:58.683","Cyber-Window-cilent",["T1565.001","T1112"],["Impact","Defense Evasion"],"Registry Value Integrity Checksum Changed","5","750"
"Sep 11, 2026 @ 17:00:58.683","Cyber-Window-cilent",["T1565.001","T1112"],["Impact","Defense Evasion"],"Registry Value Integrity Checksum Changed","5","750"
"Sep 11, 2026 @ 17:00:58.679","Cyber-Window-cilent",["T1565.001","T1112"],["Impact","Defense Evasion"],"Registry Value Integrity Checksum Changed","5","750"
"Sep 11, 2026 @ 17:00:58.679","Cyber-Window-cilent",["T1565.001","T1112"],["Impact","Defense Evasion"],"Registry Value Integrity Checksum Changed","5","750"
"Sep 11, 2026 @ 17:00:58.679","Cyber-Window-cilent",["T1565.001","T1112"],["Impact","Defense Evasion"],"Registry Key Integrity Checksum Changed","5","594"
"Sep 11, 2026 @ 17:00:58.679","Cyber-Window-cilent",["T1565.001","T1112"],["Impact","Defense Evasion"],"Registry Key Integrity Checksum Changed","5","594"
"Sep 11, 2026 @ 17:00:58.668","Cyber-Window-cilent",["T1565.001","T1112"],["Impact","Defense Evasion"],"Registry Key Integrity Checksum Changed","5","594"
"Sep 11, 2026 @ 17:00:58.668","Cyber-Window-cilent",["T1565.001","T1112"],["Impact","Defense Evasion"],"Registry Key Integrity Checksum Changed","5","594"
"Sep 11, 2026 @ 17:00:24.256","Cyber-DC",["T1565.001","T1112"],["Impact","Defense Evasion"],"Registry Key Integrity Checksum Changed","5","594"
"Sep 11, 2026 @ 17:00:24.256","Cyber-DC",["T1565.001","T1112"],["Impact","Defense Evasion"],"Registry Key Integrity Checksum Changed","5","594"
"Sep 11, 2026 @ 17:00:09.390","Cyber-DC",["T1078"],["Defense Evasion","Persistence","Privilege Escalation","Initial Access"],"Windows Logon Success","3","60106"
"Sep 11, 2026 @ 17:00:09.390","Cyber-DC",["T1078"],["Defense Evasion","Persistence","Privilege Escalation","Initial Access"],"Windows Logon Success","3","60106"
"Sep 11, 2026 @ 17:00:09.358","Cyber-DC",["T1078"],["Defense Evasion","Persistence","Privilege Escalation","Initial Access"],"Windows Logon Success","3","60106"
"Sep 11, 2026 @ 17:00:09.358","Cyber-DC",["T1078"],["Defense Evasion","Persistence","Privilege Escalation","Initial Access"],"Windows Logon Success","3","60106"
"Sep 11, 2026 @ 17:00:09.328","Cyber-DC",["T1078"],["Defense Evasion","Persistence","Privilege Escalation","Initial Access"],"Windows Logon Success","3","60106"
"Sep 11, 2026 @ 17:00:09.328","Cyber-DC",["T1078"],["Defense Evasion","Persistence","Privilege Escalation","Initial Access"],"Windows Logon Success","3","60106"
"Sep 11, 2026 @ 17:00:08.161","Cyber-DC",["T1078"],["Defense Evasion","Persistence","Privilege Escalation","Initial Access"],"Windows Logon Success","3","60106"
"Sep 11, 2026 @ 17:00:08.161","Cyber-DC",["T1078"],["Defense Evasion","Persistence","Privilege Escalation","Initial Access"],"Windows Logon Success","3","60106"
"Sep 11, 2026 @ 17:00:08.123","Cyber-DC",["T1078"],["Defense Evasion","Persistence","Privilege Escalation","Initial Access"],"Windows Logon Success","3","60106"
"Sep 11, 2026 @ 17:00:08.123","Cyber-DC",["T1078"],["Defense Evasion","Persistence","Privilege Escalation","Initial Access"],"Windows Logon Success","3","60106"
"Sep 11, 2026 @ 17:00:08.118","Cyber-DC",["T1078"],["Defense Evasion","Persistence","Privilege Escalation","Initial Access"],"Windows Logon Success","3","60106"
"Sep 11, 2026 @ 17:00:08.118","Cyber-DC",["T1078"],["Defense Evasion","Persistence","Privilege Escalation","Initial Access"],"Windows Logon Success","3","60106"
"Sep 11, 2026 @ 17:00:08.113","Cyber-DC",["T1078"],["Defense Evasion","Persistence","Privilege Escalation","Initial Access"],"Windows Logon Success","3","60106"
"Sep 11, 2026 @ 17:00:08.113","Cyber-DC",["T1078"],["Defense Evasion","Persistence","Privilege Escalation","Initial Access"],"Windows Logon Success","3","60106"
"Sep 11, 2026 @ 17:00:05.996","Cyber-DC",["T1078"],["Defense Evasion","Persistence","Privilege Escalation","Initial Access"],"Windows Logon Success","3","60106"
"Sep 11, 2026 @ 17:00:05.996","Cyber-DC",["T1078"],["Defense Evasion","Persistence","Privilege Escalation","Initial Access"],"Windows Logon Success","3","60106"
"Sep 11, 2026 @ 16:59:11.606","Cyber-Window-cilent",["T1078"],["Defense Evasion","Persistence","Privilege Escalation","Initial Access"],"Windows Logon Success","3","60106"
"Sep 11, 2026 @ 16:59:11.606","Cyber-Window-cilent",["T1078"],["Defense Evasion","Persistence","Privilege Escalation","Initial Access"],"Windows Logon Success","3","60106"
"Sep 11, 2026 @ 16:59:09.289","Cyber-DC",["T1078"],["Defense Evasion","Persistence","Privilege Escalation","Initial Access"],"Windows Logon Success","3","60106"
"Sep 11, 2026 @ 16:59:09.289","Cyber-DC",["T1078"],["Defense Evasion","Persistence","Privilege Escalation","Initial Access"],"Windows Logon Success","3","60106"
"Sep 11, 2026 @ 16:59:06.740","Cyber-DC",["T1078"],["Defense Evasion","Persistence","Privilege Escalation","Initial Access"],"Windows Logon Success","3","60106"
"Sep 11, 2026 @ 16:59:06.740","Cyber-DC",["T1078"],["Defense Evasion","Persistence","Privilege Escalation","Initial Access"],"Windows Logon Success","3","60106"
"Sep 11, 2026 @ 16:58:09.242","Cyber-DC",["T1078"],["Defense Evasion","Persistence","Privilege Escalation","Initial Access"],"Windows Logon Success","3","60106"
"Sep 11, 2026 @ 16:58:09.242","Cyber-DC",["T1078"],["Defense Evasion","Persistence","Privilege Escalation","Initial Access"],"Windows Logon Success","3","60106"
"Sep 11, 2026 @ 16:57:29.879","Cyber-Window-cilent",["T1078"],["Defense Evasion","Persistence","Privilege Escalation","Initial Access"],"Windows Logon Success","3","60106"
"Sep 11, 2026 @ 16:57:29.879","Cyber-Window-cilent",["T1078"],["Defense Evasion","Persistence","Privilege Escalation","Initial Access"],"Windows Logon Success","3","60106"
"Sep 11, 2026 @ 16:57:07.909","Cyber-DC",["T1078"],["Defense Evasion","Persistence","Privilege Escalation","Initial Access"],"Windows Logon Success","3","60106"
"Sep 11, 2026 @ 16:57:07.909","Cyber-DC",["T1078"],["Defense Evasion","Persistence","Privilege Escalation","Initial Access"],"Windows Logon Success","3","60106"
"Sep 11, 2026 @ 16:56:07.874","Cyber-DC",["T1078"],["Defense Evasion","Persistence","Privilege Escalation","Initial Access"],"Windows Logon Success","3","60106"
"Sep 11, 2026 @ 16:56:07.874","Cyber-DC",["T1078"],["Defense Evasion","Persistence","Privilege Escalation","Initial Access"],"Windows Logon Success","3","60106"
"Sep 11, 2026 @ 16:55:22.695","Cyber-Window-cilent",["T1565.001","T1112"],["Impact","Defense Evasion"],"Registry Value Integrity Checksum Changed","5","750"
"Sep 11, 2026 @ 16:55:22.695","Cyber-Window-cilent",["T1565.001","T1112"],["Impact","Defense Evasion"],"Registry Value Integrity Checksum Changed","5","750"
"Sep 11, 2026 @ 16:55:22.648","Cyber-Window-cilent",["T1565.001","T1112"],["Impact","Defense Evasion"],"Registry Value Integrity Checksum Changed","5","750"
"Sep 11, 2026 @ 16:55:22.648","Cyber-Window-cilent",["T1565.001","T1112"],["Impact","Defense Evasion"],"Registry Value Integrity Checksum Changed","5","750"
"Sep 11, 2026 @ 16:55:22.646","Cyber-Window-cilent",["T1565.001","T1112"],["Impact","Defense Evasion"],"Registry Value Integrity Checksum Changed","5","750"
"Sep 11, 2026 @ 16:55:22.646","Cyber-Window-cilent",["T1565.001","T1112"],["Impact","Defense Evasion"],"Registry Key Integrity Checksum Changed","5","594"
"Sep 11, 2026 @ 16:55:22.646","Cyber-Window-cilent",["T1565.001","T1112"],["Impact","Defense Evasion"],"Registry Key Integrity Checksum Changed","5","594"
"Sep 11, 2026 @ 16:55:22.646","Cyber-Window-cilent",["T1565.001","T1112"],["Impact","Defense Evasion"],"Registry Value Integrity Checksum Changed","5","750"
"Sep 11, 2026 @ 16:55:22.646","Cyber-Window-cilent",["T1565.001","T1112"],["Impact","Defense Evasion"],"Registry Value Integrity Checksum Changed","5","750"
"Sep 11, 2026 @ 16:55:22.646","Cyber-Window-cilent",["T1565.001","T1112"],["Impact","Defense Evasion"],"Registry Value Integrity Checksum Changed","5","750"
"Sep 11, 2026 @ 16:55:22.613","Cyber-Window-cilent",["T1565.001","T1112"],["Impact","Defense Evasion"],"Registry Key Integrity Checksum Changed","5","594"
"Sep 11, 2026 @ 16:55:22.613","Cyber-Window-cilent",["T1565.001","T1112"],["Impact","Defense Evasion"],"Registry Key Integrity Checksum Changed","5","594"
"Sep 11, 2026 @ 16:55:22.599","Cyber-Window-cilent",["T1565.001","T1112"],["Impact","Defense Evasion"],"Registry Value Integrity Checksum Changed","5","750"
"Sep 11, 2026 @ 16:55:22.599","Cyber-Window-cilent",["T1565.001","T1112"],["Impact","Defense Evasion"],"Registry Value Integrity Checksum Changed","5","750"
"Sep 11, 2026 @ 16:55:22.597","Cyber-Window-cilent",["T1565.001","T1112"],["Impact","Defense Evasion"],"Registry Key Integrity Checksum Changed","5","594"
"Sep 11, 2026 @ 16:55:22.597","Cyber-Window-cilent",["T1565.001","T1112"],["Impact","Defense Evasion"],"Registry Value Integrity Checksum Changed","5","750"
"Sep 11, 2026 @ 16:55:22.597","Cyber-Window-cilent",["T1565.001","T1112"],["Impact","Defense Evasion"],"Registry Key Integrity Checksum Changed","5","594"
"Sep 11, 2026 @ 16:55:22.597","Cyber-Window-cilent",["T1565.001","T1112"],["Impact","Defense Evasion"],"Registry Value Integrity Checksum Changed","5","750"
"Sep 11, 2026 @ 16:55:22.572","Cyber-Window-cilent",["T1565.001","T1112"],["Impact","Defense Evasion"],"Registry Key Integrity Checksum Changed","5","594"
"Sep 11, 2026 @ 16:55:22.572","Cyber-Window-cilent",["T1565.001","T1112"],["Impact","Defense Evasion"],"Registry Key Integrity Checksum Changed","5","594"
"Sep 11, 2026 @ 16:55:20.529","Cyber-DC",["T1565.001","T1112"],["Impact","Defense Evasion"],"Registry Key Integrity Checksum Changed","5","594"
"Sep 11, 2026 @ 16:55:20.529","Cyber-DC",["T1565.001","T1112"],["Impact","Defense Evasion"],"Registry Key Integrity Checksum Changed","5","594"
"Sep 11, 2026 @ 16:55:09.615","Cyber-DC",["T1078"],["Defense Evasion","Persistence","Privilege Escalation","Initial Access"],"Windows Logon Success","3","60106"
"Sep 11, 2026 @ 16:55:09.615","Cyber-DC",["T1078"],["Defense Evasion","Persistence","Privilege Escalation","Initial Access"],"Windows Logon Success","3","60106"
"Sep 11, 2026 @ 16:55:09.610","Cyber-DC",["T1078"],["Defense Evasion","Persistence","Privilege Escalation","Initial Access"],"Windows Logon Success","3","60106"
"Sep 11, 2026 @ 16:55:09.610","Cyber-DC",["T1078"],["Defense Evasion","Persistence","Privilege Escalation","Initial Access"],"Windows Logon Success","3","60106"
"Sep 11, 2026 @ 16:55:07.868","Cyber-DC",["T1078"],["Defense Evasion","Persistence","Privilege Escalation","Initial Access"],"Windows Logon Success","3","60106"
"Sep 11, 2026 @ 16:55:07.868","Cyber-DC",["T1078"],["Defense Evasion","Persistence","Privilege Escalation","Initial Access"],"Windows Logon Success","3","60106"
"Sep 11, 2026 @ 16:55:07.856","Cyber-DC",["T1078"],["Defense Evasion","Persistence","Privilege Escalation","Initial Access"],"Windows Logon Success","3","60106"
"Sep 11, 2026 @ 16:55:07.856","Cyber-DC",["T1078"],["Defense Evasion","Persistence","Privilege Escalation","Initial Access"],"Windows Logon Success","3","60106"
"Sep 11, 2026 @ 16:55:07.851","Cyber-DC",["T1078"],["Defense Evasion","Persistence","Privilege Escalation","Initial Access"],"Windows Logon Success","3","60106"
"Sep 11, 2026 @ 16:55:07.851","Cyber-DC",["T1078"],["Defense Evasion","Persistence","Privilege Escalation","Initial Access"],"Windows Logon Success","3","60106"
"Sep 11, 2026 @ 16:55:07.846","Cyber-DC",["T1078"],["Defense Evasion","Persistence","Privilege Escalation","Initial Access"],"Windows Logon Success","3","60106"
"Sep 11, 2026 @ 16:55:07.846","Cyber-DC",["T1078"],["Defense Evasion","Persistence","Privilege Escalation","Initial Access"],"Windows Logon Success","3","60106"
"Sep 11, 2026 @ 16:55:07.841","Cyber-DC",["T1078"],["Defense Evasion","Persistence","Privilege Escalation","Initial Access"],"Windows Logon Success","3","60106"
"Sep 11, 2026 @ 16:55:07.841","Cyber-DC",["T1078"],["Defense Evasion","Persistence","Privilege Escalation","Initial Access"],"Windows Logon Success","3","60106"
"Sep 11, 2026 @ 16:54:27.288","Cyber-DC",["T1565.001","T1112"],["Impact","Defense Evasion"],"Registry Value Integrity Checksum Changed","5","750"
"Sep 11, 2026 @ 16:54:27.288","Cyber-DC",["T1565.001","T1112"],["Impact","Defense Evasion"],"Registry Value Integrity Checksum Changed","5","750"
"Sep 11, 2026 @ 16:54:27.247","Cyber-DC",["T1565.001","T1112"],["Impact","Defense Evasion"],"Registry Key Integrity Checksum Changed","5","594"
"Sep 11, 2026 @ 16:54:27.247","Cyber-DC",["T1565.001","T1112"],["Impact","Defense Evasion"],"Registry Key Integrity Checksum Changed","5","594"
"Sep 11, 2026 @ 16:54:07.760","Cyber-DC",["T1078"],["Defense Evasion","Persistence","Privilege Escalation","Initial Access"],"Windows Logon Success","3","60106"
"Sep 11, 2026 @ 16:54:07.760","Cyber-DC",["T1078"],["Defense Evasion","Persistence","Privilege Escalation","Initial Access"],"Windows Logon Success","3","60106"
"Sep 11, 2026 @ 16:53:34.734","Cyber-Window-cilent",["T1565.001","T1112"],["Impact","Defense Evasion"],"Registry Value Integrity Checksum Changed","5","750"
"Sep 11, 2026 @ 16:53:34.734","Cyber-Window-cilent",["T1565.001","T1112"],["Impact","Defense Evasion"],"Registry Value Integrity Checksum Changed","5","750"
"Sep 11, 2026 @ 16:53:34.689","Cyber-Window-cilent",["T1565.001","T1112"],["Impact","Defense Evasion"],"Registry Key Integrity Checksum Changed","5","594"
"Sep 11, 2026 @ 16:53:34.689","Cyber-Window-cilent",["T1565.001","T1112"],["Impact","Defense Evasion"],"Registry Key Integrity Checksum Changed","5","594"
"Sep 11, 2026 @ 16:53:07.744","Cyber-DC",["T1078"],["Defense Evasion","Persistence","Privilege Escalation","Initial Access"],"Windows Logon Success","3","60106"
"Sep 11, 2026 @ 16:53:07.744","Cyber-DC",["T1078"],["Defense Evasion","Persistence","Privilege Escalation","Initial Access"],"Windows Logon Success","3","60106"
"Sep 11, 2026 @ 16:52:45.123","Cyber-DC",["T1078"],["Defense Evasion","Persistence","Privilege Escalation","Initial Access"],"Windows Logon Success","3","60106"
"Sep 11, 2026 @ 16:52:45.123","Cyber-DC",["T1078"],["Defense Evasion","Persistence","Privilege Escalation","Initial Access"],"Windows Logon Success","3","60106"
"Sep 11, 2026 @ 16:52:07.715","Cyber-DC",["T1078"],["Defense Evasion","Persistence","Privilege Escalation","Initial Access"],"Windows Logon Success","3","60106"
"Sep 11, 2026 @ 16:52:07.715","Cyber-DC",["T1078"],["Defense Evasion","Persistence","Privilege Escalation","Initial Access"],"Windows Logon Success","3","60106"
"Sep 11, 2026 @ 16:51:07.674","Cyber-DC",["T1078"],["Defense Evasion","Persistence","Privilege Escalation","Initial Access"],"Windows Logon Success","3","60106"
"Sep 11, 2026 @ 16:51:07.674","Cyber-DC",["T1078"],["Defense Evasion","Persistence","Privilege Escalation","Initial Access"],"Windows Logon Success","3","60106"
"Sep 11, 2026 @ 16:50:44.753","Cyber-DC",["T1565.001","T1112"],["Impact","Defense Evasion"],"Registry Key Integrity Checksum Changed","5","594"
"Sep 11, 2026 @ 16:50:44.753","Cyber-DC",["T1565.001","T1112"],["Impact","Defense Evasion"],"Registry Key Integrity Checksum Changed","5","594"
"Sep 11, 2026 @ 16:50:27.240","Cyber-Window-cilent",["T1565.001","T1112"],["Impact","Defense Evasion"],"Registry Value Integrity Checksum Changed","5","750"
"Sep 11, 2026 @ 16:50:27.240","Cyber-Window-cilent",["T1565.001","T1112"],["Impact","Defense Evasion"],"Registry Value Integrity Checksum Changed","5","750"
"Sep 11, 2026 @ 16:50:27.240","Cyber-Window-cilent",["T1565.001","T1112"],["Impact","Defense Evasion"],"Registry Value Integrity Checksum Changed","5","750"
"Sep 11, 2026 @ 16:50:27.240","Cyber-Window-cilent",["T1565.001","T1112"],["Impact","Defense Evasion"],"Registry Value Integrity Checksum Changed","5","750"
"Sep 11, 2026 @ 16:50:26.199","Cyber-Window-cilent",["T1565.001","T1112"],["Impact","Defense Evasion"],"Registry Value Integrity Checksum Changed","5","750"
"Sep 11, 2026 @ 16:50:26.199","Cyber-Window-cilent",["T1565.001","T1112"],["Impact","Defense Evasion"],"Registry Value Integrity Checksum Changed","5","750"
"Sep 11, 2026 @ 16:50:26.184","Cyber-Window-cilent",["T1565.001","T1112"],["Impact","Defense Evasion"],"Registry Value Integrity Checksum Changed","5","750"
"Sep 11, 2026 @ 16:50:26.184","Cyber-Window-cilent",["T1565.001","T1112"],["Impact","Defense Evasion"],"Registry Value Integrity Checksum Changed","5","750"
"Sep 11, 2026 @ 16:50:26.184","Cyber-Window-cilent",["T1565.001","T1112"],["Impact","Defense Evasion"],"Registry Value Integrity Checksum Changed","5","750"
"Sep 11, 2026 @ 16:50:26.184","Cyber-Window-cilent",["T1565.001","T1112"],["Impact","Defense Evasion"],"Registry Value Integrity Checksum Changed","5","750"
"Sep 11, 2026 @ 16:50:26.184","Cyber-Window-cilent",["T1565.001","T1112"],["Impact","Defense Evasion"],"Registry Key Integrity Checksum Changed","5","594"
"Sep 11, 2026 @ 16:50:26.184","Cyber-Window-cilent",["T1565.001","T1112"],["Impact","Defense Evasion"],"Registry Key Integrity Checksum Changed","5","594"
"Sep 11, 2026 @ 16:50:26.174","Cyber-Window-cilent",["T1565.001","T1112"],["Impact","Defense Evasion"],"Registry Key Integrity Checksum Changed","5","594"
"Sep 11, 2026 @ 16:50:26.174","Cyber-Window-cilent",["T1565.001","T1112"],["Impact","Defense Evasion"],"Registry Key Integrity Checksum Changed","5","594"
"Sep 11, 2026 @ 16:50:09.017","Cyber-DC",["T1078"],["Defense Evasion","Persistence","Privilege Escalation","Initial Access"],"Windows Logon Success","3","60106"
"Sep 11, 2026 @ 16:50:09.017","Cyber-DC",["T1078"],["Defense Evasion","Persistence","Privilege Escalation","Initial Access"],"Windows Logon Success","3","60106"
"Sep 11, 2026 @ 16:50:08.992","Cyber-DC",["T1078"],["Defense Evasion","Persistence","Privilege Escalation","Initial Access"],"Windows Logon Success","3","60106"
"Sep 11, 2026 @ 16:50:08.992","Cyber-DC",["T1078"],["Defense Evasion","Persistence","Privilege Escalation","Initial Access"],"Windows Logon Success","3","60106"
"Sep 11, 2026 @ 16:50:07.814","Cyber-DC",["T1078"],["Defense Evasion","Persistence","Privilege Escalation","Initial Access"],"Windows Logon Success","3","60106"
"Sep 11, 2026 @ 16:50:07.814","Cyber-DC",["T1078"],["Defense Evasion","Persistence","Privilege Escalation","Initial Access"],"Windows Logon Success","3","60106"
"Sep 11, 2026 @ 16:50:07.716","Cyber-DC",["T1078"],["Defense Evasion","Persistence","Privilege Escalation","Initial Access"],"Windows Logon Success","3","60106"
"Sep 11, 2026 @ 16:50:07.716","Cyber-DC",["T1078"],["Defense Evasion","Persistence","Privilege Escalation","Initial Access"],"Windows Logon Success","3","60106"
"Sep 11, 2026 @ 16:50:07.685","Cyber-DC",["T1078"],["Defense Evasion","Persistence","Privilege Escalation","Initial Access"],"Windows Logon Success","3","60106"
"Sep 11, 2026 @ 16:50:07.685","Cyber-DC",["T1078"],["Defense Evasion","Persistence","Privilege Escalation","Initial Access"],"Windows Logon Success","3","60106"
"Sep 11, 2026 @ 16:50:07.653","Cyber-DC",["T1078"],["Defense Evasion","Persistence","Privilege Escalation","Initial Access"],"Windows Logon Success","3","60106"
"Sep 11, 2026 @ 16:50:07.653","Cyber-DC",["T1078"],["Defense Evasion","Persistence","Privilege Escalation","Initial Access"],"Windows Logon Success","3","60106"
"Sep 11, 2026 @ 16:50:07.646","Cyber-DC",["T1078"],["Defense Evasion","Persistence","Privilege Escalation","Initial Access"],"Windows Logon Success","3","60106"
"Sep 11, 2026 @ 16:50:07.646","Cyber-DC",["T1078"],["Defense Evasion","Persistence","Privilege Escalation","Initial Access"],"Windows Logon Success","3","60106"
"Sep 11, 2026 @ 16:50:05.688","Cyber-DC",["T1078"],["Defense Evasion","Persistence","Privilege Escalation","Initial Access"],"Windows Logon Success","3","60106"
"Sep 11, 2026 @ 16:50:05.688","Cyber-DC",["T1078"],["Defense Evasion","Persistence","Privilege Escalation","Initial Access"],"Windows Logon Success","3","60106"
"Sep 11, 2026 @ 16:49:30.790","Cyber-Window-cilent",["T1078"],["Defense Evasion","Persistence","Privilege Escalation","Initial Access"],"Windows Logon Success","3","60106"
"Sep 11, 2026 @ 16:49:30.790","Cyber-Window-cilent",["T1078"],["Defense Evasion","Persistence","Privilege Escalation","Initial Access"],"Windows Logon Success","3","60106"
"Sep 11, 2026 @ 16:49:15.432","Cyber-Window-cilent",["T1078"],["Defense Evasion","Persistence","Privilege Escalation","Initial Access"],"Windows Logon Success","3","60106"
"Sep 11, 2026 @ 16:49:15.432","Cyber-Window-cilent",["T1078"],["Defense Evasion","Persistence","Privilege Escalation","Initial Access"],"Windows Logon Success","3","60106"
"Sep 11, 2026 @ 16:49:11.749","Cyber-Window-cilent",["T1078"],["Defense Evasion","Persistence","Privilege Escalation","Initial Access"],"Windows Logon Success","3","60106"
"Sep 11, 2026 @ 16:49:11.749","Cyber-Window-cilent",["T1078"],["Defense Evasion","Persistence","Privilege Escalation","Initial Access"],"Windows Logon Success","3","60106"
"Sep 11, 2026 @ 16:49:07.595","Cyber-DC",["T1078"],["Defense Evasion","Persistence","Privilege Escalation","Initial Access"],"Windows Logon Success","3","60106"
"Sep 11, 2026 @ 16:49:07.595","Cyber-DC",["T1078"],["Defense Evasion","Persistence","Privilege Escalation","Initial Access"],"Windows Logon Success","3","60106"
"Sep 11, 2026 @ 16:49:05.879","Cyber-Linux-cilent",["T1078"],["Defense Evasion","Persistence","Privilege Escalation","Initial Access"],"PAM: Login session opened.","3","5501"
"Sep 11, 2026 @ 16:49:05.879","Cyber-Linux-cilent",["T1078"],["Defense Evasion","Persistence","Privilege Escalation","Initial Access"],"PAM: Login session opened.","3","5501"
"Sep 11, 2026 @ 16:49:05.879","Cyber-Linux-cilent",["T1078","T1021"],["Defense Evasion","Persistence","Privilege Escalation","Initial Access","Lateral Movement"],"sshd: authentication success.","3","5715"
"Sep 11, 2026 @ 16:49:05.879","Cyber-Linux-cilent",["T1078"],["Defense Evasion","Persistence","Privilege Escalation","Initial Access"],"PAM: Login session opened.","3","5501"
"Sep 11, 2026 @ 16:49:05.879","Cyber-Linux-cilent",["T1078"],["Defense Evasion","Persistence","Privilege Escalation","Initial Access"],"PAM: Login session opened.","3","5501"
"Sep 11, 2026 @ 16:49:05.879","Cyber-Linux-cilent",["T1078","T1021"],["Defense Evasion","Persistence","Privilege Escalation","Initial Access","Lateral Movement"],"sshd: authentication success.","3","5715"
"Sep 11, 2026 @ 16:49:05.836","Cyber-Linux-cilent",["T1078","T1021"],["Defense Evasion","Persistence","Privilege Escalation","Initial Access","Lateral Movement"],"sshd: authentication success.","3","5715"
"Sep 11, 2026 @ 16:49:05.836","Cyber-Linux-cilent",["T1078","T1021"],["Defense Evasion","Persistence","Privilege Escalation","Initial Access","Lateral Movement"],"sshd: authentication success.","3","5715"
"Sep 11, 2026 @ 16:48:23.689","Cyber-DC",["T1565.001","T1112"],["Impact","Defense Evasion"],"Registry Value Integrity Checksum Changed","5","750"
"Sep 11, 2026 @ 16:48:23.689","Cyber-DC",["T1565.001","T1112"],["Impact","Defense Evasion"],"Registry Key Integrity Checksum Changed","5","594"
"Sep 11, 2026 @ 16:48:23.689","Cyber-DC",["T1565.001","T1112"],["Impact","Defense Evasion"],"Registry Key Integrity Checksum Changed","5","594"
"Sep 11, 2026 @ 16:48:23.689","Cyber-DC",["T1565.001","T1112"],["Impact","Defense Evasion"],"Registry Value Integrity Checksum Changed","5","750"
"Sep 11, 2026 @ 16:48:07.544","Cyber-DC",["T1078"],["Defense Evasion","Persistence","Privilege Escalation","Initial Access"],"Windows Logon Success","3","60106"
"Sep 11, 2026 @ 16:48:07.544","Cyber-DC",["T1078"],["Defense Evasion","Persistence","Privilege Escalation","Initial Access"],"Windows Logon Success","3","60106"
"Sep 11, 2026 @ 16:47:09.941","Cyber-DC",["T1565.001","T1112"],["Impact","Defense Evasion"],"Registry Value Integrity Checksum Changed","5","750"
"Sep 11, 2026 @ 16:47:09.941","Cyber-DC",["T1565.001","T1112"],["Impact","Defense Evasion"],"Registry Value Integrity Checksum Changed","5","750"
"Sep 11, 2026 @ 16:47:09.940","Cyber-DC",["T1565.001","T1112"],["Impact","Defense Evasion"],"Registry Key Integrity Checksum Changed","5","594"
"Sep 11, 2026 @ 16:47:09.940","Cyber-DC",["T1565.001","T1112"],["Impact","Defense Evasion"],"Registry Key Integrity Checksum Changed","5","594"
"Sep 11, 2026 @ 16:47:07.508","Cyber-DC",["T1078"],["Defense Evasion","Persistence","Privilege Escalation","Initial Access"],"Windows Logon Success","3","60106"
"Sep 11, 2026 @ 16:47:07.508","Cyber-DC",["T1078"],["Defense Evasion","Persistence","Privilege Escalation","Initial Access"],"Windows Logon Success","3","60106"
"Sep 11, 2026 @ 16:46:52.750","Cyber-Window-cilent",["T1565.001","T1112"],["Impact","Defense Evasion"],"Registry Value Integrity Checksum Changed","5","750"
"Sep 11, 2026 @ 16:46:52.750","Cyber-Window-cilent",["T1565.001","T1112"],["Impact","Defense Evasion"],"Registry Value Integrity Checksum Changed","5","750"
"Sep 11, 2026 @ 16:46:52.715","Cyber-Window-cilent",["T1565.001","T1112"],["Impact","Defense Evasion"],"Registry Value Integrity Checksum Changed","5","750"
"Sep 11, 2026 @ 16:46:52.715","Cyber-Window-cilent",["T1565.001","T1112"],["Impact","Defense Evasion"],"Registry Value Integrity Checksum Changed","5","750"
"Sep 11, 2026 @ 16:46:52.714","Cyber-Window-cilent",["T1565.001","T1112"],["Impact","Defense Evasion"],"Registry Value Integrity Checksum Changed","5","750"
"Sep 11, 2026 @ 16:46:52.714","Cyber-Window-cilent",["T1565.001","T1112"],["Impact","Defense Evasion"],"Registry Value Integrity Checksum Changed","5","750"
"Sep 11, 2026 @ 16:46:52.709","Cyber-Window-cilent",["T1565.001","T1112"],["Impact","Defense Evasion"],"Registry Value Integrity Checksum Changed","5","750"
"Sep 11, 2026 @ 16:46:52.709","Cyber-Window-cilent",["T1565.001","T1112"],["Impact","Defense Evasion"],"Registry Key Integrity Checksum Changed","5","594"
"Sep 11, 2026 @ 16:46:52.709","Cyber-Window-cilent",["T1565.001","T1112"],["Impact","Defense Evasion"],"Registry Key Integrity Checksum Changed","5","594"
"Sep 11, 2026 @ 16:46:52.709","Cyber-Window-cilent",["T1565.001","T1112"],["Impact","Defense Evasion"],"Registry Value Integrity Checksum Changed","5","750"
"Sep 11, 2026 @ 16:46:52.697","Cyber-Window-cilent",["T1565.001","T1112"],["Impact","Defense Evasion"],"Registry Key Integrity Checksum Changed","5","594"
"Sep 11, 2026 @ 16:46:52.697","Cyber-Window-cilent",["T1565.001","T1112"],["Impact","Defense Evasion"],"Registry Key Integrity Checksum Changed","5","594"
"Sep 11, 2026 @ 16:46:10.909","Cyber-DC",["T1078"],["Defense Evasion","Persistence","Privilege Escalation","Initial Access"],"Windows Logon Success","3","60106"
"Sep 11, 2026 @ 16:46:10.909","Cyber-DC",["T1078"],["Defense Evasion","Persistence","Privilege Escalation","Initial Access"],"Windows Logon Success","3","60106"
"Sep 11, 2026 @ 16:46:07.472","Cyber-DC",["T1078"],["Defense Evasion","Persistence","Privilege Escalation","Initial Access"],"Windows Logon Success","3","60106"
"Sep 11, 2026 @ 16:46:07.472","Cyber-DC",["T1078"],["Defense Evasion","Persistence","Privilege Escalation","Initial Access"],"Windows Logon Success","3","60106"
"Sep 11, 2026 @ 16:45:46.659","Cyber-DC",["T1565.001","T1112"],["Impact","Defense Evasion"],"Registry Key Integrity Checksum Changed","5","594"
"Sep 11, 2026 @ 16:45:46.659","Cyber-DC",["T1565.001","T1112"],["Impact","Defense Evasion"],"Registry Key Integrity Checksum Changed","5","594"
"Sep 11, 2026 @ 16:45:34.889","Cyber-Window-cilent",["T1078"],["Defense Evasion","Persistence","Privilege Escalation","Initial Access"],"Windows Logon Success","3","60106"
"Sep 11, 2026 @ 16:45:34.889","Cyber-Window-cilent",["T1078"],["Defense Evasion","Persistence","Privilege Escalation","Initial Access"],"Windows Logon Success","3","60106"
"Sep 11, 2026 @ 16:45:10.704","Cyber-Window-cilent",["T1078"],["Defense Evasion","Persistence","Privilege Escalation","Initial Access"],"Windows Logon Success","3","60106"
"Sep 11, 2026 @ 16:45:10.704","Cyber-Window-cilent",["T1078"],["Defense Evasion","Persistence","Privilege Escalation","Initial Access"],"Windows Logon Success","3","60106"
"Sep 11, 2026 @ 16:45:07.699","Cyber-DC",["T1078"],["Defense Evasion","Persistence","Privilege Escalation","Initial Access"],"Windows Logon Success","3","60106"
"Sep 11, 2026 @ 16:45:07.699","Cyber-DC",["T1078"],["Defense Evasion","Persistence","Privilege Escalation","Initial Access"],"Windows Logon Success","3","60106"
"Sep 11, 2026 @ 16:45:07.666","Cyber-DC",["T1078"],["Defense Evasion","Persistence","Privilege Escalation","Initial Access"],"Windows Logon Success","3","60106"
"Sep 11, 2026 @ 16:45:07.666","Cyber-DC",["T1078"],["Defense Evasion","Persistence","Privilege Escalation","Initial Access"],"Windows Logon Success","3","60106"
"Sep 11, 2026 @ 16:45:07.600","Cyber-DC",["T1078"],["Defense Evasion","Persistence","Privilege Escalation","Initial Access"],"Windows Logon Success","3","60106"
"Sep 11, 2026 @ 16:45:07.600","Cyber-DC",["T1078"],["Defense Evasion","Persistence","Privilege Escalation","Initial Access"],"Windows Logon Success","3","60106"
"Sep 11, 2026 @ 16:45:07.538","Cyber-DC",["T1078"],["Defense Evasion","Persistence","Privilege Escalation","Initial Access"],"Windows Logon Success","3","60106"
"Sep 11, 2026 @ 16:45:07.538","Cyber-DC",["T1078"],["Defense Evasion","Persistence","Privilege Escalation","Initial Access"],"Windows Logon Success","3","60106"
"Sep 11, 2026 @ 16:45:07.520","Cyber-DC",["T1078"],["Defense Evasion","Persistence","Privilege Escalation","Initial Access"],"Windows Logon Success","3","60106"
"Sep 11, 2026 @ 16:45:07.520","Cyber-DC",["T1078"],["Defense Evasion","Persistence","Privilege Escalation","Initial Access"],"Windows Logon Success","3","60106"
"Sep 11, 2026 @ 16:45:07.488","Cyber-DC",["T1078"],["Defense Evasion","Persistence","Privilege Escalation","Initial Access"],"Windows Logon Success","3","60106"
"Sep 11, 2026 @ 16:45:07.488","Cyber-DC",["T1078"],["Defense Evasion","Persistence","Privilege Escalation","Initial Access"],"Windows Logon Success","3","60106"
"Sep 11, 2026 @ 16:45:07.479","Cyber-DC",["T1078"],["Defense Evasion","Persistence","Privilege Escalation","Initial Access"],"Windows Logon Success","3","60106"
"Sep 11, 2026 @ 16:45:07.479","Cyber-DC",["T1078"],["Defense Evasion","Persistence","Privilege Escalation","Initial Access"],"Windows Logon Success","3","60106"
"Sep 11, 2026 @ 16:44:07.384","Cyber-DC",["T1078"],["Defense Evasion","Persistence","Privilege Escalation","Initial Access"],"Windows Logon Success","3","60106"
"Sep 11, 2026 @ 16:44:07.384","Cyber-DC",["T1078"],["Defense Evasion","Persistence","Privilege Escalation","Initial Access"],"Windows Logon Success","3","60106"
"Sep 11, 2026 @ 16:43:07.346","Cyber-DC",["T1078"],["Defense Evasion","Persistence","Privilege Escalation","Initial Access"],"Windows Logon Success","3","60106"
"Sep 11, 2026 @ 16:43:07.346","Cyber-DC",["T1078"],["Defense Evasion","Persistence","Privilege Escalation","Initial Access"],"Windows Logon Success","3","60106"
"Sep 11, 2026 @ 16:42:44.804","Cyber-DC",["T1078"],["Defense Evasion","Persistence","Privilege Escalation","Initial Access"],"Windows Logon Success","3","60106"
"Sep 11, 2026 @ 16:42:44.804","Cyber-DC",["T1078"],["Defense Evasion","Persistence","Privilege Escalation","Initial Access"],"Windows Logon Success","3","60106"
"Sep 11, 2026 @ 16:42:29.133","Cyber-Window-cilent",["T1078"],["Defense Evasion","Persistence","Privilege Escalation","Initial Access"],"Windows Logon Success","3","60106"
"Sep 11, 2026 @ 16:42:29.133","Cyber-Window-cilent",["T1078"],["Defense Evasion","Persistence","Privilege Escalation","Initial Access"],"Windows Logon Success","3","60106"
"Sep 11, 2026 @ 16:42:19.796","Cyber-Window-cilent",["T1078"],["Defense Evasion","Persistence","Privilege Escalation","Initial Access"],"Windows Logon Success","3","60106"
"Sep 11, 2026 @ 16:42:19.796","Cyber-Window-cilent",["T1078"],["Defense Evasion","Persistence","Privilege Escalation","Initial Access"],"Windows Logon Success","3","60106"
"Sep 11, 2026 @ 16:42:07.342","Cyber-DC",["T1078"],["Defense Evasion","Persistence","Privilege Escalation","Initial Access"],"Windows Logon Success","3","60106"
"Sep 11, 2026 @ 16:42:07.342","Cyber-DC",["T1078"],["Defense Evasion","Persistence","Privilege Escalation","Initial Access"],"Windows Logon Success","3","60106"
"Sep 11, 2026 @ 16:41:26.486","Cyber-Window-cilent",["T1565.001","T1112"],["Impact","Defense Evasion"],"Registry Value Integrity Checksum Changed","5","750"
"Sep 11, 2026 @ 16:41:26.486","Cyber-Window-cilent",["T1565.001","T1112"],["Impact","Defense Evasion"],"Registry Value Integrity Checksum Changed","5","750"
"Sep 11, 2026 @ 16:41:26.474","Cyber-Window-cilent",["T1565.001","T1112"],["Impact","Defense Evasion"],"Registry Value Integrity Checksum Changed","5","750"
"Sep 11, 2026 @ 16:41:26.474","Cyber-Window-cilent",["T1565.001","T1112"],["Impact","Defense Evasion"],"Registry Value Integrity Checksum Changed","5","750"
"Sep 11, 2026 @ 16:41:26.472","Cyber-Window-cilent",["T1565.001","T1112"],["Impact","Defense Evasion"],"Registry Value Integrity Checksum Changed","5","750"
"Sep 11, 2026 @ 16:41:26.472","Cyber-Window-cilent",["T1565.001","T1112"],["Impact","Defense Evasion"],"Registry Value Integrity Checksum Changed","5","750"
"Sep 11, 2026 @ 16:41:26.450","Cyber-Window-cilent",["T1565.001","T1112"],["Impact","Defense Evasion"],"Registry Key Integrity Checksum Changed","5","594"
"Sep 11, 2026 @ 16:41:26.450","Cyber-Window-cilent",["T1565.001","T1112"],["Impact","Defense Evasion"],"Registry Key Integrity Checksum Changed","5","594"
"Sep 11, 2026 @ 16:41:26.434","Cyber-Window-cilent",["T1565.001","T1112"],["Impact","Defense Evasion"],"Registry Value Integrity Checksum Changed","5","750"
"Sep 11, 2026 @ 16:41:26.434","Cyber-Window-cilent",["T1565.001","T1112"],["Impact","Defense Evasion"],"Registry Value Integrity Checksum Changed","5","750"
"Sep 11, 2026 @ 16:41:26.434","Cyber-Window-cilent",["T1565.001","T1112"],["Impact","Defense Evasion"],"Registry Value Integrity Checksum Changed","5","750"
"Sep 11, 2026 @ 16:41:26.434","Cyber-Window-cilent",["T1565.001","T1112"],["Impact","Defense Evasion"],"Registry Value Integrity Checksum Changed","5","750"
"Sep 11, 2026 @ 16:41:26.389","Cyber-Window-cilent",["T1565.001","T1112"],["Impact","Defense Evasion"],"Registry Key Integrity Checksum Changed","5","594"
"Sep 11, 2026 @ 16:41:26.389","Cyber-Window-cilent",["T1565.001","T1112"],["Impact","Defense Evasion"],"Registry Key Integrity Checksum Changed","5","594"
"Sep 11, 2026 @ 16:41:07.275","Cyber-DC",["T1078"],["Defense Evasion","Persistence","Privilege Escalation","Initial Access"],"Windows Logon Success","3","60106"
"Sep 11, 2026 @ 16:41:07.275","Cyber-DC",["T1078"],["Defense Evasion","Persistence","Privilege Escalation","Initial Access"],"Windows Logon Success","3","60106"
"Sep 11, 2026 @ 16:40:56.314","Cyber-DC",["T1565.001","T1112"],["Impact","Defense Evasion"],"Registry Key Integrity Checksum Changed","5","594"
"Sep 11, 2026 @ 16:40:56.314","Cyber-DC",["T1565.001","T1112"],["Impact","Defense Evasion"],"Registry Key Integrity Checksum Changed","5","594"
"Sep 11, 2026 @ 16:40:07.251","Cyber-DC",["T1078"],["Defense Evasion","Persistence","Privilege Escalation","Initial Access"],"Windows Logon Success","3","60106"
"Sep 11, 2026 @ 16:40:07.251","Cyber-DC",["T1078"],["Defense Evasion","Persistence","Privilege Escalation","Initial Access"],"Windows Logon Success","3","60106"
"Sep 11, 2026 @ 16:40:07.172","Cyber-DC",["T1078"],["Defense Evasion","Persistence","Privilege Escalation","Initial Access"],"Windows Logon Success","3","60106"
"Sep 11, 2026 @ 16:40:07.172","Cyber-DC",["T1078"],["Defense Evasion","Persistence","Privilege Escalation","Initial Access"],"Windows Logon Success","3","60106"
"Sep 11, 2026 @ 16:40:07.158","Cyber-DC",["T1078"],["Defense Evasion","Persistence","Privilege Escalation","Initial Access"],"Windows Logon Success","3","60106"
"Sep 11, 2026 @ 16:40:07.158","Cyber-DC",["T1078"],["Defense Evasion","Persistence","Privilege Escalation","Initial Access"],"Windows Logon Success","3","60106"
"Sep 11, 2026 @ 16:40:07.137","Cyber-DC",["T1078"],["Defense Evasion","Persistence","Privilege Escalation","Initial Access"],"Windows Logon Success","3","60106"
"Sep 11, 2026 @ 16:40:07.137","Cyber-DC",["T1078"],["Defense Evasion","Persistence","Privilege Escalation","Initial Access"],"Windows Logon Success","3","60106"
"Sep 11, 2026 @ 16:40:07.107","Cyber-DC",["T1078"],["Defense Evasion","Persistence","Privilege Escalation","Initial Access"],"Windows Logon Success","3","60106"
"Sep 11, 2026 @ 16:40:07.107","Cyber-DC",["T1078"],["Defense Evasion","Persistence","Privilege Escalation","Initial Access"],"Windows Logon Success","3","60106"
"Sep 11, 2026 @ 16:40:07.074","Cyber-DC",["T1078"],["Defense Evasion","Persistence","Privilege Escalation","Initial Access"],"Windows Logon Success","3","60106"
"Sep 11, 2026 @ 16:40:07.074","Cyber-DC",["T1078"],["Defense Evasion","Persistence","Privilege Escalation","Initial Access"],"Windows Logon Success","3","60106"
"Sep 11, 2026 @ 16:40:07.062","Cyber-DC",["T1078"],["Defense Evasion","Persistence","Privilege Escalation","Initial Access"],"Windows Logon Success","3","60106"
"Sep 11, 2026 @ 16:40:07.062","Cyber-DC",["T1078"],["Defense Evasion","Persistence","Privilege Escalation","Initial Access"],"Windows Logon Success","3","60106"
"Sep 11, 2026 @ 16:40:07.055","Cyber-DC",["T1078"],["Defense Evasion","Persistence","Privilege Escalation","Initial Access"],"Windows Logon Success","3","60106"
"Sep 11, 2026 @ 16:40:07.055","Cyber-DC",["T1078"],["Defense Evasion","Persistence","Privilege Escalation","Initial Access"],"Windows Logon Success","3","60106"
"Sep 11, 2026 @ 16:40:05.373","Cyber-DC",["T1078"],["Defense Evasion","Persistence","Privilege Escalation","Initial Access"],"Windows Logon Success","3","60106"
"Sep 11, 2026 @ 16:40:05.373","Cyber-DC",["T1078"],["Defense Evasion","Persistence","Privilege Escalation","Initial Access"],"Windows Logon Success","3","60106"
"Sep 11, 2026 @ 16:39:54.200","Cyber-DC",["T1565.001","T1112"],["Impact","Defense Evasion"],"Registry Value Integrity Checksum Changed","5","750"
"Sep 11, 2026 @ 16:39:54.200","Cyber-DC",["T1565.001","T1112"],["Impact","Defense Evasion"],"Registry Value Integrity Checksum Changed","5","750"
"Sep 11, 2026 @ 16:39:54.164","Cyber-DC",["T1565.001","T1112"],["Impact","Defense Evasion"],"Registry Value Integrity Checksum Changed","5","750"
"Sep 11, 2026 @ 16:39:54.164","Cyber-DC",["T1565.001","T1112"],["Impact","Defense Evasion"],"Registry Value Integrity Checksum Changed","5","750"
"Sep 11, 2026 @ 16:39:54.161","Cyber-DC",["T1565.001","T1112"],["Impact","Defense Evasion"],"Registry Value Integrity Checksum Changed","5","750"
"Sep 11, 2026 @ 16:39:54.161","Cyber-DC",["T1565.001","T1112"],["Impact","Defense Evasion"],"Registry Value Integrity Checksum Changed","5","750"
"Sep 11, 2026 @ 16:39:54.157","Cyber-DC",["T1565.001","T1112"],["Impact","Defense Evasion"],"Registry Key Integrity Checksum Changed","5","594"
"Sep 11, 2026 @ 16:39:54.157","Cyber-DC",["T1565.001","T1112"],["Impact","Defense Evasion"],"Registry Key Integrity Checksum Changed","5","594"
"Sep 11, 2026 @ 16:39:54.157","Cyber-DC",["T1565.001","T1112"],["Impact","Defense Evasion"],"Registry Value Integrity Checksum Changed","5","750"
"Sep 11, 2026 @ 16:39:54.157","Cyber-DC",["T1565.001","T1112"],["Impact","Defense Evasion"],"Registry Value Integrity Checksum Changed","5","750"
"Sep 11, 2026 @ 16:39:54.148","Cyber-DC",["T1565.001","T1112"],["Impact","Defense Evasion"],"Registry Key Integrity Checksum Changed","5","594"
"Sep 11, 2026 @ 16:39:54.148","Cyber-DC",["T1565.001","T1112"],["Impact","Defense Evasion"],"Registry Key Integrity Checksum Changed","5","594"
"Sep 11, 2026 @ 16:39:08.336","Cyber-Window-cilent",["T1070.004","T1485","T1112"],["Defense Evasion","Impact"],"Registry Value Entry Deleted.","5","751"
"Sep 11, 2026 @ 16:39:08.336","Cyber-Window-cilent",["T1070.004","T1485","T1112"],["Defense Evasion","Impact"],"Registry Value Entry Deleted.","5","751"
"Sep 11, 2026 @ 16:39:08.336","Cyber-Window-cilent",["T1070.004","T1485","T1112"],["Defense Evasion","Impact"],"Registry Value Entry Deleted.","5","751"
"Sep 11, 2026 @ 16:39:08.336","Cyber-Window-cilent",["T1070.004","T1485","T1112"],["Defense Evasion","Impact"],"Registry Value Entry Deleted.","5","751"
"Sep 11, 2026 @ 16:39:08.295","Cyber-Window-cilent",["T1070.004","T1485","T1112"],["Defense Evasion","Impact"],"Registry Value Entry Deleted.","5","751"
"Sep 11, 2026 @ 16:39:08.295","Cyber-Window-cilent",["T1070.004","T1485","T1112"],["Defense Evasion","Impact"],"Registry Value Entry Deleted.","5","751"
"Sep 11, 2026 @ 16:39:07.188","Cyber-DC",["T1078"],["Defense Evasion","Persistence","Privilege Escalation","Initial Access"],"Windows Logon Success","3","60106"
"Sep 11, 2026 @ 16:39:07.188","Cyber-DC",["T1078"],["Defense Evasion","Persistence","Privilege Escalation","Initial Access"],"Windows Logon Success","3","60106"
"Sep 11, 2026 @ 16:39:06.489","Cyber-Window-cilent",["T1565.001","T1112"],["Impact","Defense Evasion"],"Registry Key Integrity Checksum Changed","5","594"
"Sep 11, 2026 @ 16:39:06.489","Cyber-Window-cilent",["T1565.001","T1112"],["Impact","Defense Evasion"],"Registry Key Integrity Checksum Changed","5","594"
"Sep 11, 2026 @ 16:39:06.484","Cyber-Window-cilent",["T1565.001","T1112"],["Impact","Defense Evasion"],"Registry Key Integrity Checksum Changed","5","594"
"Sep 11, 2026 @ 16:39:06.484","Cyber-Window-cilent",["T1565.001","T1112"],["Impact","Defense Evasion"],"Registry Key Integrity Checksum Changed","5","594"
"Sep 11, 2026 @ 16:39:06.350","Cyber-Window-cilent",["T1565.001","T1112"],["Impact","Defense Evasion"],"Registry Key Integrity Checksum Changed","5","594"
"Sep 11, 2026 @ 16:39:06.350","Cyber-Window-cilent",["T1565.001","T1112"],["Impact","Defense Evasion"],"Registry Key Integrity Checksum Changed","5","594"
"Sep 11, 2026 @ 16:39:06.347","Cyber-Window-cilent",["T1565.001","T1112"],["Impact","Defense Evasion"],"Registry Key Integrity Checksum Changed","5","594"
"Sep 11, 2026 @ 16:39:06.347","Cyber-Window-cilent",["T1565.001","T1112"],["Impact","Defense Evasion"],"Registry Key Integrity Checksum Changed","5","594"
"Sep 11, 2026 @ 16:39:06.344","Cyber-Window-cilent",["T1565.001","T1112"],["Impact","Defense Evasion"],"Registry Key Integrity Checksum Changed","5","594"
"Sep 11, 2026 @ 16:39:06.344","Cyber-Window-cilent",["T1565.001","T1112"],["Impact","Defense Evasion"],"Registry Key Integrity Checksum Changed","5","594"
"Sep 11, 2026 @ 16:39:06.341","Cyber-Window-cilent",["T1565.001","T1112"],["Impact","Defense Evasion"],"Registry Key Integrity Checksum Changed","5","594"
"Sep 11, 2026 @ 16:39:06.341","Cyber-Window-cilent",["T1565.001","T1112"],["Impact","Defense Evasion"],"Registry Key Integrity Checksum Changed","5","594"
"Sep 11, 2026 @ 16:39:06.336","Cyber-Window-cilent",["T1565.001","T1112"],["Impact","Defense Evasion"],"Registry Key Integrity Checksum Changed","5","594"
"Sep 11, 2026 @ 16:39:06.336","Cyber-Window-cilent",["T1565.001","T1112"],["Impact","Defense Evasion"],"Registry Key Integrity Checksum Changed","5","594"
"Sep 11, 2026 @ 16:39:06.307","Cyber-Window-cilent",["T1565.001","T1112"],["Impact","Defense Evasion"],"Registry Key Integrity Checksum Changed","5","594"
"Sep 11, 2026 @ 16:39:06.307","Cyber-Window-cilent",["T1565.001","T1112"],["Impact","Defense Evasion"],"Registry Key Integrity Checksum Changed","5","594"
"Sep 11, 2026 @ 16:39:06.304","Cyber-Window-cilent",["T1565.001","T1112"],["Impact","Defense Evasion"],"Registry Key Integrity Checksum Changed","5","594"
"Sep 11, 2026 @ 16:39:06.304","Cyber-Window-cilent",["T1565.001","T1112"],["Impact","Defense Evasion"],"Registry Key Integrity Checksum Changed","5","594"
"Sep 11, 2026 @ 16:39:06.299","Cyber-Window-cilent",["T1565.001","T1112"],["Impact","Defense Evasion"],"Registry Value Integrity Checksum Changed","5","750"
"Sep 11, 2026 @ 16:39:06.299","Cyber-Window-cilent",["T1565.001","T1112"],["Impact","Defense Evasion"],"Registry Value Integrity Checksum Changed","5","750"
"Sep 11, 2026 @ 16:39:06.298","Cyber-Window-cilent",["T1565.001","T1112"],["Impact","Defense Evasion"],"Registry Key Integrity Checksum Changed","5","594"
"Sep 11, 2026 @ 16:39:06.298","Cyber-Window-cilent",["T1565.001","T1112"],["Impact","Defense Evasion"],"Registry Key Integrity Checksum Changed","5","594"
"Sep 11, 2026 @ 16:39:06.295","Cyber-Window-cilent",["T1565.001","T1112"],["Impact","Defense Evasion"],"Registry Key Integrity Checksum Changed","5","594"
"Sep 11, 2026 @ 16:39:06.295","Cyber-Window-cilent",["T1565.001","T1112"],["Impact","Defense Evasion"],"Registry Key Integrity Checksum Changed","5","594"
"Sep 11, 2026 @ 16:39:06.291","Cyber-Window-cilent",["T1565.001","T1112"],["Impact","Defense Evasion"],"Registry Key Integrity Checksum Changed","5","594"
"Sep 11, 2026 @ 16:39:06.291","Cyber-Window-cilent",["T1565.001","T1112"],["Impact","Defense Evasion"],"Registry Key Integrity Checksum Changed","5","594"
"Sep 11, 2026 @ 16:39:06.284","Cyber-Window-cilent",["T1565.001","T1112"],["Impact","Defense Evasion"],"Registry Key Integrity Checksum Changed","5","594"
"Sep 11, 2026 @ 16:39:06.284","Cyber-Window-cilent",["T1565.001","T1112"],["Impact","Defense Evasion"],"Registry Key Integrity Checksum Changed","5","594"
"Sep 11, 2026 @ 16:39:06.281","Cyber-Window-cilent",["T1565.001","T1112"],["Impact","Defense Evasion"],"Registry Key Integrity Checksum Changed","5","594"
"Sep 11, 2026 @ 16:39:06.281","Cyber-Window-cilent",["T1565.001","T1112"],["Impact","Defense Evasion"],"Registry Key Integrity Checksum Changed","5","594"
"Sep 11, 2026 @ 16:39:06.075","Cyber-Window-cilent",["T1565.001","T1112"],["Impact","Defense Evasion"],"Registry Value Integrity Checksum Changed","5","750"
"Sep 11, 2026 @ 16:39:06.075","Cyber-Window-cilent",["T1565.001","T1112"],["Impact","Defense Evasion"],"Registry Value Integrity Checksum Changed","5","750"
"Sep 11, 2026 @ 16:39:06.074","Cyber-Window-cilent",["T1565.001","T1112"],["Impact","Defense Evasion"],"Registry Key Integrity Checksum Changed","5","594"
"Sep 11, 2026 @ 16:39:06.074","Cyber-Window-cilent",["T1565.001","T1112"],["Impact","Defense Evasion"],"Registry Key Integrity Checksum Changed","5","594"
"Sep 11, 2026 @ 16:39:05.066","Cyber-Window-cilent",["T1565.001","T1112"],["Impact","Defense Evasion"],"Registry Value Integrity Checksum Changed","5","750"
"Sep 11, 2026 @ 16:39:05.066","Cyber-Window-cilent",["T1565.001","T1112"],["Impact","Defense Evasion"],"Registry Value Integrity Checksum Changed","5","750"
"Sep 11, 2026 @ 16:39:05.064","Cyber-Window-cilent",["T1565.001","T1112"],["Impact","Defense Evasion"],"Registry Key Integrity Checksum Changed","5","594"
"Sep 11, 2026 @ 16:39:05.064","Cyber-Window-cilent",["T1565.001","T1112"],["Impact","Defense Evasion"],"Registry Key Integrity Checksum Changed","5","594"
"Sep 11, 2026 @ 16:39:03.948","Cyber-Window-cilent",["T1565.001","T1112"],["Impact","Defense Evasion"],"Registry Value Integrity Checksum Changed","5","750"
"Sep 11, 2026 @ 16:39:03.948","Cyber-Window-cilent",["T1565.001","T1112"],["Impact","Defense Evasion"],"Registry Value Integrity Checksum Changed","5","750"
"Sep 11, 2026 @ 16:39:03.946","Cyber-Window-cilent",["T1565.001","T1112"],["Impact","Defense Evasion"],"Registry Key Integrity Checksum Changed","5","594"
"Sep 11, 2026 @ 16:39:03.946","Cyber-Window-cilent",["T1565.001","T1112"],["Impact","Defense Evasion"],"Registry Key Integrity Checksum Changed","5","594"
"Sep 11, 2026 @ 16:39:01.247","Cyber-Window-cilent",["T1565.001","T1112"],["Impact","Defense Evasion"],"Registry Value Integrity Checksum Changed","5","750"
"Sep 11, 2026 @ 16:39:01.247","Cyber-Window-cilent",["T1565.001","T1112"],["Impact","Defense Evasion"],"Registry Value Integrity Checksum Changed","5","750"
"Sep 11, 2026 @ 16:39:01.204","Cyber-Window-cilent",["T1565.001","T1112"],["Impact","Defense Evasion"],"Registry Key Integrity Checksum Changed","5","594"
"Sep 11, 2026 @ 16:39:01.204","Cyber-Window-cilent",["T1565.001","T1112"],["Impact","Defense Evasion"],"Registry Key Integrity Checksum Changed","5","594"
"Sep 11, 2026 @ 16:38:47.158","Cyber-DC",["T1565.001","T1112"],["Impact","Defense Evasion"],"Registry Value Integrity Checksum Changed","5","750"
"Sep 11, 2026 @ 16:38:47.158","Cyber-DC",["T1565.001","T1112"],["Impact","Defense Evasion"],"Registry Value Integrity Checksum Changed","5","750"
"Sep 11, 2026 @ 16:38:47.116","Cyber-DC",["T1565.001","T1112"],["Impact","Defense Evasion"],"Registry Key Integrity Checksum Changed","5","594"
"Sep 11, 2026 @ 16:38:47.116","Cyber-DC",["T1565.001","T1112"],["Impact","Defense Evasion"],"Registry Key Integrity Checksum Changed","5","594"
"Sep 11, 2026 @ 16:38:27.341","Cyber-Window-cilent",["T1565.001","T1112"],["Impact","Defense Evasion"],"Registry Key Integrity Checksum Changed","5","594"
"Sep 11, 2026 @ 16:38:27.341","Cyber-Window-cilent",["T1565.001","T1112"],["Impact","Defense Evasion"],"Registry Key Integrity Checksum Changed","5","594"
"Sep 11, 2026 @ 16:38:26.961","Cyber-Window-cilent",["T1565.001","T1112"],["Impact","Defense Evasion"],"Registry Key Integrity Checksum Changed","5","594"
"Sep 11, 2026 @ 16:38:26.961","Cyber-Window-cilent",["T1565.001","T1112"],["Impact","Defense Evasion"],"Registry Key Integrity Checksum Changed","5","594"
"Sep 11, 2026 @ 16:38:07.148","Cyber-DC",["T1078"],["Defense Evasion","Persistence","Privilege Escalation","Initial Access"],"Windows Logon Success","3","60106"
"Sep 11, 2026 @ 16:38:07.148","Cyber-DC",["T1078"],["Defense Evasion","Persistence","Privilege Escalation","Initial Access"],"Windows Logon Success","3","60106"
"Sep 11, 2026 @ 16:37:12.186","Cyber-Window-cilent",["T1078"],["Defense Evasion","Persistence","Privilege Escalation","Initial Access"],"Windows Logon Success","3","60106"
"Sep 11, 2026 @ 16:37:12.186","Cyber-Window-cilent",["T1078"],["Defense Evasion","Persistence","Privilege Escalation","Initial Access"],"Windows Logon Success","3","60106"
"Sep 11, 2026 @ 16:37:07.113","Cyber-DC",["T1078"],["Defense Evasion","Persistence","Privilege Escalation","Initial Access"],"Windows Logon Success","3","60106"
"Sep 11, 2026 @ 16:37:07.113","Cyber-DC",["T1078"],["Defense Evasion","Persistence","Privilege Escalation","Initial Access"],"Windows Logon Success","3","60106"
"Sep 11, 2026 @ 16:36:53.643","Cyber-Window-cilent",["T1565.001","T1112"],["Impact","Defense Evasion"],"Registry Key Integrity Checksum Changed","5","594"
"Sep 11, 2026 @ 16:36:53.643","Cyber-Window-cilent",["T1565.001","T1112"],["Impact","Defense Evasion"],"Registry Key Integrity Checksum Changed","5","594"
"Sep 11, 2026 @ 16:36:53.640","Cyber-Window-cilent",["T1565.001","T1112"],["Impact","Defense Evasion"],"Registry Key Integrity Checksum Changed","5","594"
"Sep 11, 2026 @ 16:36:53.640","Cyber-Window-cilent",["T1565.001","T1112"],["Impact","Defense Evasion"],"Registry Key Integrity Checksum Changed","5","594"
"Sep 11, 2026 @ 16:36:53.640","Cyber-Window-cilent",["T1565.001","T1112"],["Impact","Defense Evasion"],"Registry Value Integrity Checksum Changed","5","750"
"Sep 11, 2026 @ 16:36:53.640","Cyber-Window-cilent",["T1565.001","T1112"],["Impact","Defense Evasion"],"Registry Value Integrity Checksum Changed","5","750"
"Sep 11, 2026 @ 16:36:53.610","Cyber-Window-cilent",["T1112"],["Defense Evasion"],"Registry Value Entry Added to the System","5","752"
"Sep 11, 2026 @ 16:36:53.610","Cyber-Window-cilent",["T1112"],["Defense Evasion"],"Registry Value Entry Added to the System","5","752"
"Sep 11, 2026 @ 16:36:53.607","Cyber-Window-cilent",["T1112"],["Defense Evasion"],"Registry Value Entry Added to the System","5","752"
"Sep 11, 2026 @ 16:36:53.607","Cyber-Window-cilent",["T1112"],["Defense Evasion"],"Registry Value Entry Added to the System","5","752"
"Sep 11, 2026 @ 16:36:53.604","Cyber-Window-cilent",["T1565.001","T1112"],["Impact","Defense Evasion"],"Registry Key Integrity Checksum Changed","5","594"
"Sep 11, 2026 @ 16:36:53.604","Cyber-Window-cilent",["T1565.001","T1112"],["Impact","Defense Evasion"],"Registry Key Integrity Checksum Changed","5","594"
"Sep 11, 2026 @ 16:36:53.603","Cyber-Window-cilent",["T1112"],["Defense Evasion"],"Registry Key Entry Added to the System","5","598"
"Sep 11, 2026 @ 16:36:53.603","Cyber-Window-cilent",["T1112"],["Defense Evasion"],"Registry Key Entry Added to the System","5","598"
"Sep 11, 2026 @ 16:36:53.593","Cyber-Window-cilent",["T1112"],["Defense Evasion"],"Registry Key Entry Added to the System","5","598"
"Sep 11, 2026 @ 16:36:53.593","Cyber-Window-cilent",["T1112"],["Defense Evasion"],"Registry Key Entry Added to the System","5","598"
"Sep 11, 2026 @ 16:36:14.099","Cyber-DC",["T1565.001","T1112"],["Impact","Defense Evasion"],"Registry Key Integrity Checksum Changed","5","594"
"Sep 11, 2026 @ 16:36:14.099","Cyber-DC",["T1565.001","T1112"],["Impact","Defense Evasion"],"Registry Key Integrity Checksum Changed","5","594"
"Sep 11, 2026 @ 16:36:07.059","Cyber-DC",["T1078"],["Defense Evasion","Persistence","Privilege Escalation","Initial Access"],"Windows Logon Success","3","60106"
"Sep 11, 2026 @ 16:36:07.059","Cyber-DC",["T1078"],["Defense Evasion","Persistence","Privilege Escalation","Initial Access"],"Windows Logon Success","3","60106"
"Sep 11, 2026 @ 16:35:47.980","Cyber-Window-cilent",["T1565.001","T1112"],["Impact","Defense Evasion"],"Registry Key Integrity Checksum Changed","5","594"
"Sep 11, 2026 @ 16:35:47.980","Cyber-Window-cilent",["T1565.001","T1112"],["Impact","Defense Evasion"],"Registry Key Integrity Checksum Changed","5","594"
"Sep 11, 2026 @ 16:35:47.943","Cyber-Window-cilent",["T1112"],["Defense Evasion"],"Registry Value Entry Added to the System","5","752"
"Sep 11, 2026 @ 16:35:47.943","Cyber-Window-cilent",["T1112"],["Defense Evasion"],"Registry Value Entry Added to the System","5","752"
"Sep 11, 2026 @ 16:35:47.942","Cyber-Window-cilent",["T1112"],["Defense Evasion"],"Registry Key Entry Added to the System","5","598"
"Sep 11, 2026 @ 16:35:47.942","Cyber-Window-cilent",["T1112"],["Defense Evasion"],"Registry Key Entry Added to the System","5","598"
"Sep 11, 2026 @ 16:35:47.882","Cyber-Window-cilent",["T1565.001","T1112"],["Impact","Defense Evasion"],"Registry Key Integrity Checksum Changed","5","594"
"Sep 11, 2026 @ 16:35:47.882","Cyber-Window-cilent",["T1565.001","T1112"],["Impact","Defense Evasion"],"Registry Key Integrity Checksum Changed","5","594"
"Sep 11, 2026 @ 16:35:47.835","Cyber-Window-cilent",["T1112"],["Defense Evasion"],"Registry Value Entry Added to the System","5","752"
"Sep 11, 2026 @ 16:35:47.835","Cyber-Window-cilent",["T1112"],["Defense Evasion"],"Registry Value Entry Added to the System","5","752"
"Sep 11, 2026 @ 16:35:47.833","Cyber-Window-cilent",["T1112"],["Defense Evasion"],"Registry Key Entry Added to the System","5","598"
"Sep 11, 2026 @ 16:35:47.833","Cyber-Window-cilent",["T1112"],["Defense Evasion"],"Registry Key Entry Added to the System","5","598"
"Sep 11, 2026 @ 16:35:47.382","Cyber-Window-cilent",["T1565.001","T1112"],["Impact","Defense Evasion"],"Registry Key Integrity Checksum Changed","5","594"
"Sep 11, 2026 @ 16:35:47.382","Cyber-Window-cilent",["T1565.001","T1112"],["Impact","Defense Evasion"],"Registry Key Integrity Checksum Changed","5","594"
"Sep 11, 2026 @ 16:35:47.374","Cyber-Window-cilent",["T1565.001","T1112"],["Impact","Defense Evasion"],"Registry Key Integrity Checksum Changed","5","594"
"Sep 11, 2026 @ 16:35:47.374","Cyber-Window-cilent",["T1565.001","T1112"],["Impact","Defense Evasion"],"Registry Key Integrity Checksum Changed","5","594"
"Sep 11, 2026 @ 16:35:47.367","Cyber-Window-cilent",["T1565.001","T1112"],["Impact","Defense Evasion"],"Registry Key Integrity Checksum Changed","5","594"
"Sep 11, 2026 @ 16:35:47.367","Cyber-Window-cilent",["T1565.001","T1112"],["Impact","Defense Evasion"],"Registry Key Integrity Checksum Changed","5","594"
"Sep 11, 2026 @ 16:35:46.427","Cyber-Window-cilent",["T1565.001","T1112"],["Impact","Defense Evasion"],"Registry Key Integrity Checksum Changed","5","594"
"Sep 11, 2026 @ 16:35:46.427","Cyber-Window-cilent",["T1565.001","T1112"],["Impact","Defense Evasion"],"Registry Key Integrity Checksum Changed","5","594"
"Sep 11, 2026 @ 16:35:46.419","Cyber-Window-cilent",["T1112"],["Defense Evasion"],"Registry Value Entry Added to the System","5","752"
"Sep 11, 2026 @ 16:35:46.419","Cyber-Window-cilent",["T1112"],["Defense Evasion"],"Registry Value Entry Added to the System","5","752"
"Sep 11, 2026 @ 16:35:46.416","Cyber-Window-cilent",["T1112"],["Defense Evasion"],"Registry Key Entry Added to the System","5","598"
"Sep 11, 2026 @ 16:35:46.416","Cyber-Window-cilent",["T1112"],["Defense Evasion"],"Registry Key Entry Added to the System","5","598"
"Sep 11, 2026 @ 16:35:45.699","Cyber-Window-cilent",["T1565.001","T1112"],["Impact","Defense Evasion"],"Registry Value Integrity Checksum Changed","5","750"
"Sep 11, 2026 @ 16:35:45.699","Cyber-Window-cilent",["T1565.001","T1112"],["Impact","Defense Evasion"],"Registry Value Integrity Checksum Changed","5","750"
"Sep 11, 2026 @ 16:35:45.697","Cyber-Window-cilent",["T1565.001","T1112"],["Impact","Defense Evasion"],"Registry Value Integrity Checksum Changed","5","750"
"Sep 11, 2026 @ 16:35:45.697","Cyber-Window-cilent",["T1565.001","T1112"],["Impact","Defense Evasion"],"Registry Value Integrity Checksum Changed","5","750"
"Sep 11, 2026 @ 16:35:45.696","Cyber-Window-cilent",["T1565.001","T1112"],["Impact","Defense Evasion"],"Registry Key Integrity Checksum Changed","5","594"
"Sep 11, 2026 @ 16:35:45.696","Cyber-Window-cilent",["T1565.001","T1112"],["Impact","Defense Evasion"],"Registry Value Integrity Checksum Changed","5","750"
"Sep 11, 2026 @ 16:35:45.696","Cyber-Window-cilent",["T1565.001","T1112"],["Impact","Defense Evasion"],"Registry Key Integrity Checksum Changed","5","594"
"Sep 11, 2026 @ 16:35:45.696","Cyber-Window-cilent",["T1565.001","T1112"],["Impact","Defense Evasion"],"Registry Value Integrity Checksum Changed","5","750"
"Sep 11, 2026 @ 16:35:45.689","Cyber-Window-cilent",["T1565.001","T1112"],["Impact","Defense Evasion"],"Registry Value Integrity Checksum Changed","5","750"
"Sep 11, 2026 @ 16:35:45.689","Cyber-Window-cilent",["T1565.001","T1112"],["Impact","Defense Evasion"],"Registry Value Integrity Checksum Changed","5","750"
"Sep 11, 2026 @ 16:35:45.687","Cyber-Window-cilent",["T1565.001","T1112"],["Impact","Defense Evasion"],"Registry Value Integrity Checksum Changed","5","750"
"Sep 11, 2026 @ 16:35:45.687","Cyber-Window-cilent",["T1565.001","T1112"],["Impact","Defense Evasion"],"Registry Value Integrity Checksum Changed","5","750"
"Sep 11, 2026 @ 16:35:45.685","Cyber-Window-cilent",["T1565.001","T1112"],["Impact","Defense Evasion"],"Registry Key Integrity Checksum Changed","5","594"
"Sep 11, 2026 @ 16:35:45.685","Cyber-Window-cilent",["T1565.001","T1112"],["Impact","Defense Evasion"],"Registry Key Integrity Checksum Changed","5","594"
"Sep 11, 2026 @ 16:35:44.666","Cyber-Window-cilent",["T1565.001","T1112"],["Impact","Defense Evasion"],"Registry Key Integrity Checksum Changed","5","594"
"Sep 11, 2026 @ 16:35:44.666","Cyber-Window-cilent",["T1565.001","T1112"],["Impact","Defense Evasion"],"Registry Key Integrity Checksum Changed","5","594"
"Sep 11, 2026 @ 16:35:43.588","Cyber-Window-cilent",["T1565.001","T1112"],["Impact","Defense Evasion"],"Registry Key Integrity Checksum Changed","5","594"
"Sep 11, 2026 @ 16:35:43.588","Cyber-Window-cilent",["T1565.001","T1112"],["Impact","Defense Evasion"],"Registry Key Integrity Checksum Changed","5","594"
"Sep 11, 2026 @ 16:35:43.570","Cyber-Window-cilent",["T1112"],["Defense Evasion"],"Registry Value Entry Added to the System","5","752"
"Sep 11, 2026 @ 16:35:43.570","Cyber-Window-cilent",["T1112"],["Defense Evasion"],"Registry Value Entry Added to the System","5","752"
"Sep 11, 2026 @ 16:35:43.569","Cyber-Window-cilent",["T1112"],["Defense Evasion"],"Registry Key Entry Added to the System","5","598"
"Sep 11, 2026 @ 16:35:43.569","Cyber-Window-cilent",["T1112"],["Defense Evasion"],"Registry Key Entry Added to the System","5","598"
"Sep 11, 2026 @ 16:35:43.430","Cyber-Window-cilent",["T1565.001","T1112"],["Impact","Defense Evasion"],"Registry Value Integrity Checksum Changed","5","750"
"Sep 11, 2026 @ 16:35:43.430","Cyber-Window-cilent",["T1565.001","T1112"],["Impact","Defense Evasion"],"Registry Value Integrity Checksum Changed","5","750"
"Sep 11, 2026 @ 16:35:43.413","Cyber-Window-cilent",["T1565.001","T1112"],["Impact","Defense Evasion"],"Registry Value Integrity Checksum Changed","5","750"
"Sep 11, 2026 @ 16:35:43.413","Cyber-Window-cilent",["T1565.001","T1112"],["Impact","Defense Evasion"],"Registry Value Integrity Checksum Changed","5","750"
"Sep 11, 2026 @ 16:35:43.398","Cyber-Window-cilent",["T1565.001","T1112"],["Impact","Defense Evasion"],"Registry Value Integrity Checksum Changed","5","750"
"Sep 11, 2026 @ 16:35:43.398","Cyber-Window-cilent",["T1565.001","T1112"],["Impact","Defense Evasion"],"Registry Value Integrity Checksum Changed","5","750"
"Sep 11, 2026 @ 16:35:43.382","Cyber-Window-cilent",["T1565.001","T1112"],["Impact","Defense Evasion"],"Registry Value Integrity Checksum Changed","5","750"
"Sep 11, 2026 @ 16:35:43.382","Cyber-Window-cilent",["T1565.001","T1112"],["Impact","Defense Evasion"],"Registry Value Integrity Checksum Changed","5","750"
"Sep 11, 2026 @ 16:35:43.366","Cyber-Window-cilent",["T1565.001","T1112"],["Impact","Defense Evasion"],"Registry Value Integrity Checksum Changed","5","750"
"Sep 11, 2026 @ 16:35:43.366","Cyber-Window-cilent",["T1565.001","T1112"],["Impact","Defense Evasion"],"Registry Value Integrity Checksum Changed","5","750"
"Sep 11, 2026 @ 16:35:43.349","Cyber-Window-cilent",["T1565.001","T1112"],["Impact","Defense Evasion"],"Registry Value Integrity Checksum Changed","5","750"
"Sep 11, 2026 @ 16:35:43.349","Cyber-Window-cilent",["T1565.001","T1112"],["Impact","Defense Evasion"],"Registry Value Integrity Checksum Changed","5","750"
"Sep 11, 2026 @ 16:35:43.349","Cyber-Window-cilent",["T1565.001","T1112"],["Impact","Defense Evasion"],"Registry Value Integrity Checksum Changed","5","750"
"Sep 11, 2026 @ 16:35:43.349","Cyber-Window-cilent",["T1565.001","T1112"],["Impact","Defense Evasion"],"Registry Value Integrity Checksum Changed","5","750"
"Sep 11, 2026 @ 16:35:42.274","Cyber-Window-cilent",["T1565.001","T1112"],["Impact","Defense Evasion"],"Registry Key Integrity Checksum Changed","5","594"
"Sep 11, 2026 @ 16:35:42.274","Cyber-Window-cilent",["T1565.001","T1112"],["Impact","Defense Evasion"],"Registry Key Integrity Checksum Changed","5","594"
"Sep 11, 2026 @ 16:35:42.201","Cyber-Window-cilent",["T1565.001","T1112"],["Impact","Defense Evasion"],"Registry Value Integrity Checksum Changed","5","750"
"Sep 11, 2026 @ 16:35:42.201","Cyber-Window-cilent",["T1565.001","T1112"],["Impact","Defense Evasion"],"Registry Value Integrity Checksum Changed","5","750"
"Sep 11, 2026 @ 16:35:42.200","Cyber-Window-cilent",["T1565.001","T1112"],["Impact","Defense Evasion"],"Registry Value Integrity Checksum Changed","5","750"
"Sep 11, 2026 @ 16:35:42.200","Cyber-Window-cilent",["T1565.001","T1112"],["Impact","Defense Evasion"],"Registry Value Integrity Checksum Changed","5","750"
"Sep 11, 2026 @ 16:35:42.134","Cyber-Window-cilent",["T1565.001","T1112"],["Impact","Defense Evasion"],"Registry Key Integrity Checksum Changed","5","594"
"Sep 11, 2026 @ 16:35:42.134","Cyber-Window-cilent",["T1565.001","T1112"],["Impact","Defense Evasion"],"Registry Key Integrity Checksum Changed","5","594"
"Sep 11, 2026 @ 16:35:42.090","Cyber-Window-cilent",["T1565.001","T1112"],["Impact","Defense Evasion"],"Registry Value Integrity Checksum Changed","5","750"
"Sep 11, 2026 @ 16:35:42.090","Cyber-Window-cilent",["T1565.001","T1112"],["Impact","Defense Evasion"],"Registry Key Integrity Checksum Changed","5","594"
"Sep 11, 2026 @ 16:35:42.090","Cyber-Window-cilent",["T1565.001","T1112"],["Impact","Defense Evasion"],"Registry Value Integrity Checksum Changed","5","750"
"Sep 11, 2026 @ 16:35:42.090","Cyber-Window-cilent",["T1565.001","T1112"],["Impact","Defense Evasion"],"Registry Key Integrity Checksum Changed","5","594"
"Sep 11, 2026 @ 16:35:41.670","Cyber-Window-cilent",["T1565.001","T1112"],["Impact","Defense Evasion"],"Registry Key Integrity Checksum Changed","5","594"
"Sep 11, 2026 @ 16:35:41.670","Cyber-Window-cilent",["T1565.001","T1112"],["Impact","Defense Evasion"],"Registry Key Integrity Checksum Changed","5","594"
"Sep 11, 2026 @ 16:35:41.664","Cyber-Window-cilent",["T1565.001","T1112"],["Impact","Defense Evasion"],"Registry Key Integrity Checksum Changed","5","594"
"Sep 11, 2026 @ 16:35:41.664","Cyber-Window-cilent",["T1565.001","T1112"],["Impact","Defense Evasion"],"Registry Key Integrity Checksum Changed","5","594"
"Sep 11, 2026 @ 16:35:39.602","Cyber-Window-cilent",["T1565.001","T1112"],["Impact","Defense Evasion"],"Registry Key Integrity Checksum Changed","5","594"
"Sep 11, 2026 @ 16:35:39.602","Cyber-Window-cilent",["T1112"],["Defense Evasion"],"Registry Value Entry Added to the System","5","752"
"Sep 11, 2026 @ 16:35:39.602","Cyber-Window-cilent",["T1565.001","T1112"],["Impact","Defense Evasion"],"Registry Key Integrity Checksum Changed","5","594"
"Sep 11, 2026 @ 16:35:39.602","Cyber-Window-cilent",["T1112"],["Defense Evasion"],"Registry Value Entry Added to the System","5","752"
"Sep 11, 2026 @ 16:35:39.561","Cyber-Window-cilent",["T1112"],["Defense Evasion"],"Registry Key Entry Added to the System","5","598"
"Sep 11, 2026 @ 16:35:39.561","Cyber-Window-cilent",["T1112"],["Defense Evasion"],"Registry Key Entry Added to the System","5","598"
"Sep 11, 2026 @ 16:35:35.521","Cyber-Window-cilent",["T1078"],["Defense Evasion","Persistence","Privilege Escalation","Initial Access"],"Windows Logon Success","3","60106"
"Sep 11, 2026 @ 16:35:35.521","Cyber-Window-cilent",["T1078"],["Defense Evasion","Persistence","Privilege Escalation","Initial Access"],"Windows Logon Success","3","60106"
"Sep 11, 2026 @ 16:35:07.183","Cyber-DC",["T1078"],["Defense Evasion","Persistence","Privilege Escalation","Initial Access"],"Windows Logon Success","3","60106"
"Sep 11, 2026 @ 16:35:07.183","Cyber-DC",["T1078"],["Defense Evasion","Persistence","Privilege Escalation","Initial Access"],"Windows Logon Success","3","60106"
"Sep 11, 2026 @ 16:35:07.085","Cyber-DC",["T1078"],["Defense Evasion","Persistence","Privilege Escalation","Initial Access"],"Windows Logon Success","3","60106"
"Sep 11, 2026 @ 16:35:07.085","Cyber-DC",["T1078"],["Defense Evasion","Persistence","Privilege Escalation","Initial Access"],"Windows Logon Success","3","60106"
"Sep 11, 2026 @ 16:35:07.069","Cyber-DC",["T1078"],["Defense Evasion","Persistence","Privilege Escalation","Initial Access"],"Windows Logon Success","3","60106"
"Sep 11, 2026 @ 16:35:07.069","Cyber-DC",["T1078"],["Defense Evasion","Persistence","Privilege Escalation","Initial Access"],"Windows Logon Success","3","60106"
"Sep 11, 2026 @ 16:35:07.031","Cyber-DC",["T1078"],["Defense Evasion","Persistence","Privilege Escalation","Initial Access"],"Windows Logon Success","3","60106"
"Sep 11, 2026 @ 16:35:07.031","Cyber-DC",["T1078"],["Defense Evasion","Persistence","Privilege Escalation","Initial Access"],"Windows Logon Success","3","60106"
"Sep 11, 2026 @ 16:35:07.030","Cyber-DC",["T1078"],["Defense Evasion","Persistence","Privilege Escalation","Initial Access"],"Windows Logon Success","3","60106"
"Sep 11, 2026 @ 16:35:07.030","Cyber-DC",["T1078"],["Defense Evasion","Persistence","Privilege Escalation","Initial Access"],"Windows Logon Success","3","60106"
"Sep 11, 2026 @ 16:35:05.970","Cyber-DC",["T1078"],["Defense Evasion","Persistence","Privilege Escalation","Initial Access"],"Windows Logon Success","3","60106"
"Sep 11, 2026 @ 16:35:05.970","Cyber-DC",["T1078"],["Defense Evasion","Persistence","Privilege Escalation","Initial Access"],"Windows Logon Success","3","60106"
"Sep 11, 2026 @ 16:35:05.959","Cyber-DC",["T1078"],["Defense Evasion","Persistence","Privilege Escalation","Initial Access"],"Windows Logon Success","3","60106"
"Sep 11, 2026 @ 16:35:05.959","Cyber-DC",["T1078"],["Defense Evasion","Persistence","Privilege Escalation","Initial Access"],"Windows Logon Success","3","60106"
"Sep 11, 2026 @ 16:34:27.856","Cyber-Window-cilent",["T1078"],["Defense Evasion","Persistence","Privilege Escalation","Initial Access"],"Windows Logon Success","3","60106"
"Sep 11, 2026 @ 16:34:27.856","Cyber-Window-cilent",["T1078"],["Defense Evasion","Persistence","Privilege Escalation","Initial Access"],"Windows Logon Success","3","60106"
"Sep 11, 2026 @ 16:34:06.975","Cyber-DC",["T1078"],["Defense Evasion","Persistence","Privilege Escalation","Initial Access"],"Windows Logon Success","3","60106"
"Sep 11, 2026 @ 16:34:06.975","Cyber-DC",["T1078"],["Defense Evasion","Persistence","Privilege Escalation","Initial Access"],"Windows Logon Success","3","60106"
"Sep 11, 2026 @ 16:33:40.909","Cyber-Window-cilent",["T1078"],["Defense Evasion","Persistence","Privilege Escalation","Initial Access"],"Windows Logon Success","3","60106"
"Sep 11, 2026 @ 16:33:40.909","Cyber-Window-cilent",["T1078"],["Defense Evasion","Persistence","Privilege Escalation","Initial Access"],"Windows Logon Success","3","60106"
"Sep 11, 2026 @ 16:33:06.956","Cyber-DC",["T1078"],["Defense Evasion","Persistence","Privilege Escalation","Initial Access"],"Windows Logon Success","3","60106"
"Sep 11, 2026 @ 16:33:06.956","Cyber-DC",["T1078"],["Defense Evasion","Persistence","Privilege Escalation","Initial Access"],"Windows Logon Success","3","60106"
"Sep 11, 2026 @ 16:33:04.618","Cyber-Window-cilent",["T1078"],["Defense Evasion","Persistence","Privilege Escalation","Initial Access"],"Windows Logon Success","3","60106"
"Sep 11, 2026 @ 16:33:04.618","Cyber-Window-cilent",["T1078"],["Defense Evasion","Persistence","Privilege Escalation","Initial Access"],"Windows Logon Success","3","60106"
"Sep 11, 2026 @ 16:32:57.387","Cyber-Window-cilent",["T1078"],["Defense Evasion","Persistence","Privilege Escalation","Initial Access"],"Windows Logon Success","3","60106"
"Sep 11, 2026 @ 16:32:57.387","Cyber-Window-cilent",["T1078"],["Defense Evasion","Persistence","Privilege Escalation","Initial Access"],"Windows Logon Success","3","60106"
"Sep 11, 2026 @ 16:32:55.924","Cyber-Window-cilent",["T1078"],["Defense Evasion","Persistence","Privilege Escalation","Initial Access"],"Windows Logon Success","3","60106"
"Sep 11, 2026 @ 16:32:55.924","Cyber-Window-cilent",["T1078"],["Defense Evasion","Persistence","Privilege Escalation","Initial Access"],"Windows Logon Success","3","60106"
"Sep 11, 2026 @ 16:32:55.918","Cyber-Window-cilent",["T1078"],["Defense Evasion","Persistence","Privilege Escalation","Initial Access"],"Windows Logon Success","3","60106"
"Sep 11, 2026 @ 16:32:55.918","Cyber-Window-cilent",["T1078"],["Defense Evasion","Persistence","Privilege Escalation","Initial Access"],"Windows Logon Success","3","60106"
"Sep 11, 2026 @ 16:32:50.568","Cyber-DC",["T1565.001","T1112"],["Impact","Defense Evasion"],"Registry Value Integrity Checksum Changed","5","750"
"Sep 11, 2026 @ 16:32:50.568","Cyber-DC",["T1565.001","T1112"],["Impact","Defense Evasion"],"Registry Value Integrity Checksum Changed","5","750"
"Sep 11, 2026 @ 16:32:50.568","Cyber-DC",["T1565.001","T1112"],["Impact","Defense Evasion"],"Registry Key Integrity Checksum Changed","5","594"
"Sep 11, 2026 @ 16:32:50.568","Cyber-DC",["T1565.001","T1112"],["Impact","Defense Evasion"],"Registry Key Integrity Checksum Changed","5","594"
"Sep 11, 2026 @ 16:32:44.505","Cyber-DC",["T1078"],["Defense Evasion","Persistence","Privilege Escalation","Initial Access"],"Windows Logon Success","3","60106"
"Sep 11, 2026 @ 16:32:44.505","Cyber-DC",["T1078"],["Defense Evasion","Persistence","Privilege Escalation","Initial Access"],"Windows Logon Success","3","60106"
"Sep 11, 2026 @ 16:32:06.916","Cyber-DC",["T1078"],["Defense Evasion","Persistence","Privilege Escalation","Initial Access"],"Windows Logon Success","3","60106"
"Sep 11, 2026 @ 16:32:06.916","Cyber-DC",["T1078"],["Defense Evasion","Persistence","Privilege Escalation","Initial Access"],"Windows Logon Success","3","60106"
"Sep 11, 2026 @ 16:31:46.608","sec-box",["T1078"],["Defense Evasion","Persistence","Privilege Escalation","Initial Access"],"PAM: Login session opened.","3","5501"
"Sep 11, 2026 @ 16:31:46.608","sec-box",["T1078"],["Defense Evasion","Persistence","Privilege Escalation","Initial Access"],"PAM: Login session opened.","3","5501"
"Sep 11, 2026 @ 16:31:25.807","Cyber-DC",["T1565.001","T1112"],["Impact","Defense Evasion"],"Registry Key Integrity Checksum Changed","5","594"
"Sep 11, 2026 @ 16:31:25.807","Cyber-DC",["T1565.001","T1112"],["Impact","Defense Evasion"],"Registry Key Integrity Checksum Changed","5","594"
"Sep 11, 2026 @ 16:31:25.116","Cyber-DC",["T1565.001","T1112"],["Impact","Defense Evasion"],"Registry Value Integrity Checksum Changed","5","750"
"Sep 11, 2026 @ 16:31:25.116","Cyber-DC",["T1565.001","T1112"],["Impact","Defense Evasion"],"Registry Value Integrity Checksum Changed","5","750"
"Sep 11, 2026 @ 16:31:25.115","Cyber-DC",["T1565.001","T1112"],["Impact","Defense Evasion"],"Registry Key Integrity Checksum Changed","5","594"
"Sep 11, 2026 @ 16:31:25.115","Cyber-DC",["T1565.001","T1112"],["Impact","Defense Evasion"],"Registry Key Integrity Checksum Changed","5","594"
"Sep 11, 2026 @ 16:30:58.798","Cyber-DC",["T1078"],["Defense Evasion","Persistence","Privilege Escalation","Initial Access"],"Windows Logon Success","3","60106"
"Sep 11, 2026 @ 16:30:58.798","Cyber-DC",["T1078"],["Defense Evasion","Persistence","Privilege Escalation","Initial Access"],"Windows Logon Success","3","60106"
"Sep 11, 2026 @ 16:30:21.200","Cyber-Window-cilent",["T1565.001","T1112"],["Impact","Defense Evasion"],"Registry Value Integrity Checksum Changed","5","750"
"Sep 11, 2026 @ 16:30:21.200","Cyber-Window-cilent",["T1565.001","T1112"],["Impact","Defense Evasion"],"Registry Value Integrity Checksum Changed","5","750"
"Sep 11, 2026 @ 16:30:21.153","Cyber-Window-cilent",["T1565.001","T1112"],["Impact","Defense Evasion"],"Registry Value Integrity Checksum Changed","5","750"
"Sep 11, 2026 @ 16:30:21.153","Cyber-Window-cilent",["T1565.001","T1112"],["Impact","Defense Evasion"],"Registry Value Integrity Checksum Changed","5","750"
"Sep 11, 2026 @ 16:30:21.135","Cyber-Window-cilent",["T1565.001","T1112"],["Impact","Defense Evasion"],"Registry Value Integrity Checksum Changed","5","750"
"Sep 11, 2026 @ 16:30:21.135","Cyber-Window-cilent",["T1565.001","T1112"],["Impact","Defense Evasion"],"Registry Value Integrity Checksum Changed","5","750"
"Sep 11, 2026 @ 16:30:21.133","Cyber-Window-cilent",["T1565.001","T1112"],["Impact","Defense Evasion"],"Registry Key Integrity Checksum Changed","5","594"
"Sep 11, 2026 @ 16:30:21.133","Cyber-Window-cilent",["T1565.001","T1112"],["Impact","Defense Evasion"],"Registry Value Integrity Checksum Changed","5","750"
"Sep 11, 2026 @ 16:30:21.133","Cyber-Window-cilent",["T1565.001","T1112"],["Impact","Defense Evasion"],"Registry Value Integrity Checksum Changed","5","750"
"Sep 11, 2026 @ 16:30:21.133","Cyber-Window-cilent",["T1565.001","T1112"],["Impact","Defense Evasion"],"Registry Key Integrity Checksum Changed","5","594"
"Sep 11, 2026 @ 16:30:21.100","Cyber-Window-cilent",["T1565.001","T1112"],["Impact","Defense Evasion"],"Registry Key Integrity Checksum Changed","5","594"
"Sep 11, 2026 @ 16:30:21.100","Cyber-Window-cilent",["T1565.001","T1112"],["Impact","Defense Evasion"],"Registry Key Integrity Checksum Changed","5","594"
"Sep 11, 2026 @ 16:30:09.262","Cyber-DC",["T1078"],["Defense Evasion","Persistence","Privilege Escalation","Initial Access"],"Windows Logon Success","3","60106"
"Sep 11, 2026 @ 16:30:09.262","Cyber-DC",["T1078"],["Defense Evasion","Persistence","Privilege Escalation","Initial Access"],"Windows Logon Success","3","60106"
"Sep 11, 2026 @ 16:30:06.602","Cyber-DC",["T1078"],["Defense Evasion","Persistence","Privilege Escalation","Initial Access"],"Windows Logon Success","3","60106"
"Sep 11, 2026 @ 16:30:06.602","Cyber-DC",["T1078"],["Defense Evasion","Persistence","Privilege Escalation","Initial Access"],"Windows Logon Success","3","60106"
"Sep 11, 2026 @ 16:30:06.521","Cyber-DC",["T1078"],["Defense Evasion","Persistence","Privilege Escalation","Initial Access"],"Windows Logon Success","3","60106"
"Sep 11, 2026 @ 16:30:06.521","Cyber-DC",["T1078"],["Defense Evasion","Persistence","Privilege Escalation","Initial Access"],"Windows Logon Success","3","60106"
"Sep 11, 2026 @ 16:30:06.490","Cyber-DC",["T1078"],["Defense Evasion","Persistence","Privilege Escalation","Initial Access"],"Windows Logon Success","3","60106"
"Sep 11, 2026 @ 16:30:06.490","Cyber-DC",["T1078"],["Defense Evasion","Persistence","Privilege Escalation","Initial Access"],"Windows Logon Success","3","60106"
"Sep 11, 2026 @ 16:30:06.475","Cyber-DC",["T1078"],["Defense Evasion","Persistence","Privilege Escalation","Initial Access"],"Windows Logon Success","3","60106"
"Sep 11, 2026 @ 16:30:06.475","Cyber-DC",["T1078"],["Defense Evasion","Persistence","Privilege Escalation","Initial Access"],"Windows Logon Success","3","60106"
"Sep 11, 2026 @ 16:30:04.906","Cyber-DC",["T1078"],["Defense Evasion","Persistence","Privilege Escalation","Initial Access"],"Windows Logon Success","3","60106"
"Sep 11, 2026 @ 16:30:04.906","Cyber-DC",["T1078"],["Defense Evasion","Persistence","Privilege Escalation","Initial Access"],"Windows Logon Success","3","60106"
"Sep 11, 2026 @ 16:30:04.899","Cyber-DC",["T1078"],["Defense Evasion","Persistence","Privilege Escalation","Initial Access"],"Windows Logon Success","3","60106"
"Sep 11, 2026 @ 16:30:04.899","Cyber-DC",["T1078"],["Defense Evasion","Persistence","Privilege Escalation","Initial Access"],"Windows Logon Success","3","60106"
"Sep 11, 2026 @ 16:30:04.893","Cyber-DC",["T1078"],["Defense Evasion","Persistence","Privilege Escalation","Initial Access"],"Windows Logon Success","3","60106"
"Sep 11, 2026 @ 16:30:04.893","Cyber-DC",["T1078"],["Defense Evasion","Persistence","Privilege Escalation","Initial Access"],"Windows Logon Success","3","60106"
"Sep 11, 2026 @ 16:29:58.686","Cyber-DC",["T1078"],["Defense Evasion","Persistence","Privilege Escalation","Initial Access"],"Windows Logon Success","3","60106"
"Sep 11, 2026 @ 16:29:58.686","Cyber-DC",["T1078"],["Defense Evasion","Persistence","Privilege Escalation","Initial Access"],"Windows Logon Success","3","60106"
"Sep 11, 2026 @ 16:28:58.762","Cyber-DC",["T1078"],["Defense Evasion","Persistence","Privilege Escalation","Initial Access"],"Windows Logon Success","3","60106"
"Sep 11, 2026 @ 16:28:58.762","Cyber-DC",["T1078"],["Defense Evasion","Persistence","Privilege Escalation","Initial Access"],"Windows Logon Success","3","60106"
"Sep 11, 2026 @ 16:28:07.943","Cyber-DC",["T1078"],["Defense Evasion","Persistence","Privilege Escalation","Initial Access"],"Windows Logon Success","3","60106"
"Sep 11, 2026 @ 16:28:07.943","Cyber-DC",["T1078"],["Defense Evasion","Persistence","Privilege Escalation","Initial Access"],"Windows Logon Success","3","60106"
"Sep 11, 2026 @ 16:27:58.639","Cyber-DC",["T1078"],["Defense Evasion","Persistence","Privilege Escalation","Initial Access"],"Windows Logon Success","3","60106"
"Sep 11, 2026 @ 16:27:58.639","Cyber-DC",["T1078"],["Defense Evasion","Persistence","Privilege Escalation","Initial Access"],"Windows Logon Success","3","60106"
"Sep 11, 2026 @ 16:26:58.537","Cyber-DC",["T1078"],["Defense Evasion","Persistence","Privilege Escalation","Initial Access"],"Windows Logon Success","3","60106"
"Sep 11, 2026 @ 16:26:58.537","Cyber-DC",["T1078"],["Defense Evasion","Persistence","Privilege Escalation","Initial Access"],"Windows Logon Success","3","60106"
"Sep 11, 2026 @ 16:26:28.750","Cyber-Window-cilent",["T1078"],["Defense Evasion","Persistence","Privilege Escalation","Initial Access"],"Windows Logon Success","3","60106"
"Sep 11, 2026 @ 16:26:28.750","Cyber-Window-cilent",["T1078"],["Defense Evasion","Persistence","Privilege Escalation","Initial Access"],"Windows Logon Success","3","60106"
"Sep 11, 2026 @ 16:26:28.747","Cyber-Window-cilent",["T1078"],["Defense Evasion","Persistence","Privilege Escalation","Initial Access"],"Windows Logon Success","3","60106"
"Sep 11, 2026 @ 16:26:28.747","Cyber-Window-cilent",["T1078"],["Defense Evasion","Persistence","Privilege Escalation","Initial Access"],"Windows Logon Success","3","60106"
"Sep 11, 2026 @ 16:25:58.490","Cyber-DC",["T1078"],["Defense Evasion","Persistence","Privilege Escalation","Initial Access"],"Windows Logon Success","3","60106"
"Sep 11, 2026 @ 16:25:58.490","Cyber-DC",["T1078"],["Defense Evasion","Persistence","Privilege Escalation","Initial Access"],"Windows Logon Success","3","60106"
"Sep 11, 2026 @ 16:25:20.878","Cyber-DC",["T1565.001","T1112"],["Impact","Defense Evasion"],"Registry Key Integrity Checksum Changed","5","594"
"Sep 11, 2026 @ 16:25:20.878","Cyber-DC",["T1565.001","T1112"],["Impact","Defense Evasion"],"Registry Key Integrity Checksum Changed","5","594"
"Sep 11, 2026 @ 16:25:06.665","Cyber-DC",["T1078"],["Defense Evasion","Persistence","Privilege Escalation","Initial Access"],"Windows Logon Success","3","60106"
"Sep 11, 2026 @ 16:25:06.665","Cyber-DC",["T1078"],["Defense Evasion","Persistence","Privilege Escalation","Initial Access"],"Windows Logon Success","3","60106"
"Sep 11, 2026 @ 16:25:06.593","Cyber-DC",["T1078"],["Defense Evasion","Persistence","Privilege Escalation","Initial Access"],"Windows Logon Success","3","60106"
"Sep 11, 2026 @ 16:25:06.593","Cyber-DC",["T1078"],["Defense Evasion","Persistence","Privilege Escalation","Initial Access"],"Windows Logon Success","3","60106"
"Sep 11, 2026 @ 16:25:06.589","Cyber-DC",["T1078"],["Defense Evasion","Persistence","Privilege Escalation","Initial Access"],"Windows Logon Success","3","60106"
"Sep 11, 2026 @ 16:25:06.589","Cyber-DC",["T1078"],["Defense Evasion","Persistence","Privilege Escalation","Initial Access"],"Windows Logon Success","3","60106"
"Sep 11, 2026 @ 16:25:06.584","Cyber-DC",["T1078"],["Defense Evasion","Persistence","Privilege Escalation","Initial Access"],"Windows Logon Success","3","60106"
"Sep 11, 2026 @ 16:25:06.584","Cyber-DC",["T1078"],["Defense Evasion","Persistence","Privilege Escalation","Initial Access"],"Windows Logon Success","3","60106"
"Sep 11, 2026 @ 16:25:04.596","Cyber-DC",["T1078"],["Defense Evasion","Persistence","Privilege Escalation","Initial Access"],"Windows Logon Success","3","60106"
"Sep 11, 2026 @ 16:25:04.596","Cyber-DC",["T1078"],["Defense Evasion","Persistence","Privilege Escalation","Initial Access"],"Windows Logon Success","3","60106"
"Sep 11, 2026 @ 16:25:04.570","Cyber-DC",["T1078"],["Defense Evasion","Persistence","Privilege Escalation","Initial Access"],"Windows Logon Success","3","60106"
"Sep 11, 2026 @ 16:25:04.570","Cyber-DC",["T1078"],["Defense Evasion","Persistence","Privilege Escalation","Initial Access"],"Windows Logon Success","3","60106"
"Sep 11, 2026 @ 16:25:03.350","Cyber-Window-cilent",["T1565.001","T1112"],["Impact","Defense Evasion"],"Registry Value Integrity Checksum Changed","5","750"
"Sep 11, 2026 @ 16:25:03.350","Cyber-Window-cilent",["T1565.001","T1112"],["Impact","Defense Evasion"],"Registry Value Integrity Checksum Changed","5","750"
"Sep 11, 2026 @ 16:25:03.310","Cyber-Window-cilent",["T1565.001","T1112"],["Impact","Defense Evasion"],"Registry Value Integrity Checksum Changed","5","750"
"Sep 11, 2026 @ 16:25:03.310","Cyber-Window-cilent",["T1565.001","T1112"],["Impact","Defense Evasion"],"Registry Value Integrity Checksum Changed","5","750"
"Sep 11, 2026 @ 16:25:03.297","Cyber-Window-cilent",["T1565.001","T1112"],["Impact","Defense Evasion"],"Registry Value Integrity Checksum Changed","5","750"
"Sep 11, 2026 @ 16:25:03.297","Cyber-Window-cilent",["T1565.001","T1112"],["Impact","Defense Evasion"],"Registry Value Integrity Checksum Changed","5","750"
"Sep 11, 2026 @ 16:25:03.294","Cyber-Window-cilent",["T1565.001","T1112"],["Impact","Defense Evasion"],"Registry Key Integrity Checksum Changed","5","594"
"Sep 11, 2026 @ 16:25:03.294","Cyber-Window-cilent",["T1565.001","T1112"],["Impact","Defense Evasion"],"Registry Key Integrity Checksum Changed","5","594"
"Sep 11, 2026 @ 16:25:03.291","Cyber-Window-cilent",["T1565.001","T1112"],["Impact","Defense Evasion"],"Registry Value Integrity Checksum Changed","5","750"
"Sep 11, 2026 @ 16:25:03.291","Cyber-Window-cilent",["T1565.001","T1112"],["Impact","Defense Evasion"],"Registry Value Integrity Checksum Changed","5","750"
"Sep 11, 2026 @ 16:25:03.261","Cyber-Window-cilent",["T1565.001","T1112"],["Impact","Defense Evasion"],"Registry Key Integrity Checksum Changed","5","594"
"Sep 11, 2026 @ 16:25:03.261","Cyber-Window-cilent",["T1565.001","T1112"],["Impact","Defense Evasion"],"Registry Key Integrity Checksum Changed","5","594"
"Sep 11, 2026 @ 16:24:52.926","Cyber-DC",["T1078"],["Defense Evasion","Persistence","Privilege Escalation","Initial Access"],"Windows Logon Success","3","60106"
"Sep 11, 2026 @ 16:24:52.926","Cyber-DC",["T1078"],["Defense Evasion","Persistence","Privilege Escalation","Initial Access"],"Windows Logon Success","3","60106"
"Sep 11, 2026 @ 16:23:52.894","Cyber-DC",["T1078"],["Defense Evasion","Persistence","Privilege Escalation","Initial Access"],"Windows Logon Success","3","60106"
"Sep 11, 2026 @ 16:23:52.894","Cyber-DC",["T1078"],["Defense Evasion","Persistence","Privilege Escalation","Initial Access"],"Windows Logon Success","3","60106"
"Sep 11, 2026 @ 16:23:48.028","Cyber-DC",["T1565.001","T1112"],["Impact","Defense Evasion"],"Registry Value Integrity Checksum Changed","5","750"
"Sep 11, 2026 @ 16:23:48.028","Cyber-DC",["T1565.001","T1112"],["Impact","Defense Evasion"],"Registry Value Integrity Checksum Changed","5","750"
"Sep 11, 2026 @ 16:23:47.986","Cyber-DC",["T1565.001","T1112"],["Impact","Defense Evasion"],"Registry Key Integrity Checksum Changed","5","594"
"Sep 11, 2026 @ 16:23:47.986","Cyber-DC",["T1565.001","T1112"],["Impact","Defense Evasion"],"Registry Key Integrity Checksum Changed","5","594"
"Sep 11, 2026 @ 16:23:44.681","Cyber-Window-cilent",["T1565.001","T1112"],["Impact","Defense Evasion"],"Registry Value Integrity Checksum Changed","5","750"
"Sep 11, 2026 @ 16:23:44.681","Cyber-Window-cilent",["T1565.001","T1112"],["Impact","Defense Evasion"],"Registry Value Integrity Checksum Changed","5","750"
"Sep 11, 2026 @ 16:23:44.637","Cyber-Window-cilent",["T1565.001","T1112"],["Impact","Defense Evasion"],"Registry Key Integrity Checksum Changed","5","594"
"Sep 11, 2026 @ 16:23:44.637","Cyber-Window-cilent",["T1565.001","T1112"],["Impact","Defense Evasion"],"Registry Key Integrity Checksum Changed","5","594"
"Sep 11, 2026 @ 16:22:52.884","Cyber-DC",["T1078"],["Defense Evasion","Persistence","Privilege Escalation","Initial Access"],"Windows Logon Success","3","60106"
"Sep 11, 2026 @ 16:22:52.884","Cyber-DC",["T1078"],["Defense Evasion","Persistence","Privilege Escalation","Initial Access"],"Windows Logon Success","3","60106"
"Sep 11, 2026 @ 16:22:41.994","Cyber-DC",["T1078"],["Defense Evasion","Persistence","Privilege Escalation","Initial Access"],"Windows Logon Success","3","60106"
"Sep 11, 2026 @ 16:22:41.994","Cyber-DC",["T1078"],["Defense Evasion","Persistence","Privilege Escalation","Initial Access"],"Windows Logon Success","3","60106"
"Sep 11, 2026 @ 16:21:52.805","Cyber-DC",["T1078"],["Defense Evasion","Persistence","Privilege Escalation","Initial Access"],"Windows Logon Success","3","60106"
"Sep 11, 2026 @ 16:21:52.805","Cyber-DC",["T1078"],["Defense Evasion","Persistence","Privilege Escalation","Initial Access"],"Windows Logon Success","3","60106"
"Sep 11, 2026 @ 16:21:37.066","Cyber-DC",["T1565.001","T1112"],["Impact","Defense Evasion"],"Registry Key Integrity Checksum Changed","5","594"
"Sep 11, 2026 @ 16:21:37.066","Cyber-DC",["T1565.001","T1112"],["Impact","Defense Evasion"],"Registry Key Integrity Checksum Changed","5","594"
"Sep 11, 2026 @ 16:21:07.979","Cyber-Window-cilent",["T1565.001","T1112"],["Impact","Defense Evasion"],"Registry Value Integrity Checksum Changed","5","750"
"Sep 11, 2026 @ 16:21:07.979","Cyber-Window-cilent",["T1565.001","T1112"],["Impact","Defense Evasion"],"Registry Value Integrity Checksum Changed","5","750"
"Sep 11, 2026 @ 16:21:07.972","Cyber-Window-cilent",["T1565.001","T1112"],["Impact","Defense Evasion"],"Registry Value Integrity Checksum Changed","5","750"
"Sep 11, 2026 @ 16:21:07.972","Cyber-Window-cilent",["T1565.001","T1112"],["Impact","Defense Evasion"],"Registry Value Integrity Checksum Changed","5","750"
"Sep 11, 2026 @ 16:21:07.972","Cyber-Window-cilent",["T1565.001","T1112"],["Impact","Defense Evasion"],"Registry Value Integrity Checksum Changed","5","750"
"Sep 11, 2026 @ 16:21:07.972","Cyber-Window-cilent",["T1565.001","T1112"],["Impact","Defense Evasion"],"Registry Value Integrity Checksum Changed","5","750"
"Sep 11, 2026 @ 16:21:07.969","Cyber-Window-cilent",["T1565.001","T1112"],["Impact","Defense Evasion"],"Registry Key Integrity Checksum Changed","5","594"
"Sep 11, 2026 @ 16:21:07.969","Cyber-Window-cilent",["T1565.001","T1112"],["Impact","Defense Evasion"],"Registry Key Integrity Checksum Changed","5","594"
"Sep 11, 2026 @ 16:21:07.965","Cyber-Window-cilent",["T1565.001","T1112"],["Impact","Defense Evasion"],"Registry Value Integrity Checksum Changed","5","750"
"Sep 11, 2026 @ 16:21:07.965","Cyber-Window-cilent",["T1565.001","T1112"],["Impact","Defense Evasion"],"Registry Value Integrity Checksum Changed","5","750"
"Sep 11, 2026 @ 16:21:06.959","Cyber-Window-cilent",["T1565.001","T1112"],["Impact","Defense Evasion"],"Registry Key Integrity Checksum Changed","5","594"
"Sep 11, 2026 @ 16:21:06.959","Cyber-Window-cilent",["T1565.001","T1112"],["Impact","Defense Evasion"],"Registry Key Integrity Checksum Changed","5","594"
"Sep 11, 2026 @ 16:20:52.758","Cyber-DC",["T1078"],["Defense Evasion","Persistence","Privilege Escalation","Initial Access"],"Windows Logon Success","3","60106"
"Sep 11, 2026 @ 16:20:52.758","Cyber-DC",["T1078"],["Defense Evasion","Persistence","Privilege Escalation","Initial Access"],"Windows Logon Success","3","60106"
"Sep 11, 2026 @ 16:20:06.397","Cyber-DC",["T1078"],["Defense Evasion","Persistence","Privilege Escalation","Initial Access"],"Windows Logon Success","3","60106"
"Sep 11, 2026 @ 16:20:06.397","Cyber-DC",["T1078"],["Defense Evasion","Persistence","Privilege Escalation","Initial Access"],"Windows Logon Success","3","60106"
"Sep 11, 2026 @ 16:20:06.382","Cyber-DC",["T1078"],["Defense Evasion","Persistence","Privilege Escalation","Initial Access"],"Windows Logon Success","3","60106"
"Sep 11, 2026 @ 16:20:06.382","Cyber-DC",["T1078"],["Defense Evasion","Persistence","Privilege Escalation","Initial Access"],"Windows Logon Success","3","60106"
"Sep 11, 2026 @ 16:20:06.379","Cyber-DC",["T1078"],["Defense Evasion","Persistence","Privilege Escalation","Initial Access"],"Windows Logon Success","3","60106"
"Sep 11, 2026 @ 16:20:06.379","Cyber-DC",["T1078"],["Defense Evasion","Persistence","Privilege Escalation","Initial Access"],"Windows Logon Success","3","60106"
"Sep 11, 2026 @ 16:20:06.372","Cyber-DC",["T1078"],["Defense Evasion","Persistence","Privilege Escalation","Initial Access"],"Windows Logon Success","3","60106"
"Sep 11, 2026 @ 16:20:06.372","Cyber-DC",["T1078"],["Defense Evasion","Persistence","Privilege Escalation","Initial Access"],"Windows Logon Success","3","60106"
"Sep 11, 2026 @ 16:20:04.796","Cyber-DC",["T1078"],["Defense Evasion","Persistence","Privilege Escalation","Initial Access"],"Windows Logon Success","3","60106"
"Sep 11, 2026 @ 16:20:04.796","Cyber-DC",["T1078"],["Defense Evasion","Persistence","Privilege Escalation","Initial Access"],"Windows Logon Success","3","60106"
"Sep 11, 2026 @ 16:20:03.179","Cyber-DC",["T1078"],["Defense Evasion","Persistence","Privilege Escalation","Initial Access"],"Windows Logon Success","3","60106"
"Sep 11, 2026 @ 16:20:03.179","Cyber-DC",["T1078"],["Defense Evasion","Persistence","Privilege Escalation","Initial Access"],"Windows Logon Success","3","60106"
"Sep 11, 2026 @ 16:20:03.173","Cyber-DC",["T1078"],["Defense Evasion","Persistence","Privilege Escalation","Initial Access"],"Windows Logon Success","3","60106"
"Sep 11, 2026 @ 16:20:03.173","Cyber-DC",["T1078"],["Defense Evasion","Persistence","Privilege Escalation","Initial Access"],"Windows Logon Success","3","60106"
"Sep 11, 2026 @ 16:19:50.407","Cyber-DC",["T1078"],["Defense Evasion","Persistence","Privilege Escalation","Initial Access"],"Windows Logon Success","3","60106"
"Sep 11, 2026 @ 16:19:50.407","Cyber-DC",["T1078"],["Defense Evasion","Persistence","Privilege Escalation","Initial Access"],"Windows Logon Success","3","60106"
"Sep 11, 2026 @ 16:18:51.246","Cyber-DC",["T1078"],["Defense Evasion","Persistence","Privilege Escalation","Initial Access"],"Windows Logon Success","3","60106"
"Sep 11, 2026 @ 16:18:51.246","Cyber-DC",["T1078"],["Defense Evasion","Persistence","Privilege Escalation","Initial Access"],"Windows Logon Success","3","60106"
"Sep 11, 2026 @ 16:17:51.229","Cyber-DC",["T1078"],["Defense Evasion","Persistence","Privilege Escalation","Initial Access"],"Windows Logon Success","3","60106"
"Sep 11, 2026 @ 16:17:51.229","Cyber-DC",["T1078"],["Defense Evasion","Persistence","Privilege Escalation","Initial Access"],"Windows Logon Success","3","60106"
"Sep 11, 2026 @ 16:17:01.459","sec-box",["T1078","T1110"],["Defense Evasion","Persistence","Privilege Escalation","Initial Access","Credential Access"],"Multiple authentication failures followed by a success.","12","40112"
"Sep 11, 2026 @ 16:17:01.459","sec-box",["T1078"],["Defense Evasion","Persistence","Privilege Escalation","Initial Access"],"PAM: Login session opened.","3","5501"
"Sep 11, 2026 @ 16:17:01.459","sec-box",["T1078"],["Defense Evasion","Persistence","Privilege Escalation","Initial Access"],"PAM: Login session opened.","3","5501"
"Sep 11, 2026 @ 16:17:01.459","sec-box",["T1078"],["Defense Evasion","Persistence","Privilege Escalation","Initial Access"],"PAM: Login session opened.","3","5501"
"Sep 11, 2026 @ 16:17:01.459","sec-box",["T1078","T1110"],["Defense Evasion","Persistence","Privilege Escalation","Initial Access","Credential Access"],"Multiple authentication failures followed by a success.","12","40112"
"Sep 11, 2026 @ 16:17:01.459","sec-box",["T1078"],["Defense Evasion","Persistence","Privilege Escalation","Initial Access"],"PAM: Login session opened.","3","5501"
"Sep 11, 2026 @ 16:16:51.211","Cyber-DC",["T1078"],["Defense Evasion","Persistence","Privilege Escalation","Initial Access"],"Windows Logon Success","3","60106"
"Sep 11, 2026 @ 16:16:51.211","Cyber-DC",["T1078"],["Defense Evasion","Persistence","Privilege Escalation","Initial Access"],"Windows Logon Success","3","60106"
"Sep 11, 2026 @ 16:16:25.423","sec-box",["T1110"],["Credential Access"],"Maximum authentication attempts exceeded.","8","5758"
"Sep 11, 2026 @ 16:16:25.423","sec-box",["T1110"],["Credential Access"],"Maximum authentication attempts exceeded.","8","5758"
"Sep 11, 2026 @ 16:16:25.423","sec-box",["T1110"],["Credential Access"],"Maximum authentication attempts exceeded.","8","5758"
"Sep 11, 2026 @ 16:16:25.423","sec-box",["T1110"],["Credential Access"],"Maximum authentication attempts exceeded.","8","5758"
"Sep 11, 2026 @ 16:16:25.423","sec-box",["T1110"],["Credential Access"],"Maximum authentication attempts exceeded.","8","5758"
"Sep 11, 2026 @ 16:16:25.423","sec-box",["T1110"],["Credential Access"],"Maximum authentication attempts exceeded.","8","5758"
"Sep 11, 2026 @ 16:16:25.423","sec-box",["T1110"],["Credential Access"],"syslog: User missed the password more than one time","10","2502"
"Sep 11, 2026 @ 16:16:25.423","sec-box",["T1110"],["Credential Access"],"Multiple authentication failures.","10","40111"
"Sep 11, 2026 @ 16:16:25.423","sec-box",["T1110"],["Credential Access"],"syslog: User missed the password more than one time","10","2502"
"Sep 11, 2026 @ 16:16:25.423","sec-box",["T1110"],["Credential Access"],"Maximum authentication attempts exceeded.","8","5758"
"Sep 11, 2026 @ 16:16:25.423","sec-box",["T1110"],["Credential Access"],"syslog: User missed the password more than one time","10","2502"
"Sep 11, 2026 @ 16:16:25.423","sec-box",["T1110"],["Credential Access"],"syslog: User missed the password more than one time","10","2502"
"Sep 11, 2026 @ 16:16:25.423","sec-box",["T1110"],["Credential Access"],"syslog: User missed the password more than one time","10","2502"
"Sep 11, 2026 @ 16:16:25.423","sec-box",["T1110"],["Credential Access"],"syslog: User missed the password more than one time","10","2502"
"Sep 11, 2026 @ 16:16:25.423","sec-box",["T1110"],["Credential Access"],"Maximum authentication attempts exceeded.","8","5758"
"Sep 11, 2026 @ 16:16:25.423","sec-box",["T1110"],["Credential Access"],"Multiple authentication failures.","10","40111"
"Sep 11, 2026 @ 16:16:23.419","sec-box",["T1110.001","T1021.004"],["Credential Access","Lateral Movement"],"sshd: authentication failed.","5","5760"
"Sep 11, 2026 @ 16:16:23.419","sec-box",["T1110.001","T1021.004"],["Credential Access","Lateral Movement"],"sshd: authentication failed.","5","5760"
"Sep 11, 2026 @ 16:16:23.419","sec-box",["T1110.001","T1021.004"],["Credential Access","Lateral Movement"],"sshd: authentication failed.","5","5760"
"Sep 11, 2026 @ 16:16:23.419","sec-box",["T1110.001","T1021.004"],["Credential Access","Lateral Movement"],"sshd: authentication failed.","5","5760"
"Sep 11, 2026 @ 16:16:23.419","sec-box",["T1110.001","T1021.004"],["Credential Access","Lateral Movement"],"sshd: authentication failed.","5","5760"
"Sep 11, 2026 @ 16:16:23.419","sec-box",["T1110"],["Credential Access"],"Multiple authentication failures.","10","40111"
"Sep 11, 2026 @ 16:16:23.419","sec-box",["T1110.001","T1021.004"],["Credential Access","Lateral Movement"],"sshd: authentication failed.","5","5760"
"Sep 11, 2026 @ 16:16:23.419","sec-box",["T1110.001","T1021.004"],["Credential Access","Lateral Movement"],"sshd: authentication failed.","5","5760"
"Sep 11, 2026 @ 16:16:23.419","sec-box",["T1110"],["Credential Access"],"Maximum authentication attempts exceeded.","8","5758"
"Sep 11, 2026 @ 16:16:23.419","sec-box",["T1110.001","T1021.004"],["Credential Access","Lateral Movement"],"sshd: authentication failed.","5","5760"
"Sep 11, 2026 @ 16:16:23.419","sec-box",["T1110.001","T1021.004"],["Credential Access","Lateral Movement"],"sshd: authentication failed.","5","5760"
"Sep 11, 2026 @ 16:16:23.419","sec-box",["T1110"],["Credential Access"],"Multiple authentication failures.","10","40111"
"Sep 11, 2026 @ 16:16:23.419","sec-box",["T1110.001","T1021.004"],["Credential Access","Lateral Movement"],"sshd: authentication failed.","5","5760"
"Sep 11, 2026 @ 16:16:23.419","sec-box",["T1110"],["Credential Access"],"Maximum authentication attempts exceeded.","8","5758"
"Sep 11, 2026 @ 16:16:21.416","sec-box",["T1110.001","T1021.004"],["Credential Access","Lateral Movement"],"sshd: authentication failed.","5","5760"
"Sep 11, 2026 @ 16:16:21.416","sec-box",["T1110.001","T1021.004"],["Credential Access","Lateral Movement"],"sshd: authentication failed.","5","5760"
"Sep 11, 2026 @ 16:16:19.413","sec-box",["T1110.001","T1021.004"],["Credential Access","Lateral Movement"],"sshd: authentication failed.","5","5760"
"Sep 11, 2026 @ 16:16:19.413","sec-box",["T1110.001","T1021.004"],["Credential Access","Lateral Movement"],"sshd: authentication failed.","5","5760"
"Sep 11, 2026 @ 16:16:19.413","sec-box",["T1110.001","T1021.004"],["Credential Access","Lateral Movement"],"sshd: authentication failed.","5","5760"
"Sep 11, 2026 @ 16:16:19.413","sec-box",["T1110.001","T1021.004"],["Credential Access","Lateral Movement"],"sshd: authentication failed.","5","5760"
"Sep 11, 2026 @ 16:16:19.413","sec-box",["T1110.001","T1021.004"],["Credential Access","Lateral Movement"],"sshd: authentication failed.","5","5760"
"Sep 11, 2026 @ 16:16:19.413","sec-box",["T1110.001","T1021.004"],["Credential Access","Lateral Movement"],"sshd: authentication failed.","5","5760"
"Sep 11, 2026 @ 16:16:19.413","sec-box",["T1110.001","T1021.004"],["Credential Access","Lateral Movement"],"sshd: authentication failed.","5","5760"
"Sep 11, 2026 @ 16:16:19.413","sec-box",["T1110.001","T1021.004"],["Credential Access","Lateral Movement"],"sshd: authentication failed.","5","5760"
"Sep 11, 2026 @ 16:16:17.409","sec-box",["T1110.001","T1021.004"],["Credential Access","Lateral Movement"],"sshd: authentication failed.","5","5760"
"Sep 11, 2026 @ 16:16:17.409","sec-box",["T1110.001","T1021.004"],["Credential Access","Lateral Movement"],"sshd: authentication failed.","5","5760"
"Sep 11, 2026 @ 16:16:15.406","sec-box",["T1110.001","T1021.004"],["Credential Access","Lateral Movement"],"sshd: authentication failed.","5","5760"
"Sep 11, 2026 @ 16:16:15.406","sec-box",["T1110.001","T1021.004"],["Credential Access","Lateral Movement"],"sshd: authentication failed.","5","5760"
"Sep 11, 2026 @ 16:16:15.406","sec-box",["T1110.001","T1021.004"],["Credential Access","Lateral Movement"],"sshd: authentication failed.","5","5760"
"Sep 11, 2026 @ 16:16:15.406","sec-box",["T1110.001","T1021.004"],["Credential Access","Lateral Movement"],"sshd: authentication failed.","5","5760"
"Sep 11, 2026 @ 16:16:15.406","sec-box",["T1110.001","T1021.004"],["Credential Access","Lateral Movement"],"sshd: authentication failed.","5","5760"
"Sep 11, 2026 @ 16:16:15.406","sec-box",["T1110.001","T1021.004"],["Credential Access","Lateral Movement"],"sshd: authentication failed.","5","5760"
"Sep 11, 2026 @ 16:16:15.406","sec-box",["T1110.001","T1021.004"],["Credential Access","Lateral Movement"],"sshd: authentication failed.","5","5760"
"Sep 11, 2026 @ 16:16:15.406","sec-box",["T1110.001","T1021.004"],["Credential Access","Lateral Movement"],"sshd: authentication failed.","5","5760"
"Sep 11, 2026 @ 16:16:13.402","sec-box",["T1110"],["Credential Access"],"syslog: User missed the password more than one time","10","2502"
"Sep 11, 2026 @ 16:16:13.402","sec-box",["T1110.001","T1021.004"],["Credential Access","Lateral Movement"],"sshd: authentication failed.","5","5760"
"Sep 11, 2026 @ 16:16:13.402","sec-box",["T1110.001","T1021.004"],["Credential Access","Lateral Movement"],"sshd: authentication failed.","5","5760"
"Sep 11, 2026 @ 16:16:13.402","sec-box",["T1110.001","T1021.004"],["Credential Access","Lateral Movement"],"sshd: authentication failed.","5","5760"
"Sep 11, 2026 @ 16:16:13.402","sec-box",["T1110.001","T1021.004"],["Credential Access","Lateral Movement"],"sshd: authentication failed.","5","5760"
"Sep 11, 2026 @ 16:16:13.402","sec-box",["T1110.001","T1021.004"],["Credential Access","Lateral Movement"],"sshd: authentication failed.","5","5760"
"Sep 11, 2026 @ 16:16:13.402","sec-box",["T1110.001","T1021.004"],["Credential Access","Lateral Movement"],"sshd: authentication failed.","5","5760"
"Sep 11, 2026 @ 16:16:13.402","sec-box",["T1110"],["Credential Access"],"Maximum authentication attempts exceeded.","8","5758"
"Sep 11, 2026 @ 16:16:13.402","sec-box",["T1110.001","T1021.004"],["Credential Access","Lateral Movement"],"sshd: authentication failed.","5","5760"
"Sep 11, 2026 @ 16:16:13.402","sec-box",["T1110"],["Credential Access"],"Maximum authentication attempts exceeded.","8","5758"
"Sep 11, 2026 @ 16:16:13.402","sec-box",["T1110.001","T1021.004"],["Credential Access","Lateral Movement"],"sshd: authentication failed.","5","5760"
"Sep 11, 2026 @ 16:16:13.402","sec-box",["T1110"],["Credential Access"],"syslog: User missed the password more than one time","10","2502"
"Sep 11, 2026 @ 16:16:13.402","sec-box",["T1110.001","T1021.004"],["Credential Access","Lateral Movement"],"sshd: authentication failed.","5","5760"
"Sep 11, 2026 @ 16:16:13.402","sec-box",["T1110.001","T1021.004"],["Credential Access","Lateral Movement"],"sshd: authentication failed.","5","5760"
"Sep 11, 2026 @ 16:16:11.399","sec-box",["T1110.001","T1021.004"],["Credential Access","Lateral Movement"],"sshd: authentication failed.","5","5760"
"Sep 11, 2026 @ 16:16:11.399","sec-box",["T1110.001","T1021.004"],["Credential Access","Lateral Movement"],"sshd: authentication failed.","5","5760"
"Sep 11, 2026 @ 16:16:11.399","sec-box",["T1110.001","T1021.004"],["Credential Access","Lateral Movement"],"sshd: authentication failed.","5","5760"
"Sep 11, 2026 @ 16:16:11.399","sec-box",["T1110.001","T1021.004"],["Credential Access","Lateral Movement"],"sshd: authentication failed.","5","5760"
"Sep 11, 2026 @ 16:16:11.399","sec-box",["T1110.001","T1021.004"],["Credential Access","Lateral Movement"],"sshd: authentication failed.","5","5760"
"Sep 11, 2026 @ 16:16:11.399","sec-box",["T1110.001","T1021.004"],["Credential Access","Lateral Movement"],"sshd: authentication failed.","5","5760"
"Sep 11, 2026 @ 16:16:11.399","sec-box",["T1110.001","T1021.004"],["Credential Access","Lateral Movement"],"sshd: authentication failed.","5","5760"
"Sep 11, 2026 @ 16:16:11.399","sec-box",["T1110.001","T1021.004"],["Credential Access","Lateral Movement"],"sshd: authentication failed.","5","5760"
"Sep 11, 2026 @ 16:16:11.399","sec-box",["T1110.001","T1021.004"],["Credential Access","Lateral Movement"],"sshd: authentication failed.","5","5760"
"Sep 11, 2026 @ 16:16:11.399","sec-box",["T1110.001","T1021.004"],["Credential Access","Lateral Movement"],"sshd: authentication failed.","5","5760"
"Sep 11, 2026 @ 16:16:09.396","sec-box",["T1110"],["Credential Access"],"Maximum authentication attempts exceeded.","8","5758"
"Sep 11, 2026 @ 16:16:09.396","sec-box",["T1110"],["Credential Access"],"Maximum authentication attempts exceeded.","8","5758"
"Sep 11, 2026 @ 16:16:09.396","sec-box",["T1110"],["Credential Access"],"syslog: User missed the password more than one time","10","2502"
"Sep 11, 2026 @ 16:16:09.396","sec-box",["T1110"],["Credential Access"],"Maximum authentication attempts exceeded.","8","5758"
"Sep 11, 2026 @ 16:16:09.396","sec-box",["T1110"],["Credential Access"],"syslog: User missed the password more than one time","10","2502"
"Sep 11, 2026 @ 16:16:09.396","sec-box",["T1110"],["Credential Access"],"syslog: User missed the password more than one time","10","2502"
"Sep 11, 2026 @ 16:16:09.396","sec-box",["T1110"],["Credential Access"],"Maximum authentication attempts exceeded.","8","5758"
"Sep 11, 2026 @ 16:16:09.396","sec-box",["T1110"],["Credential Access"],"syslog: User missed the password more than one time","10","2502"
"Sep 11, 2026 @ 16:16:09.396","sec-box",["T1110"],["Credential Access"],"syslog: User missed the password more than one time","10","2502"
"Sep 11, 2026 @ 16:16:09.396","sec-box",["T1110"],["Credential Access"],"Multiple authentication failures.","10","40111"
"Sep 11, 2026 @ 16:16:09.396","sec-box",["T1110"],["Credential Access"],"syslog: User missed the password more than one time","10","2502"
"Sep 11, 2026 @ 16:16:09.396","sec-box",["T1110"],["Credential Access"],"Maximum authentication attempts exceeded.","8","5758"
"Sep 11, 2026 @ 16:16:09.396","sec-box",["T1110"],["Credential Access"],"Maximum authentication attempts exceeded.","8","5758"
"Sep 11, 2026 @ 16:16:09.396","sec-box",["T1110"],["Credential Access"],"Maximum authentication attempts exceeded.","8","5758"
"Sep 11, 2026 @ 16:16:09.396","sec-box",["T1110"],["Credential Access"],"Maximum authentication attempts exceeded.","8","5758"
"Sep 11, 2026 @ 16:16:09.396","sec-box",["T1110"],["Credential Access"],"Maximum authentication attempts exceeded.","8","5758"
"Sep 11, 2026 @ 16:16:09.396","sec-box",["T1110"],["Credential Access"],"Maximum authentication attempts exceeded.","8","5758"
"Sep 11, 2026 @ 16:16:09.396","sec-box",["T1110"],["Credential Access"],"syslog: User missed the password more than one time","10","2502"
"Sep 11, 2026 @ 16:16:09.396","sec-box",["T1110"],["Credential Access"],"Multiple authentication failures.","10","40111"
"Sep 11, 2026 @ 16:16:09.396","sec-box",["T1110"],["Credential Access"],"syslog: User missed the password more than one time","10","2502"
"Sep 11, 2026 @ 16:16:09.395","sec-box",["T1110.001","T1021.004"],["Credential Access","Lateral Movement"],"sshd: authentication failed.","5","5760"
"Sep 11, 2026 @ 16:16:09.395","sec-box",["T1110.001","T1021.004"],["Credential Access","Lateral Movement"],"sshd: authentication failed.","5","5760"
"Sep 11, 2026 @ 16:16:09.395","sec-box",["T1110.001","T1021.004"],["Credential Access","Lateral Movement"],"sshd: authentication failed.","5","5760"
"Sep 11, 2026 @ 16:16:09.395","sec-box",["T1110.001","T1021.004"],["Credential Access","Lateral Movement"],"sshd: authentication failed.","5","5760"
"Sep 11, 2026 @ 16:16:09.395","sec-box",["T1110"],["Credential Access"],"Maximum authentication attempts exceeded.","8","5758"
"Sep 11, 2026 @ 16:16:09.395","sec-box",["T1110.001","T1021.004"],["Credential Access","Lateral Movement"],"sshd: authentication failed.","5","5760"
"Sep 11, 2026 @ 16:16:09.395","sec-box",["T1110.001","T1021.004"],["Credential Access","Lateral Movement"],"sshd: authentication failed.","5","5760"
"Sep 11, 2026 @ 16:16:09.395","sec-box",["T1110.001","T1021.004"],["Credential Access","Lateral Movement"],"sshd: authentication failed.","5","5760"
"Sep 11, 2026 @ 16:16:09.395","sec-box",["T1110"],["Credential Access"],"Maximum authentication attempts exceeded.","8","5758"
"Sep 11, 2026 @ 16:16:09.395","sec-box",["T1110"],["Credential Access"],"Multiple authentication failures.","10","40111"
"Sep 11, 2026 @ 16:16:09.395","sec-box",["T1110.001","T1021.004"],["Credential Access","Lateral Movement"],"sshd: authentication failed.","5","5760"
"Sep 11, 2026 @ 16:16:09.395","sec-box",["T1110.001","T1021.004"],["Credential Access","Lateral Movement"],"sshd: authentication failed.","5","5760"
"Sep 11, 2026 @ 16:16:09.395","sec-box",["T1110.001","T1021.004"],["Credential Access","Lateral Movement"],"sshd: authentication failed.","5","5760"
"Sep 11, 2026 @ 16:16:09.395","sec-box",["T1110.001","T1021.004"],["Credential Access","Lateral Movement"],"sshd: authentication failed.","5","5760"
"Sep 11, 2026 @ 16:16:09.395","sec-box",["T1110"],["Credential Access"],"Maximum authentication attempts exceeded.","8","5758"
"Sep 11, 2026 @ 16:16:09.395","sec-box",["T1110.001","T1021.004"],["Credential Access","Lateral Movement"],"sshd: authentication failed.","5","5760"
"Sep 11, 2026 @ 16:16:09.395","sec-box",["T1110.001","T1021.004"],["Credential Access","Lateral Movement"],"sshd: authentication failed.","5","5760"
"Sep 11, 2026 @ 16:16:09.395","sec-box",["T1110"],["Credential Access"],"Maximum authentication attempts exceeded.","8","5758"
"Sep 11, 2026 @ 16:16:09.395","sec-box",["T1110"],["Credential Access"],"syslog: User missed the password more than one time","10","2502"
"Sep 11, 2026 @ 16:16:09.395","sec-box",["T1110"],["Credential Access"],"syslog: User missed the password more than one time","10","2502"
"Sep 11, 2026 @ 16:16:09.395","sec-box",["T1110.001","T1021.004"],["Credential Access","Lateral Movement"],"sshd: authentication failed.","5","5760"
"Sep 11, 2026 @ 16:16:09.395","sec-box",["T1110.001","T1021.004"],["Credential Access","Lateral Movement"],"sshd: authentication failed.","5","5760"
"Sep 11, 2026 @ 16:16:09.395","sec-box",["T1110.001","T1021.004"],["Credential Access","Lateral Movement"],"sshd: authentication failed.","5","5760"
"Sep 11, 2026 @ 16:16:09.395","sec-box",["T1110.001","T1021.004"],["Credential Access","Lateral Movement"],"sshd: authentication failed.","5","5760"
"Sep 11, 2026 @ 16:16:09.395","sec-box",["T1110"],["Credential Access"],"Maximum authentication attempts exceeded.","8","5758"
"Sep 11, 2026 @ 16:16:09.395","sec-box",["T1110"],["Credential Access"],"syslog: User missed the password more than one time","10","2502"
"Sep 11, 2026 @ 16:16:09.395","sec-box",["T1110"],["Credential Access"],"Multiple authentication failures.","10","40111"
"Sep 11, 2026 @ 16:16:09.395","sec-box",["T1110"],["Credential Access"],"syslog: User missed the password more than one time","10","2502"
"Sep 11, 2026 @ 16:16:09.395","sec-box",["T1110.001","T1021.004"],["Credential Access","Lateral Movement"],"sshd: authentication failed.","5","5760"
"Sep 11, 2026 @ 16:16:09.395","sec-box",["T1110.001","T1021.004"],["Credential Access","Lateral Movement"],"sshd: authentication failed.","5","5760"
"Sep 11, 2026 @ 16:16:09.395","sec-box",["T1110.001","T1021.004"],["Credential Access","Lateral Movement"],"sshd: authentication failed.","5","5760"
"Sep 11, 2026 @ 16:16:09.395","sec-box",["T1110.001","T1021.004"],["Credential Access","Lateral Movement"],"sshd: authentication failed.","5","5760"
"Sep 11, 2026 @ 16:16:09.395","sec-box",["T1110.001","T1021.004"],["Credential Access","Lateral Movement"],"sshd: authentication failed.","5","5760"
"Sep 11, 2026 @ 16:16:09.395","sec-box",["T1110.001","T1021.004"],["Credential Access","Lateral Movement"],"sshd: authentication failed.","5","5760"
"Sep 11, 2026 @ 16:16:09.395","sec-box",["T1110.001","T1021.004"],["Credential Access","Lateral Movement"],"sshd: authentication failed.","5","5760"
"Sep 11, 2026 @ 16:16:09.395","sec-box",["T1110.001","T1021.004"],["Credential Access","Lateral Movement"],"sshd: authentication failed.","5","5760"
"Sep 11, 2026 @ 16:16:09.395","sec-box",["T1110"],["Credential Access"],"Maximum authentication attempts exceeded.","8","5758"
"Sep 11, 2026 @ 16:16:09.395","sec-box",["T1110.001","T1021.004"],["Credential Access","Lateral Movement"],"sshd: authentication failed.","5","5760"
"Sep 11, 2026 @ 16:16:07.393","sec-box",["T1110.001"],["Credential Access"],"PAM: User login failed.","5","5503"
"Sep 11, 2026 @ 16:16:07.393","sec-box",["T1110.001"],["Credential Access"],"PAM: User login failed.","5","5503"
"Sep 11, 2026 @ 16:16:07.393","sec-box",["T1110.001","T1021.004"],["Credential Access","Lateral Movement"],"sshd: authentication failed.","5","5760"
"Sep 11, 2026 @ 16:16:07.393","sec-box",["T1110.001","T1021.004"],["Credential Access","Lateral Movement"],"sshd: authentication failed.","5","5760"
"Sep 11, 2026 @ 16:16:07.393","sec-box",["T1110.001","T1021.004"],["Credential Access","Lateral Movement"],"sshd: authentication failed.","5","5760"
"Sep 11, 2026 @ 16:16:07.393","sec-box",["T1110.001","T1021.004"],["Credential Access","Lateral Movement"],"sshd: authentication failed.","5","5760"
"Sep 11, 2026 @ 16:16:07.393","sec-box",["T1110.001"],["Credential Access"],"PAM: User login failed.","5","5503"
"Sep 11, 2026 @ 16:16:07.393","sec-box",["T1110.001","T1021.004"],["Credential Access","Lateral Movement"],"sshd: authentication failed.","5","5760"
"Sep 11, 2026 @ 16:16:07.393","sec-box",["T1110.001","T1021.004"],["Credential Access","Lateral Movement"],"sshd: authentication failed.","5","5760"
"Sep 11, 2026 @ 16:16:07.393","sec-box",["T1110.001","T1021.004"],["Credential Access","Lateral Movement"],"sshd: authentication failed.","5","5760"
"Sep 11, 2026 @ 16:16:07.393","sec-box",["T1110.001","T1021.004"],["Credential Access","Lateral Movement"],"sshd: authentication failed.","5","5760"
"Sep 11, 2026 @ 16:16:07.393","sec-box",["T1110.001","T1021.004"],["Credential Access","Lateral Movement"],"sshd: authentication failed.","5","5760"
"Sep 11, 2026 @ 16:16:07.393","sec-box",["T1110.001","T1021.004"],["Credential Access","Lateral Movement"],"sshd: authentication failed.","5","5760"
"Sep 11, 2026 @ 16:16:07.393","sec-box",["T1110.001","T1021.004"],["Credential Access","Lateral Movement"],"sshd: authentication failed.","5","5760"
"Sep 11, 2026 @ 16:16:07.393","sec-box",["T1110.001","T1021.004"],["Credential Access","Lateral Movement"],"sshd: authentication failed.","5","5760"
"Sep 11, 2026 @ 16:16:07.393","sec-box",["T1110.001","T1021.004"],["Credential Access","Lateral Movement"],"sshd: authentication failed.","5","5760"
"Sep 11, 2026 @ 16:16:07.393","sec-box",["T1110.001"],["Credential Access"],"PAM: User login failed.","5","5503"
"Sep 11, 2026 @ 16:16:07.393","sec-box",["T1110.001"],["Credential Access"],"PAM: User login failed.","5","5503"
"Sep 11, 2026 @ 16:16:07.393","sec-box",["T1110.001","T1021.004"],["Credential Access","Lateral Movement"],"sshd: authentication failed.","5","5760"
"Sep 11, 2026 @ 16:16:07.393","sec-box",["T1110.001","T1021.004"],["Credential Access","Lateral Movement"],"sshd: authentication failed.","5","5760"
"Sep 11, 2026 @ 16:16:07.393","sec-box",["T1110.001"],["Credential Access"],"PAM: User login failed.","5","5503"
"Sep 11, 2026 @ 16:16:07.393","sec-box",["T1110.001"],["Credential Access"],"PAM: User login failed.","5","5503"
"Sep 11, 2026 @ 16:16:07.393","sec-box",["T1110.001","T1021.004"],["Credential Access","Lateral Movement"],"sshd: authentication failed.","5","5760"
"Sep 11, 2026 @ 16:16:07.393","sec-box",["T1110.001","T1021.004"],["Credential Access","Lateral Movement"],"sshd: authentication failed.","5","5760"
"Sep 11, 2026 @ 16:16:07.393","sec-box",["T1110.001"],["Credential Access"],"PAM: User login failed.","5","5503"
"Sep 11, 2026 @ 16:16:07.393","sec-box",["T1110.001","T1021.004"],["Credential Access","Lateral Movement"],"sshd: authentication failed.","5","5760"
"Sep 11, 2026 @ 16:16:05.389","sec-box",["T1110.001","T1021.004"],["Credential Access","Lateral Movement"],"sshd: authentication failed.","5","5760"
"Sep 11, 2026 @ 16:16:05.389","sec-box",["T1110.001","T1021.004"],["Credential Access","Lateral Movement"],"sshd: authentication failed.","5","5760"
"Sep 11, 2026 @ 16:16:05.389","sec-box",["T1110.001","T1021.004"],["Credential Access","Lateral Movement"],"sshd: authentication failed.","5","5760"
"Sep 11, 2026 @ 16:16:05.389","sec-box",["T1110.001","T1021.004"],["Credential Access","Lateral Movement"],"sshd: authentication failed.","5","5760"
"Sep 11, 2026 @ 16:16:05.389","sec-box",["T1110.001","T1021.004"],["Credential Access","Lateral Movement"],"sshd: authentication failed.","5","5760"
"Sep 11, 2026 @ 16:16:05.389","sec-box",["T1110.001","T1021.004"],["Credential Access","Lateral Movement"],"sshd: authentication failed.","5","5760"
"Sep 11, 2026 @ 16:16:05.389","sec-box",["T1110.001","T1021.004"],["Credential Access","Lateral Movement"],"sshd: authentication failed.","5","5760"
"Sep 11, 2026 @ 16:16:05.389","sec-box",["T1110.001","T1021.004"],["Credential Access","Lateral Movement"],"sshd: authentication failed.","5","5760"
"Sep 11, 2026 @ 16:16:05.389","sec-box",["T1110.001","T1021.004"],["Credential Access","Lateral Movement"],"sshd: authentication failed.","5","5760"
"Sep 11, 2026 @ 16:16:05.389","sec-box",["T1110.001","T1021.004"],["Credential Access","Lateral Movement"],"sshd: authentication failed.","5","5760"
"Sep 11, 2026 @ 16:16:05.389","sec-box",["T1110.001","T1021.004"],["Credential Access","Lateral Movement"],"sshd: authentication failed.","5","5760"
"Sep 11, 2026 @ 16:16:05.389","sec-box",["T1110.001","T1021.004"],["Credential Access","Lateral Movement"],"sshd: authentication failed.","5","5760"
"Sep 11, 2026 @ 16:16:05.389","sec-box",["T1110.001","T1021.004"],["Credential Access","Lateral Movement"],"sshd: authentication failed.","5","5760"
"Sep 11, 2026 @ 16:16:05.389","sec-box",["T1110.001","T1021.004"],["Credential Access","Lateral Movement"],"sshd: authentication failed.","5","5760"
"Sep 11, 2026 @ 16:16:03.387","sec-box",["T1110.001"],["Credential Access"],"PAM: User login failed.","5","5503"
"Sep 11, 2026 @ 16:16:03.387","sec-box",["T1110.001","T1021.004"],["Credential Access","Lateral Movement"],"sshd: authentication failed.","5","5760"
"Sep 11, 2026 @ 16:16:03.387","sec-box",["T1110.001","T1021.004"],["Credential Access","Lateral Movement"],"sshd: authentication failed.","5","5760"
"Sep 11, 2026 @ 16:16:03.387","sec-box",["T1110.001","T1021.004"],["Credential Access","Lateral Movement"],"sshd: authentication failed.","5","5760"
"Sep 11, 2026 @ 16:16:03.387","sec-box",["T1110.001","T1021.004"],["Credential Access","Lateral Movement"],"sshd: authentication failed.","5","5760"